obtuvo_credito,numero_parcelas,superficie_total_ha,porcentaje_produccion_venta,anios_actividad,edad,participa_toma_decisiones,pertenece_asociacion,usa_maquinaria,usa_semilla_certificada,tiene_certificacion_calidad,tiene_seguro_agropecuario,recibio_asistencia_tecnica,nivel_educacion,sexo,departamento,region_natural,tipo_riego_predominante,principal_destino_produccion,principal_canal_venta,tipo_riego_predominante_str
true,1,112,0,7,26,false,false,false,false,false,false,false,Secundaria completa,Hombre,AMAZONAS,Selva,Secano,Otro,Sin ventas,Secano
true,2,4.4,99.18,40,48,false,false,true,false,false,false,false,Secundaria completa,Hombre,AMAZONAS,Selva,No especificado,Venta,Comerciante mayorista,No especificado
true,6,13.1,100,15,38,false,false,true,true,false,false,false,Secundaria completa,Hombre,ANCASH,Costa,Gravedad,Venta,Comerciante mayorista,Gravedad
true,4,16.8,98.86,30,51,false,false,false,false,false,false,false,Secundaria completa,Hombre,ANCASH,Sierra,Gravedad,Venta,Acopiador,Gravedad
true,4,4.17,88.01,15,40,false,false,true,false,false,false,false,Primaria incompleta,Hombre,APURIMAC,Sierra,Aspersion,Venta,Acopiador,Aspersion
true,10,4.06,78.86,25,44,false,false,true,false,false,false,false,Secundaria incompleta,Hombre,APURIMAC,Sierra,Gravedad,Venta,Consumidor final,Gravedad
true,11,1.93,5.65,25,52,false,false,false,false,false,false,false,Primaria incompleta,Mujer,APURIMAC,Sierra,Aspersion,Autoconsumo,Consumidor final,Aspersion
true,4,0.77,80,30,54,false,false,false,false,false,false,false,Primaria incompleta,Hombre,APURIMAC,Sierra,Otro,Venta,Consumidor final,Otro
true,4,3.8,40.43,19,39,false,false,false,false,false,false,false,Superior no universitaria completa,Hombre,APURIMAC,Sierra,Goteo,Autoconsumo,Consumidor final,Goteo
true,1,0.8,0,3,26,false,false,false,false,false,false,false,Secundaria incompleta,Mujer,AREQUIPA,Sierra,No especificado,Otro,Sin ventas,No especificado
true,3,5.61,100,30,72,false,false,true,false,false,false,false,Secundaria incompleta,Hombre,AREQUIPA,Costa,Gravedad,Venta,Comerciante mayorista,Gravedad
true,2,1.32,100,2,35,false,false,true,true,false,false,false,Secundaria completa,Hombre,AREQUIPA,Costa,Gravedad,Venta,Acopiador,Gravedad
true,1,5.5,99.33,20,50,false,false,true,false,false,false,false,Secundaria completa,Hombre,AREQUIPA,Costa,Goteo,Venta,Comerciante mayorista,Goteo
true,1,5.5,100,20,58,false,false,false,false,false,false,false,Secundaria completa,Hombre,AREQUIPA,Costa,Goteo,Venta,Consumidor final,Goteo
true,5,25,100,6,35,false,false,false,false,false,false,true,Secundaria completa,Hombre,AREQUIPA,Costa,Goteo,Venta,Comerciante mayorista,Goteo
true,2,21,100,12,44,false,false,false,false,false,false,false,Secundaria completa,Hombre,AREQUIPA,Costa,Gravedad,Venta,Acopiador,Gravedad
true,7,4.07,95.35,40,68,false,true,true,false,false,false,true,Secundaria completa,Hombre,AYACUCHO,Sierra,Gravedad,Venta,Acopiador,Gravedad
true,5,4.64,90.76,15,48,false,false,true,false,false,false,false,Superior universitaria completa,Mujer,AYACUCHO,Sierra,Gravedad,Venta,Comerciante mayorista,Gravedad
true,5,15,93.14,15,36,false,true,true,false,false,false,false,Secundaria completa,Hombre,AYACUCHO,Sierra,Aspersion,Venta,Comerciante mayorista,Aspersion
false,1,5,99.67,12,33,false,false,true,false,false,false,false,Secundaria completa,Hombre,CAJAMARCA,Selva,Gravedad,Venta,Acopiador,Gravedad
true,2,2.6,50.82,20,42,false,false,true,false,false,false,false,Secundaria incompleta,Hombre,CAJAMARCA,Selva,Secano,Venta,Comerciante mayorista,Secano
false,2,90,0,25,49,false,true,false,false,false,false,false,Primaria completa,Hombre,CAJAMARCA,Selva,Secano,Otro,Sin ventas,Secano
true,1,2.5,47.06,40,75,false,false,true,false,false,false,false,Primaria incompleta,Hombre,CAJAMARCA,Sierra,Secano,Venta,Acopiador,Secano
true,2,0.85,83.48,20,41,false,false,true,false,false,false,false,Secundaria completa,Hombre,CAJAMARCA,Selva,Secano,Venta,Comerciante minorista,Secano
false,1,6,91.05,23,42,false,false,true,false,false,false,false,Secundaria completa,Hombre,CAJAMARCA,Costa,Gravedad,Venta,Comerciante mayorista,Gravedad
true,7,1.49,15,20,45,false,false,true,false,false,false,false,Secundaria completa,Hombre,CUSCO,Sierra,Secano,Autoconsumo,Acopiador,Secano
true,5,1.56,80.83,12,34,false,false,true,false,false,false,false,Superior universitaria incompleta,Hombre,CUSCO,Sierra,Gravedad,Venta,Consumidor final,Gravedad
true,9,0.68,30.77,34,50,false,false,false,false,false,false,false,Primaria incompleta,Mujer,CUSCO,Sierra,Aspersion,Autoconsumo,Consumidor final,Aspersion
true,18,4.26,0,42,62,false,false,true,false,false,false,false,Superior universitaria incompleta,Hombre,CUSCO,Sierra,Gravedad,Otro,Sin ventas,Gravedad
true,10,8.09,35.09,39,62,false,false,true,false,false,false,false,Primaria incompleta,Hombre,CUSCO,Sierra,Secano,Autoconsumo,Comerciante minorista,Secano
true,8,2.34,12.25,30,53,false,false,false,false,false,true,false,Secundaria incompleta,Hombre,HUANCAVELICA,Sierra,Secano,Autoconsumo,Acopiador,Secano
true,3,23.5,99.14,14,41,false,false,false,false,false,false,false,Superior no universitaria completa,Hombre,HUANUCO,Selva,Secano,Venta,Comerciante mayorista,Secano
true,1,2.45,98.53,30,45,false,false,true,false,false,false,false,Secundaria incompleta,Hombre,HUANUCO,Selva,Secano,Venta,Acopiador,Secano
false,2,7.25,0,20,45,false,false,true,false,false,false,false,Primaria incompleta,Hombre,HUANUCO,Sierra,Gravedad,Autoconsumo,Sin ventas,Gravedad
false,3,1.99,83.18,24,43,false,false,true,false,false,false,false,Primaria completa,Hombre,HUANUCO,Sierra,Gravedad,Venta,Acopiador,Gravedad
true,4,4.41,88.29,18,46,false,false,true,false,false,false,false,Primaria incompleta,Hombre,HUANUCO,Sierra,Gravedad,Venta,Acopiador,Gravedad
true,3,7.74,100,11,49,false,false,true,false,false,false,false,Secundaria completa,Hombre,ICA,Costa,Gravedad,Venta,Acopiador,Gravedad
true,2,12.25,99.68,33,53,false,false,true,false,false,false,true,Secundaria completa,Mujer,JUNIN,Sierra,Secano,Venta,Acopiador,Secano
true,2,65,86.7,28,61,false,true,true,false,false,false,true,Secundaria completa,Mujer,JUNIN,Selva,Gravedad,Venta,Comerciante minorista,Gravedad
true,4,16,98.92,23,62,false,false,true,false,false,false,false,Secundaria completa,Hombre,JUNIN,Selva,Secano,Venta,Comerciante mayorista,Secano
true,8,1.15,83.22,12,36,false,false,false,false,false,false,false,Secundaria completa,Hombre,JUNIN,Sierra,Secano,Venta,Comerciante minorista,Secano
true,9,1.36,92.96,21,42,false,false,true,false,false,false,false,Secundaria completa,Hombre,JUNIN,Sierra,Aspersion,Venta,Comerciante minorista,Aspersion
true,3,13.6,100,25,53,false,false,true,false,false,false,false,Primaria incompleta,Hombre,JUNIN,Selva,Secano,Venta,Acopiador,Secano
true,2,3.5,95.7,2,30,false,false,false,false,false,false,false,Secundaria incompleta,Hombre,JUNIN,Selva,Secano,Venta,Comerciante minorista,Secano
true,1,15,100,50,65,false,false,false,false,false,false,false,Primaria completa,Mujer,JUNIN,Selva,Secano,Venta,Acopiador,Secano
true,4,12.61,100,14,40,false,true,true,false,false,false,false,Primaria incompleta,Mujer,LA LIBERTAD,Costa,Gravedad,Venta,Comerciante minorista,Gravedad
true,3,12.74,97.91,20,43,false,false,true,false,false,false,false,Secundaria completa,Hombre,LA LIBERTAD,Costa,Gravedad,Venta,Acopiador,Gravedad
true,1,2.5,7.42,25,51,false,false,true,false,false,false,false,Secundaria incompleta,Hombre,LA LIBERTAD,Costa,Gravedad,Autoconsumo,Comerciante mayorista,Gravedad
true,1,9,95.02,50,71,false,false,true,false,false,false,false,Secundaria completa,Mujer,LAMBAYEQUE,Costa,Gravedad,Venta,Comerciante minorista,Gravedad
true,1,11,100,30,58,false,false,true,false,false,false,false,Superior universitaria completa,Hombre,LIMA,Costa,Goteo,Venta,Comerciante mayorista,Goteo
true,10,1.41,78.95,23,41,false,false,true,false,false,false,false,Superior no universitaria completa,Mujer,MOQUEGUA,Sierra,Gravedad,Venta,Acopiador,Gravedad
true,1,364.6,0,15,39,false,false,true,false,false,false,false,Superior universitaria completa,Hombre,PASCO,Selva,No especificado,Autoconsumo,Sin ventas,No especificado
true,4,8.5,0,13,30,false,true,true,false,false,false,false,Superior universitaria completa,Hombre,PASCO,Sierra,Secano,Otro,Sin ventas,Secano
true,2,12,0,6,45,false,false,false,false,false,false,true,Superior no universitaria completa,Hombre,PIURA,Costa,Secano,Otro,Sin ventas,Secano
true,1,12,100,40,83,false,false,true,false,false,true,false,Primaria incompleta,Hombre,PIURA,Costa,Gravedad,Venta,Acopiador,Gravedad
true,2,13,66.86,38,60,false,false,true,false,false,false,false,Primaria incompleta,Hombre,PIURA,Sierra,No especificado,Venta,Comerciante minorista,No especificado
true,1,0.5,87.84,5,66,false,false,true,false,false,false,false,Primaria incompleta,Hombre,PIURA,Costa,Gravedad,Venta,Comerciante minorista,Gravedad
true,2,4,87.18,22,69,false,false,false,false,false,false,false,Primaria incompleta,Hombre,PIURA,Costa,Gravedad,Venta,Acopiador,Gravedad
true,4,9.9,4.35,35,60,false,false,true,false,false,false,false,Primaria completa,Mujer,PUNO,Sierra,Secano,Autoconsumo,Consumidor final,Secano
true,4,12.5,60,30,50,false,false,true,false,false,false,false,Secundaria completa,Hombre,PUNO,Sierra,Secano,Venta,Comerciante minorista,Secano
true,1,3.5,89.71,37,55,false,false,true,false,false,false,false,Primaria completa,Hombre,SAN MARTIN,Selva,Secano,Venta,Comerciante minorista,Secano
true,1,1.6,0,15,51,false,false,true,false,false,false,false,Superior universitaria completa,Hombre,SAN MARTIN,Selva,Secano,Autoconsumo,Sin ventas,Secano
true,1,2.3,75,35,53,false,false,false,false,false,false,false,Primaria incompleta,Hombre,SAN MARTIN,Selva,Secano,Venta,Acopiador,Secano
true,1,23,100,33,60,false,false,false,true,false,false,false,Primaria completa,Hombre,SAN MARTIN,Selva,Secano,Venta,Acopiador,Secano
true,2,14.94,60.61,35,57,false,true,true,false,false,false,false,Secundaria completa,Hombre,SAN MARTIN,Selva,Secano,Venta,Acopiador,Secano
true,3,9.5,91.47,23,41,false,false,true,false,false,false,false,Primaria completa,Hombre,SAN MARTIN,Selva,No especificado,Venta,Comerciante mayorista,No especificado
true,1,0.08,0,28,48,false,false,false,false,false,false,true,Superior universitaria completa,Hombre,TACNA,Costa,Otro,Autoconsumo,Sin ventas,Otro
false,1,5,99.01,13,60,false,true,true,false,false,false,true,Secundaria incompleta,Hombre,TACNA,Costa,Gravedad,Venta,Acopiador,Gravedad
false,1,5.5,98.12,12,56,false,false,true,false,false,false,false,Secundaria incompleta,Hombre,TACNA,Costa,Gravedad,Venta,Comerciante minorista,Gravedad
true,2,4.5,96.57,13,33,false,false,true,false,false,false,false,Superior no universitaria completa,Mujer,TACNA,Costa,Goteo,Venta,Comerciante mayorista,Goteo
true,1,3,0,8,36,false,false,true,false,false,false,false,Secundaria incompleta,Mujer,TACNA,Costa,Goteo,Otro,Sin ventas,Goteo
true,1,3.9,100,13,61,false,false,true,false,false,false,false,Primaria completa,Hombre,TUMBES,Costa,Gravedad,Venta,Acopiador,Gravedad
false,1,3.02,99.73,15,40,false,false,false,false,false,false,false,Secundaria completa,Hombre,TUMBES,Costa,Gravedad,Venta,Comerciante mayorista,Gravedad
true,1,120,0,15,46,false,false,true,false,false,false,false,Primaria completa,Hombre,UCAYALI,Selva,Secano,Otro,Sin ventas,Secano
true,1,90,99.33,15,53,false,false,true,false,false,false,true,Secundaria completa,Hombre,UCAYALI,Selva,Secano,Venta,Consumidor final,Secano
true,2,19.05,99.69,17,47,false,true,true,false,false,false,false,Primaria completa,Hombre,UCAYALI,Selva,Mangas,Venta,Comerciante mayorista,Mangas
true,2,57.7,100,20,57,false,false,true,false,false,false,false,Secundaria incompleta,Hombre,UCAYALI,Selva,Secano,Venta,Empresa/Agroindustria,Secano
true,1,109,100,9,44,false,false,true,false,false,false,false,Sin nivel,Hombre,UCAYALI,Selva,Secano,Venta,Acopiador,Secano
true,2,3.5,90.03,13,45,false,true,true,false,true,false,true,Secundaria incompleta,Hombre,AMAZONAS,Selva,Secano,Venta,Comerciante minorista,Secano
true,1,2.5,91.98,26,45,false,false,false,false,false,false,false,Primaria completa,Hombre,AMAZONAS,Selva,Secano,Venta,Acopiador,Secano
true,5,3.37,97.83,25,46,false,false,true,false,false,false,false,Secundaria completa,Hombre,APURIMAC,Sierra,No especificado,Venta,Comerciante minorista,No especificado
false,5,0.58,14.29,22,42,false,false,false,false,false,false,false,Secundaria completa,Hombre,APURIMAC,Sierra,Aspersion,Autoconsumo,Comerciante minorista,Aspersion
true,2,0.95,0,2,29,false,false,false,false,false,false,false,Superior universitaria incompleta,Hombre,APURIMAC,Sierra,Aspersion,Otro,Sin ventas,Aspersion
true,1,3.3,100,24,58,false,false,true,false,false,false,true,Secundaria incompleta,Mujer,AREQUIPA,Costa,Gravedad,Venta,Acopiador,Gravedad
true,2,7.5,100,10,33,false,false,true,false,false,false,false,Superior universitaria completa,Hombre,AREQUIPA,Costa,Goteo,Venta,Acopiador,Goteo
true,4,30.5,0,15,47,false,true,true,false,false,false,false,Superior universitaria completa,Hombre,AREQUIPA,Costa,Gravedad,Autoconsumo,Sin ventas,Gravedad
true,1,3.3,99.71,15,55,false,false,true,false,false,false,false,Secundaria completa,Hombre,AREQUIPA,Costa,Gravedad,Venta,Acopiador,Gravedad
true,1,1.5,99.32,2,41,false,false,true,false,false,false,true,Superior universitaria completa,Hombre,AYACUCHO,Selva,Secano,Venta,Acopiador,Secano
true,2,0.8,0,5,29,false,false,false,false,false,false,false,Secundaria completa,Mujer,AYACUCHO,Sierra,Secano,Otro,Sin ventas,Secano
true,2,0.79,0,20,40,false,false,true,false,false,false,false,Primaria incompleta,Mujer,AYACUCHO,Sierra,Aspersion,Autoconsumo,Sin ventas,Aspersion
true,7,4.13,87.72,14,33,false,false,true,false,false,false,false,Secundaria incompleta,Hombre,AYACUCHO,Sierra,Aspersion,Venta,Comerciante minorista,Aspersion
true,3,8.5,93.1,30,58,false,false,true,false,false,false,false,Primaria incompleta,Hombre,CAJAMARCA,Sierra,Secano,Venta,Consumidor final,Secano
true,3,3.28,92.24,18,49,false,false,true,false,false,false,false,Superior no universitaria completa,Hombre,CAJAMARCA,Sierra,Gravedad,Venta,Consumidor final,Gravedad
true,4,1.7,98.21,5,31,false,false,false,false,false,true,false,Secundaria completa,Hombre,HUANCAVELICA,Sierra,Aspersion,Venta,Acopiador,Aspersion
true,3,10,99.39,31,56,false,false,false,false,false,false,false,Primaria incompleta,Hombre,HUANUCO,Selva,Secano,Venta,Comerciante mayorista,Secano
true,1,260,81.48,23,39,false,false,true,false,false,false,false,Secundaria completa,Hombre,HUANUCO,Selva,Secano,Venta,Acopiador,Secano
true,1,120,0,16,36,false,false,true,false,false,false,false,Secundaria incompleta,Hombre,HUANUCO,Selva,Secano,Autoconsumo,Sin ventas,Secano
true,2,29,97.16,30,52,false,false,true,false,false,false,false,Sin nivel,Hombre,HUANUCO,Sierra,Gravedad,Venta,Comerciante mayorista,Gravedad
true,1,3,95.24,20,72,false,true,false,false,false,false,false,Primaria incompleta,Hombre,ICA,Costa,Gravedad,Venta,Acopiador,Gravedad
true,3,25,84,33,53,false,false,true,false,false,false,false,Primaria incompleta,Mujer,JUNIN,Selva,Gravedad,Venta,Acopiador,Gravedad
true,2,0.57,68.75,40,55,false,false,true,false,false,false,false,Secundaria completa,Mujer,JUNIN,Sierra,Gravedad,Venta,Acopiador,Gravedad
true,2,11.4,80,40,63,false,false,true,false,false,false,false,Primaria completa,Hombre,LA LIBERTAD,Sierra,Gravedad,Venta,Acopiador,Gravedad
true,1,0.7,0,27,48,false,false,true,false,false,false,false,Primaria completa,Mujer,LAMBAYEQUE,Costa,Gravedad,Otro,Sin ventas,Gravedad
true,1,8,98.1,25,59,false,false,true,false,false,false,false,Superior no universitaria completa,Hombre,LAMBAYEQUE,Costa,Gravedad,Venta,Empresa/Agroindustria,Gravedad
true,2,8.2,94.32,25,60,false,false,true,false,false,false,false,Superior no universitaria completa,Hombre,LAMBAYEQUE,Costa,Gravedad,Venta,Acopiador,Gravedad
true,2,1.5,23.74,20,38,false,false,false,false,false,false,false,Superior no universitaria completa,Hombre,LIMA,Costa,Gravedad,Autoconsumo,Acopiador,Gravedad
true,2,7.08,99.88,18,57,false,false,true,false,false,false,false,Superior no universitaria completa,Mujer,LIMA,Costa,Gravedad,Venta,Comerciante mayorista,Gravedad
true,1,2.5,100,40,72,false,false,true,false,false,false,false,Primaria completa,Hombre,LIMA,Costa,Gravedad,Venta,Comerciante mayorista,Gravedad
false,3,3,99.06,15,56,false,false,true,false,false,false,false,Secundaria completa,Hombre,LIMA,Sierra,Goteo,Venta,Comerciante mayorista,Goteo
false,10,23.52,0,30,55,false,false,true,false,false,false,false,Superior universitaria completa,Hombre,LIMA,Sierra,Aspersion,Otro,Sin ventas,Aspersion
false,2,12,89.78,25,67,false,false,true,false,false,false,false,Secundaria incompleta,Hombre,LORETO,Selva,Secano,Venta,Comerciante minorista,Secano
true,1,7,0,12,46,false,false,true,false,false,false,false,Primaria completa,Mujer,LORETO,Selva,Secano,Autoconsumo,Sin ventas,Secano
true,3,91,99.24,6,64,false,true,false,false,false,false,true,Secundaria completa,Hombre,MADRE DE DIOS,Selva,Secano,Venta,Acopiador,Secano
true,2,3.6,0,4,47,false,false,false,false,false,false,false,Superior universitaria completa,Mujer,MADRE DE DIOS,Selva,Secano,Autoconsumo,Sin ventas,Secano
true,5,1.65,52.08,12,48,false,false,false,false,false,false,false,Secundaria completa,Hombre,MOQUEGUA,Sierra,Gravedad,Venta,Consumidor final,Gravedad
true,1,3.38,0,20,60,false,true,true,false,false,false,false,Superior no universitaria completa,Hombre,MOQUEGUA,Costa,Gravedad,Otro,Sin ventas,Gravedad
true,4,2.3,86.21,30,45,false,false,true,false,false,false,false,Primaria completa,Hombre,PASCO,Sierra,Secano,Venta,Acopiador,Secano
true,2,109,29.69,33,52,false,false,true,false,false,false,false,Secundaria completa,Hombre,PASCO,Selva,Secano,Autoconsumo,Acopiador,Secano
true,2,5.38,91.95,20,46,false,false,true,true,false,false,false,Secundaria incompleta,Hombre,PIURA,Costa,Gravedad,Venta,Comerciante mayorista,Gravedad
true,1,1,99.3,8,57,false,false,true,false,false,false,false,Superior no universitaria completa,Hombre,PIURA,Costa,Gravedad,Venta,Empresa/Agroindustria,Gravedad
true,2,1,97.22,33,79,false,false,false,false,false,false,false,Primaria completa,Hombre,PIURA,Costa,Gravedad,Venta,Comerciante mayorista,Gravedad
true,3,3.48,89.29,40,59,false,false,true,false,false,false,false,Primaria incompleta,Hombre,PIURA,Costa,Gravedad,Venta,Comerciante minorista,Gravedad
true,2,42.67,0,35,68,false,false,true,false,false,false,false,Secundaria completa,Hombre,PUNO,Sierra,Secano,Otro,Sin ventas,Secano
true,4,15.17,0,21,37,false,true,true,false,false,false,false,Secundaria incompleta,Mujer,PUNO,Sierra,Secano,Autoconsumo,Sin ventas,Secano
true,3,10.3,0,24,45,false,false,true,false,false,false,false,Superior no universitaria completa,Hombre,PUNO,Sierra,Gravedad,Otro,Sin ventas,Gravedad
true,5,8.2,20,10,43,false,false,true,false,false,false,false,Secundaria completa,Hombre,PUNO,Sierra,Secano,Autoconsumo,Comerciante minorista,Secano
true,1,4,100,30,50,false,false,true,true,false,false,false,Primaria incompleta,Hombre,SAN MARTIN,Selva,Secano,Venta,Comerciante mayorista,Secano
true,1,7.5,98.82,20,44,false,false,true,false,false,false,false,Primaria completa,Hombre,SAN MARTIN,Selva,Secano,Venta,Comerciante mayorista,Secano
true,2,3.6,73.62,40,69,false,false,true,false,false,false,false,Secundaria incompleta,Hombre,SAN MARTIN,Selva,Gravedad,Venta,Acopiador,Gravedad
true,1,1,74.77,12,31,false,false,true,false,false,false,false,Superior no universitaria completa,Mujer,SAN MARTIN,Selva,Secano,Venta,Acopiador,Secano
true,1,23.6,98.93,58,75,false,false,true,false,false,false,true,Primaria incompleta,Hombre,SAN MARTIN,Selva,Secano,Venta,Acopiador,Secano
true,6,4.6,0,25,63,false,true,true,false,false,false,false,Primaria completa,Hombre,TACNA,Costa,Otro,Autoconsumo,Sin ventas,Otro
false,1,3.7,35.9,22,62,false,false,true,false,false,false,false,Superior no universitaria completa,Hombre,TACNA,Costa,Otro,Autoconsumo,Consumidor final,Otro
true,1,5,98.32,13,61,false,true,true,false,false,false,false,Primaria incompleta,Mujer,TACNA,Costa,Goteo,Venta,Comerciante minorista,Goteo
true,2,4.06,0,48,70,false,false,true,false,false,false,false,Superior no universitaria incompleta,Mujer,TACNA,Costa,Goteo,Autoconsumo,Sin ventas,Goteo
true,3,17.95,99.64,12,44,false,false,true,false,false,false,false,Superior universitaria completa,Mujer,TACNA,Costa,Goteo,Venta,Acopiador,Goteo
true,4,12.3,100,20,46,false,false,true,false,false,false,false,Superior universitaria completa,Hombre,TUMBES,Costa,Gravedad,Venta,Acopiador,Gravedad
true,1,4.4,100,26,64,false,false,true,true,false,false,false,Superior universitaria completa,Hombre,TUMBES,Costa,Gravedad,Venta,Acopiador,Gravedad
true,1,0.6,88.89,20,53,false,false,false,false,false,false,false,Secundaria completa,Hombre,TUMBES,Costa,Gravedad,Venta,Comerciante minorista,Gravedad
true,2,20,100,10,44,false,false,true,false,false,false,true,Superior universitaria completa,Mujer,UCAYALI,Selva,Secano,Venta,Comerciante mayorista,Secano
true,2,35,0,7,40,false,false,true,false,false,false,false,Superior no universitaria completa,Hombre,UCAYALI,Selva,Secano,Otro,Sin ventas,Secano
true,2,16.25,92.28,13,62,false,false,false,false,false,false,true,Primaria completa,Hombre,UCAYALI,Selva,Secano,Venta,Comerciante minorista,Secano
true,2,26,85,65,73,false,false,true,false,false,false,false,Primaria completa,Hombre,AMAZONAS,Selva,Secano,Venta,Comerciante mayorista,Secano
true,1,1.75,89.12,32,52,false,false,false,false,false,false,true,Primaria incompleta,Mujer,AMAZONAS,Selva,Gravedad,Venta,Comerciante mayorista,Gravedad
true,3,2.4,48.67,20,45,false,false,true,false,false,false,false,Primaria incompleta,Mujer,AMAZONAS,Selva,Secano,Autoconsumo,Comerciante mayorista,Secano
true,2,4.5,72.15,20,43,false,false,true,false,false,false,false,Primaria incompleta,Hombre,AMAZONAS,Selva,Secano,Venta,Acopiador,Secano
true,4,0.91,0,31,56,false,false,false,false,false,false,false,Secundaria completa,Hombre,ANCASH,Sierra,Secano,Autoconsumo,Sin ventas,Secano
true,5,2.49,94.12,8,38,false,false,true,false,false,false,false,Secundaria completa,Hombre,AREQUIPA,Sierra,Gravedad,Venta,Acopiador,Gravedad
true,2,11.1,0,1,54,false,false,true,false,false,false,true,Secundaria completa,Hombre,AREQUIPA,Costa,Goteo,Otro,Sin ventas,Goteo
true,2,6.5,100,10,48,false,false,true,false,false,false,false,Secundaria incompleta,Hombre,AREQUIPA,Costa,Goteo,Venta,Acopiador,Goteo
false,2,0.18,14.58,30,69,false,false,false,false,false,false,false,Primaria incompleta,Hombre,AREQUIPA,Sierra,Otro,Autoconsumo,Consumidor final,Otro
true,2,2.75,100,20,54,false,false,true,false,false,false,false,Secundaria completa,Hombre,AREQUIPA,Costa,Aspersion,Venta,Comerciante mayorista,Aspersion
true,1,3.1,100,5,39,false,false,true,false,false,false,false,Secundaria completa,Hombre,AREQUIPA,Costa,Gravedad,Venta,Acopiador,Gravedad
true,2,1.15,74.07,33,46,false,false,true,false,false,false,false,Sin nivel,Mujer,AYACUCHO,Selva,Secano,Venta,Acopiador,Secano
true,5,1.11,66.67,5,26,false,false,false,false,false,true,false,Secundaria incompleta,Hombre,AYACUCHO,Sierra,Aspersion,Venta,Comerciante minorista,Aspersion
true,6,5.47,85.16,23,45,false,false,true,false,false,false,false,Primaria incompleta,Mujer,AYACUCHO,Sierra,Gravedad,Venta,Acopiador,Gravedad
false,5,3.7,92.13,10,27,false,false,true,false,false,false,false,Primaria incompleta,Mujer,AYACUCHO,Sierra,Gravedad,Venta,Comerciante mayorista,Gravedad
true,6,52.9,100,20,46,false,false,true,false,false,false,false,Secundaria completa,Mujer,AYACUCHO,Sierra,Gravedad,Venta,Acopiador,Gravedad
true,6,2.25,11.43,30,49,false,false,true,false,false,false,false,Primaria incompleta,Mujer,AYACUCHO,Sierra,Gravedad,Autoconsumo,Acopiador,Gravedad
true,5,11.5,100,40,59,false,true,false,false,true,false,false,Primaria completa,Hombre,CAJAMARCA,Selva,Secano,Venta,Asociación/Cooperativa,Secano
true,3,4,93.4,20,58,false,false,true,false,false,false,false,Secundaria completa,Hombre,CAJAMARCA,Costa,Gravedad,Venta,Comerciante mayorista,Gravedad
true,2,9,0,34,52,false,false,false,false,false,false,true,Primaria completa,Hombre,CAJAMARCA,Sierra,Aspersion,Autoconsumo,Sin ventas,Aspersion
true,1,1.5,0,14,31,false,true,false,false,false,false,false,Superior universitaria completa,Hombre,CAJAMARCA,Sierra,Secano,Autoconsumo,Sin ventas,Secano
true,1,7.8,100,21,68,false,false,false,false,false,false,true,Secundaria incompleta,Hombre,HUANUCO,Selva,Secano,Venta,Comerciante minorista,Secano
true,4,3.25,0,40,68,false,false,false,false,false,false,false,Primaria completa,Hombre,HUANUCO,Sierra,Secano,Autoconsumo,Sin ventas,Secano
true,3,21.13,100,30,60,false,false,false,false,false,false,true,Secundaria incompleta,Hombre,ICA,Costa,Goteo,Venta,Empresa/Agroindustria,Goteo
true,2,3.5,0,4,34,false,false,true,true,false,false,false,Secundaria incompleta,Hombre,ICA,Costa,Gravedad,Otro,Sin ventas,Gravedad
true,3,6.69,99.07,30,53,false,false,true,true,false,false,false,Secundaria completa,Hombre,ICA,Costa,Gravedad,Venta,Comerciante mayorista,Gravedad
true,1,3,72.5,25,48,false,false,true,false,false,false,false,Secundaria completa,Mujer,ICA,Costa,Gravedad,Venta,Comerciante mayorista,Gravedad
true,2,40.75,98.51,12,37,false,false,true,false,false,false,false,Secundaria completa,Hombre,JUNIN,Sierra,Gravedad,Venta,Acopiador,Gravedad
true,4,2.07,98.65,18,40,false,false,true,false,false,false,false,Secundaria completa,Mujer,JUNIN,Sierra,Aspersion,Venta,Acopiador,Aspersion
true,6,2.65,94.44,25,48,false,false,true,false,false,false,true,Superior no universitaria completa,Hombre,JUNIN,Sierra,Gravedad,Venta,Comerciante mayorista,Gravedad
true,3,0.64,0,20,62,false,false,true,false,false,false,false,Superior universitaria completa,Hombre,JUNIN,Sierra,Gravedad,Otro,Sin ventas,Gravedad
true,2,6.5,98.95,33,59,false,false,true,false,false,false,false,Secundaria completa,Hombre,JUNIN,Sierra,No especificado,Venta,Comerciante mayorista,No especificado
true,2,8,92.75,8,37,false,false,true,false,false,false,false,Primaria incompleta,Hombre,JUNIN,Selva,Secano,Venta,Acopiador,Secano
true,1,5.22,80.65,40,59,false,false,true,false,false,false,false,Primaria completa,Hombre,LA LIBERTAD,Costa,Gravedad,Venta,Comerciante mayorista,Gravedad
true,1,2.8,100,12,51,false,false,true,true,false,false,false,Primaria completa,Mujer,LAMBAYEQUE,Costa,Gravedad,Venta,Empresa/Agroindustria,Gravedad
true,4,9.2,100,18,47,false,false,true,false,false,false,false,Primaria completa,Hombre,LIMA,Costa,Gravedad,Venta,Acopiador,Gravedad
true,2,0.74,100,15,59,false,false,true,false,false,false,true,Secundaria completa,Hombre,LIMA,Costa,Goteo,Venta,Comerciante minorista,Goteo
true,1,2,94.52,20,40,false,false,true,false,false,false,false,Primaria completa,Hombre,LIMA,Costa,Gravedad,Venta,Comerciante mayorista,Gravedad
true,4,59.6,71.36,24,46,false,true,true,false,false,false,false,Secundaria incompleta,Hombre,LORETO,Selva,Secano,Venta,Consumidor final,Secano
true,3,19,100,25,58,false,false,true,true,false,false,false,Primaria completa,Hombre,LORETO,Selva,Gravedad,Venta,Comerciante mayorista,Gravedad
true,1,31,11.3,27,57,false,true,true,false,false,false,true,Primaria completa,Hombre,LORETO,Selva,Secano,Autoconsumo,Acopiador,Secano
false,1,3.75,81.43,18,33,false,false,true,false,false,false,false,Secundaria completa,Mujer,LORETO,Selva,Secano,Venta,Comerciante minorista,Secano
true,1,41,0,19,49,false,true,false,false,false,false,false,Secundaria completa,Hombre,MADRE DE DIOS,Selva,Secano,Otro,Sin ventas,Secano
true,4,0.19,87.5,23,49,false,false,false,false,false,false,true,Primaria completa,Hombre,MOQUEGUA,Sierra,Gravedad,Venta,Comerciante minorista,Gravedad
true,6,1.4,87.29,13,43,false,false,true,false,false,false,false,Secundaria completa,Hombre,MOQUEGUA,Costa,Gravedad,Venta,Comerciante mayorista,Gravedad
true,2,0.23,18.67,30,77,false,false,false,false,false,false,false,Superior universitaria completa,Mujer,MOQUEGUA,Sierra,Gravedad,Autoconsumo,Consumidor final,Gravedad
true,1,43,98.37,25,43,false,false,true,true,false,false,true,Secundaria completa,Hombre,PIURA,Costa,Gravedad,Venta,Acopiador,Gravedad
true,1,0.25,0,0,27,false,false,false,false,false,false,false,Superior universitaria completa,Hombre,PIURA,Costa,Gravedad,Otro,Sin ventas,Gravedad
true,4,10,98.48,20,46,false,false,true,true,false,false,false,Superior universitaria completa,Hombre,PIURA,Costa,Gravedad,Venta,Comerciante mayorista,Gravedad
true,2,3,96.67,18,48,false,false,true,false,false,false,false,Primaria incompleta,Hombre,PIURA,Costa,Secano,Venta,Acopiador,Secano
false,1,0.4,75,8,48,false,false,true,false,false,false,false,Primaria completa,Hombre,PIURA,Costa,No especificado,Venta,Comerciante mayorista,No especificado
true,6,12.05,85.59,28,47,false,true,false,false,false,false,false,Secundaria completa,Hombre,PUNO,Sierra,Gravedad,Venta,Comerciante minorista,Gravedad
true,2,10.5,0,10,57,false,false,true,false,false,false,false,Primaria completa,Hombre,PUNO,Sierra,Secano,Autoconsumo,Sin ventas,Secano
true,2,10,0,11,70,false,false,true,false,false,false,true,Sin nivel,Hombre,PUNO,Sierra,Secano,Autoconsumo,Sin ventas,Secano
true,2,13,100,30,45,false,true,true,false,false,false,false,Primaria completa,Hombre,SAN MARTIN,Selva,Secano,Venta,Comerciante mayorista,Secano
true,1,10.7,90.65,40,58,false,false,true,false,false,false,false,Primaria incompleta,Hombre,SAN MARTIN,Selva,Secano,Venta,Comerciante mayorista,Secano
false,1,1,72.93,5,40,false,false,false,false,false,false,false,Secundaria incompleta,Hombre,SAN MARTIN,Selva,Secano,Venta,Consumidor final,Secano
false,1,7,54.26,25,47,false,false,false,false,false,false,false,Primaria completa,Hombre,SAN MARTIN,Selva,Secano,Venta,Comerciante minorista,Secano
true,13,9.9,28.57,30,52,false,false,true,false,false,false,false,Primaria incompleta,Hombre,TACNA,Sierra,Gravedad,Autoconsumo,Acopiador,Gravedad
true,5,3.48,0,40,59,false,false,false,false,false,false,false,Primaria incompleta,Mujer,TACNA,Sierra,Gravedad,Otro,Sin ventas,Gravedad
true,3,27,99.89,24,46,false,false,true,false,false,false,false,Superior no universitaria completa,Hombre,TACNA,Costa,Otro,Venta,Acopiador,Otro
false,1,10,95.69,19,68,false,true,true,false,false,false,false,Superior no universitaria completa,Mujer,TACNA,Costa,Goteo,Venta,Acopiador,Goteo
false,2,54.5,100,30,53,false,false,true,false,false,false,false,Primaria completa,Hombre,AMAZONAS,Selva,Secano,Venta,Acopiador,Secano
true,3,62,91.67,25,45,false,true,true,false,false,false,false,Primaria completa,Hombre,AMAZONAS,Selva,Secano,Venta,Comerciante mayorista,Secano
true,2,2.5,37.77,30,50,false,true,false,false,false,false,false,Secundaria completa,Hombre,AMAZONAS,Selva,Secano,Autoconsumo,Comerciante minorista,Secano
true,3,28,99.27,20,56,false,false,true,false,true,false,false,Primaria completa,Hombre,ANCASH,Costa,Goteo,Venta,Acopiador,Goteo
true,11,5.25,11.44,25,51,false,false,false,false,false,false,false,Superior no universitaria completa,Hombre,ANCASH,Sierra,Gravedad,Autoconsumo,Consumidor final,Gravedad
true,14,9.55,62.93,43,61,false,false,true,false,false,false,false,Primaria incompleta,Hombre,APURIMAC,Sierra,Gravedad,Venta,Acopiador,Gravedad
true,5,3.95,57.63,7,34,false,true,true,false,false,false,false,Secundaria completa,Hombre,APURIMAC,Sierra,Aspersion,Venta,Consumidor final,Aspersion
true,3,0.74,86.96,2,32,false,false,false,false,false,false,false,Superior universitaria completa,Mujer,AREQUIPA,Sierra,Gravedad,Venta,Acopiador,Gravedad
false,1,0.04,10,53,73,false,false,false,false,false,false,false,Primaria incompleta,Mujer,AREQUIPA,Costa,Gravedad,Autoconsumo,Consumidor final,Gravedad
true,4,399.94,0,20,48,false,true,true,false,false,false,true,Superior no universitaria incompleta,Mujer,AREQUIPA,Sierra,Gravedad,Autoconsumo,Sin ventas,Gravedad
true,9,2.67,0,50,75,false,false,true,false,false,false,false,Primaria incompleta,Hombre,AREQUIPA,Sierra,Gravedad,Otro,Sin ventas,Gravedad
true,15,6.6,0,25,51,false,false,true,false,false,false,false,Secundaria completa,Hombre,AREQUIPA,Sierra,Gravedad,Otro,Sin ventas,Gravedad
true,5,2.85,98.51,14,63,false,true,true,false,false,false,false,Secundaria completa,Hombre,AREQUIPA,Costa,Gravedad,Venta,Acopiador,Gravedad
false,2,4.5,100,50,84,false,false,true,false,false,false,false,Superior no universitaria incompleta,Hombre,AREQUIPA,Sierra,Gravedad,Venta,Acopiador,Gravedad
true,1,0.5,100,15,64,false,false,false,false,false,false,false,Secundaria completa,Hombre,AREQUIPA,Sierra,Gravedad,Venta,Acopiador,Gravedad
true,2,21,100,30,59,false,false,true,false,false,false,false,Superior no universitaria completa,Hombre,AREQUIPA,Costa,Gravedad,Venta,Acopiador,Gravedad
true,2,9.3,98.41,30,64,false,false,true,false,false,false,false,Secundaria completa,Hombre,AREQUIPA,Costa,Gravedad,Venta,Acopiador,Gravedad
true,4,10.7,74.09,25,45,false,false,false,false,false,false,false,Primaria incompleta,Hombre,AYACUCHO,Selva,Gravedad,Venta,Acopiador,Gravedad
true,8,4.25,86.64,17,40,false,false,true,false,false,false,false,Primaria incompleta,Hombre,AYACUCHO,Sierra,No especificado,Venta,Acopiador,No especificado
true,4,1.5,87.22,5,25,false,false,true,false,false,false,false,Primaria completa,Hombre,AYACUCHO,Sierra,Aspersion,Venta,Comerciante mayorista,Aspersion
true,7,2.85,94.2,14,29,false,false,true,false,false,true,false,Superior no universitaria completa,Mujer,AYACUCHO,Sierra,Aspersion,Venta,Comerciante mayorista,Aspersion
true,9,4.33,64.44,45,66,false,false,true,false,false,false,false,Primaria incompleta,Hombre,AYACUCHO,Sierra,No especificado,Venta,Comerciante mayorista,No especificado
true,7,1.09,0,26,54,false,false,true,false,false,false,false,Secundaria completa,Hombre,AYACUCHO,Sierra,Aspersion,Autoconsumo,Sin ventas,Aspersion
true,5,12.5,96.02,40,64,false,false,false,false,false,false,false,Primaria completa,Hombre,AYACUCHO,Sierra,Gravedad,Venta,Comerciante minorista,Gravedad
true,3,1.52,34.78,28,52,false,true,true,false,true,false,true,Secundaria completa,Mujer,CAJAMARCA,Selva,Secano,Autoconsumo,Asociación/Cooperativa,Secano
true,5,29,78.72,50,73,false,true,true,false,false,false,false,Primaria completa,Hombre,CAJAMARCA,Selva,Secano,Venta,Consumidor final,Secano
true,2,20,100,22,40,false,false,true,false,false,false,false,Secundaria incompleta,Hombre,CAJAMARCA,Selva,Gravedad,Venta,Comerciante minorista,Gravedad
true,7,11.88,92.95,14,32,false,false,false,false,false,false,false,Secundaria completa,Hombre,CAJAMARCA,Selva,Gravedad,Venta,Comerciante minorista,Gravedad
true,2,50,0,15,60,false,false,true,false,false,false,false,Superior universitaria completa,Hombre,CAJAMARCA,Sierra,Secano,Otro,Sin ventas,Secano
true,4,15.5,42.86,40,68,false,false,false,false,false,false,false,Primaria completa,Hombre,CAJAMARCA,Sierra,Secano,Venta,Comerciante minorista,Secano
true,1,0.55,0,30,61,false,false,true,false,false,false,false,Superior no universitaria completa,Hombre,CUSCO,Sierra,Gravedad,Otro,Sin ventas,Gravedad
true,5,0.44,0,30,51,false,true,true,false,false,false,true,Primaria completa,Mujer,CUSCO,Sierra,Secano,Otro,Sin ventas,Secano
true,10,2.08,77.13,30,56,false,false,true,false,false,false,false,Primaria completa,Hombre,HUANCAVELICA,Sierra,Gravedad,Venta,Comerciante mayorista,Gravedad
true,2,17.5,100,29,48,false,false,false,false,false,false,false,Secundaria completa,Hombre,HUANUCO,Selva,Secano,Venta,Empresa/Agroindustria,Secano
true,1,150,100,20,65,false,false,true,false,false,false,false,Secundaria completa,Hombre,HUANUCO,Selva,Secano,Venta,Comerciante mayorista,Secano
true,2,90,6.6,9,32,false,false,true,false,false,false,false,Secundaria completa,Hombre,HUANUCO,Selva,Secano,Autoconsumo,Comerciante minorista,Secano
true,3,11.58,100,10,43,false,false,true,false,false,false,false,Secundaria completa,Mujer,ICA,Costa,No especificado,Venta,Acopiador,No especificado
true,2,4.5,100,20,44,false,false,true,false,false,false,false,Secundaria completa,Hombre,ICA,Costa,Goteo,Venta,Acopiador,Goteo
true,2,16,99.97,25,54,false,false,true,false,false,false,false,Superior universitaria incompleta,Hombre,JUNIN,Selva,Secano,Venta,Acopiador,Secano
true,3,17,91.75,25,61,false,true,true,false,false,false,false,Secundaria completa,Hombre,JUNIN,Selva,Secano,Venta,Asociación/Cooperativa,Secano
true,5,2.88,99.77,15,38,false,false,true,false,false,false,false,Secundaria completa,Mujer,JUNIN,Sierra,Aspersion,Venta,Comerciante mayorista,Aspersion
true,13,6.2,99.27,8,41,false,true,true,false,false,false,false,Superior universitaria completa,Hombre,JUNIN,Sierra,Gravedad,Venta,Comerciante mayorista,Gravedad
true,3,5.8,93.33,22,44,false,false,true,false,false,false,false,Primaria completa,Hombre,JUNIN,Sierra,Secano,Venta,Comerciante mayorista,Secano
true,2,4,98.46,10,32,false,false,true,false,false,false,false,Primaria completa,Hombre,LA LIBERTAD,Costa,Secano,Venta,Acopiador,Secano
false,4,15.56,99.07,10,44,false,false,true,true,false,false,false,Superior no universitaria completa,Hombre,LA LIBERTAD,Costa,Gravedad,Venta,Acopiador,Gravedad
true,1,2.76,84.18,12,53,false,false,true,false,false,false,false,Superior no universitaria completa,Hombre,LA LIBERTAD,Costa,Gravedad,Venta,Acopiador,Gravedad
true,1,6.4,83.33,40,69,false,false,true,false,false,false,false,Secundaria incompleta,Mujer,LA LIBERTAD,Costa,Secano,Venta,Comerciante mayorista,Secano
true,7,11.13,20.83,20,38,false,false,true,false,false,false,false,Primaria completa,Hombre,LA LIBERTAD,Sierra,Gravedad,Autoconsumo,Consumidor final,Gravedad
true,1,0.34,97.14,30,71,false,false,true,false,false,false,false,Primaria incompleta,Hombre,LAMBAYEQUE,Costa,Gravedad,Venta,Comerciante minorista,Gravedad
true,5,10,100,40,56,false,false,true,false,false,false,true,Primaria incompleta,Hombre,LAMBAYEQUE,Costa,Gravedad,Venta,Consumidor final,Gravedad
true,2,36,100,25,50,false,false,true,true,false,false,false,Secundaria completa,Hombre,LIMA,Costa,Gravedad,Venta,Comerciante mayorista,Gravedad
true,4,4.5,100,7,36,false,false,true,false,false,false,false,Superior universitaria completa,Hombre,LIMA,Costa,Gravedad,Venta,Comerciante mayorista,Gravedad
true,3,21,84.27,15,33,false,false,true,false,false,false,false,Secundaria incompleta,Hombre,LORETO,Selva,Gravedad,Venta,Comerciante minorista,Gravedad
true,2,50,4.97,18,55,false,true,true,false,false,false,false,Secundaria incompleta,Hombre,LORETO,Selva,Secano,Autoconsumo,Acopiador,Secano
true,2,49,100,25,57,false,false,true,false,false,false,false,Primaria completa,Hombre,LORETO,Selva,No especificado,Venta,Comerciante mayorista,No especificado
true,2,108,0,5,40,false,true,true,false,false,false,false,Superior no universitaria completa,Hombre,MADRE DE DIOS,Selva,Secano,Autoconsumo,Sin ventas,Secano
true,1,127,0,22,57,false,true,false,false,false,false,false,Secundaria incompleta,Hombre,MADRE DE DIOS,Selva,Secano,Otro,Sin ventas,Secano
false,2,0.58,94.87,60,81,false,false,false,false,false,false,false,Superior universitaria completa,Hombre,MOQUEGUA,Sierra,Gravedad,Venta,Acopiador,Gravedad
true,1,0.5,99.75,8,45,false,true,false,false,true,false,false,Superior universitaria incompleta,Mujer,PIURA,Costa,Gravedad,Venta,Acopiador,Gravedad
true,2,4.45,100,20,57,false,false,true,false,false,false,false,Secundaria completa,Hombre,PIURA,Costa,No especificado,Venta,Comerciante mayorista,No especificado
true,2,2,99.43,30,57,false,true,false,false,true,false,false,Primaria incompleta,Hombre,PIURA,Costa,Gravedad,Venta,Acopiador,Gravedad
true,2,5,98.04,16,61,false,false,true,true,false,false,false,Primaria incompleta,Hombre,PIURA,Costa,Gravedad,Venta,Comerciante mayorista,Gravedad
true,3,12.75,97.05,16,57,false,false,true,true,false,false,false,Superior universitaria incompleta,Hombre,PIURA,Costa,Gravedad,Venta,Acopiador,Gravedad
true,3,4,100,30,56,false,false,true,true,false,false,false,Secundaria incompleta,Hombre,PIURA,Costa,Gravedad,Venta,Empresa/Agroindustria,Gravedad
true,5,18.28,0,20,52,false,false,true,false,false,false,false,Secundaria incompleta,Mujer,PUNO,Sierra,Secano,Autoconsumo,Sin ventas,Secano
true,6,6.65,0,8,44,false,false,true,false,false,false,false,Primaria completa,Mujer,PUNO,Sierra,Secano,Autoconsumo,Sin ventas,Secano
true,3,15.14,0,16,52,false,false,true,false,false,false,false,Secundaria completa,Hombre,PUNO,Sierra,Secano,Otro,Sin ventas,Secano
true,2,34.8,0,30,54,false,false,true,false,false,false,false,Primaria incompleta,Hombre,PUNO,Sierra,Secano,Autoconsumo,Sin ventas,Secano
true,11,11.14,6.94,30,48,false,true,true,false,true,false,false,Secundaria completa,Mujer,PUNO,Sierra,Gravedad,Autoconsumo,Asociación/Cooperativa,Gravedad
true,5,10.68,64.33,28,53,false,true,false,false,true,false,true,Secundaria completa,Hombre,SAN MARTIN,Selva,Secano,Venta,Asociación/Cooperativa,Secano
true,1,26,99.59,15,32,false,false,true,false,false,false,false,Secundaria completa,Hombre,SAN MARTIN,Selva,Secano,Venta,Comerciante mayorista,Secano
true,1,26.74,100,30,51,false,false,true,false,false,false,false,Primaria incompleta,Mujer,SAN MARTIN,Selva,Secano,Venta,Acopiador,Secano
true,2,37.7,99.16,31,76,false,true,true,false,false,false,false,Secundaria incompleta,Hombre,SAN MARTIN,Selva,Secano,Venta,Comerciante mayorista,Secano
true,2,15,98.94,10,68,false,false,true,false,false,false,false,Primaria incompleta,Mujer,TACNA,Costa,Goteo,Venta,Acopiador,Goteo
true,1,20,99.48,36,54,false,false,true,false,false,false,false,Primaria incompleta,Mujer,TACNA,Costa,Goteo,Venta,Comerciante minorista,Goteo
true,1,10,99.88,22,47,false,true,true,false,false,false,true,Secundaria completa,Hombre,TACNA,Costa,Goteo,Venta,Acopiador,Goteo
true,2,8.7,100,20,47,false,false,true,false,false,false,false,Secundaria completa,Hombre,TUMBES,Costa,No especificado,Venta,Comerciante mayorista,No especificado
true,2,4.4,100,10,50,false,false,true,false,false,false,false,Primaria incompleta,Hombre,TUMBES,Costa,No especificado,Venta,Acopiador,No especificado
true,8,31.7,100,41,61,false,false,true,false,false,false,false,Secundaria completa,Hombre,TUMBES,Costa,Gravedad,Venta,Acopiador,Gravedad
true,2,22.87,99.05,3,35,false,true,true,false,false,false,false,Secundaria completa,Hombre,UCAYALI,Selva,Mangas,Venta,Comerciante mayorista,Mangas
false,1,50,100,20,44,false,true,true,false,false,false,false,Secundaria incompleta,Hombre,UCAYALI,Selva,Secano,Venta,Acopiador,Secano
true,2,50,100,15,53,false,false,true,false,false,false,false,Primaria incompleta,Hombre,UCAYALI,Selva,Secano,Venta,Acopiador,Secano
true,1,56,0,2,55,false,false,true,false,false,false,false,Primaria completa,Hombre,PASCO,Selva,Secano,Otro,Sin ventas,Secano
true,2,168,99.48,50,74,false,true,true,false,false,false,false,Superior universitaria completa,Hombre,AMAZONAS,Selva,Secano,Venta,Comerciante minorista,Secano
true,2,24.5,100,30,63,false,false,true,false,false,false,false,Primaria incompleta,Hombre,AMAZONAS,Selva,No especificado,Venta,Empresa/Agroindustria,No especificado
true,2,9.5,100,12,30,false,false,true,false,false,false,false,Secundaria incompleta,Hombre,AMAZONAS,Selva,Secano,Venta,Acopiador,Secano
true,1,3,0,25,44,false,false,false,false,false,false,false,Primaria completa,Hombre,AMAZONAS,Sierra,Secano,Otro,Sin ventas,Secano
true,6,13.5,93.23,14,38,false,false,true,false,false,false,false,Primaria completa,Hombre,AMAZONAS,Selva,Secano,Venta,Consumidor final,Secano
true,4,2.31,60.19,14,38,false,false,false,false,false,false,false,Secundaria completa,Hombre,AMAZONAS,Selva,Secano,Venta,Comerciante minorista,Secano
false,4,5.8,55.16,35,53,false,true,false,false,false,false,false,Secundaria completa,Hombre,ANCASH,Sierra,Aspersion,Venta,Consumidor final,Aspersion
true,1,0.66,38.46,26,53,false,false,true,false,false,false,false,Superior universitaria incompleta,Hombre,APURIMAC,Sierra,Gravedad,Autoconsumo,Consumidor final,Gravedad
true,5,3.56,96.77,36,59,false,true,true,false,false,false,false,Primaria incompleta,Hombre,APURIMAC,Sierra,Gravedad,Venta,Acopiador,Gravedad
true,8,5.42,82.45,20,47,false,true,true,false,false,false,false,Primaria incompleta,Hombre,APURIMAC,Sierra,Gravedad,Venta,Comerciante mayorista,Gravedad
true,5,2.13,100,2,29,false,false,true,false,false,false,false,Secundaria completa,Hombre,APURIMAC,Sierra,Secano,Venta,Acopiador,Secano
true,10,1.43,75.28,38,47,false,false,true,false,false,false,false,Secundaria completa,Hombre,APURIMAC,Sierra,Gravedad,Venta,Consumidor final,Gravedad
true,1,0.08,0,40,53,false,false,false,false,false,false,false,Secundaria completa,Hombre,APURIMAC,Sierra,Gravedad,Autoconsumo,Sin ventas,Gravedad
true,9,4.36,95.42,24,45,false,false,false,false,false,false,false,Primaria incompleta,Hombre,APURIMAC,Sierra,Gravedad,Venta,Comerciante mayorista,Gravedad
true,10,2.87,0,12,44,false,false,true,false,false,false,false,Secundaria completa,Hombre,AREQUIPA,Sierra,Gravedad,Otro,Sin ventas,Gravedad
true,1,2,82.52,7,41,false,false,true,false,false,false,false,Secundaria completa,Hombre,AREQUIPA,Costa,Gravedad,Venta,Comerciante minorista,Gravedad
true,5,47.15,44.44,20,51,false,false,true,false,false,false,false,Secundaria completa,Hombre,AREQUIPA,Costa,Gravedad,Autoconsumo,Comerciante minorista,Gravedad
false,2,10.4,0,10,45,false,false,false,false,false,false,false,Secundaria completa,Mujer,AREQUIPA,Costa,No especificado,Otro,Sin ventas,No especificado
false,1,2.98,100,20,43,false,false,true,false,false,false,false,Primaria completa,Hombre,AREQUIPA,Costa,Gravedad,Venta,Acopiador,Gravedad
true,2,14.09,97.16,50,58,false,false,true,false,false,false,true,Secundaria completa,Hombre,AREQUIPA,Costa,Gravedad,Venta,Acopiador,Gravedad
false,3,2.75,36.05,23,38,false,false,true,false,false,false,false,Secundaria completa,Mujer,AYACUCHO,Sierra,Aspersion,Autoconsumo,Acopiador,Aspersion
true,5,2.3,89.55,10,28,false,false,true,false,false,false,false,Secundaria completa,Mujer,AYACUCHO,Sierra,Aspersion,Venta,Acopiador,Aspersion
false,4,1.38,0,37,56,false,false,true,false,false,false,false,Sin nivel,Hombre,AYACUCHO,Sierra,No especificado,Otro,Sin ventas,No especificado
true,7,16.1,0,43,63,false,false,true,false,false,false,true,Secundaria completa,Mujer,AYACUCHO,Sierra,Aspersion,Otro,Sin ventas,Aspersion
true,6,23,91.74,29,52,false,true,true,false,true,false,true,Superior no universitaria completa,Hombre,CAJAMARCA,Selva,Secano,Venta,Asociación/Cooperativa,Secano
true,1,8,96.39,49,64,false,false,true,false,false,false,false,Primaria incompleta,Hombre,CAJAMARCA,Sierra,Secano,Venta,Comerciante mayorista,Secano
true,1,4,91.2,30,52,false,false,true,false,false,false,false,Sin nivel,Mujer,CAJAMARCA,Sierra,Gravedad,Venta,Comerciante mayorista,Gravedad
true,1,7.5,85.2,35,54,false,true,true,false,false,false,false,Primaria incompleta,Mujer,CUSCO,Selva,Secano,Venta,Acopiador,Secano
true,5,7.65,0,20,72,false,false,true,false,false,false,false,Superior universitaria completa,Hombre,HUANCAVELICA,Sierra,Secano,Autoconsumo,Sin ventas,Secano
true,3,13.6,100,27,47,false,false,true,false,false,false,false,Superior no universitaria incompleta,Mujer,HUANUCO,Selva,Secano,Venta,Comerciante mayorista,Secano
true,1,2.96,98.96,40,65,false,false,true,false,false,false,false,Primaria incompleta,Hombre,HUANUCO,Selva,Secano,Venta,Comerciante minorista,Secano
true,1,8.5,83.23,10,54,false,true,true,false,true,false,true,Superior no universitaria completa,Mujer,ICA,Costa,Gravedad,Venta,Acopiador,Gravedad
true,1,3.8,100,10,49,false,false,true,true,false,false,false,Secundaria completa,Hombre,ICA,Costa,Gravedad,Venta,Acopiador,Gravedad
true,2,12,99.76,25,45,false,false,true,false,false,false,false,Secundaria completa,Hombre,ICA,Costa,Gravedad,Venta,Acopiador,Gravedad
false,2,8.93,98.98,12,46,false,false,true,false,false,false,true,Secundaria completa,Mujer,ICA,Costa,Gravedad,Venta,Acopiador,Gravedad
true,1,5,97.32,25,39,false,false,false,false,false,false,false,Superior no universitaria completa,Hombre,JUNIN,Selva,Secano,Venta,Acopiador,Secano
true,2,9,97.99,30,64,false,false,true,false,false,false,false,Primaria completa,Hombre,JUNIN,Selva,Secano,Venta,Acopiador,Secano
true,2,1.36,0,12,29,false,false,true,false,false,false,false,Secundaria incompleta,Hombre,JUNIN,Selva,Secano,Otro,Sin ventas,Secano
true,3,0.82,97.83,25,46,false,false,true,false,false,false,false,Secundaria completa,Hombre,JUNIN,Sierra,Aspersion,Venta,Comerciante mayorista,Aspersion
true,9,14.48,100,35,52,false,false,true,false,false,false,false,Superior universitaria completa,Hombre,JUNIN,Sierra,Gravedad,Venta,Comerciante mayorista,Gravedad
true,1,16,99.55,5,29,false,false,true,false,false,false,true,Primaria completa,Hombre,LA LIBERTAD,Costa,Goteo,Venta,Acopiador,Goteo
false,3,1,93.72,47,67,false,false,true,false,false,false,false,Secundaria incompleta,Hombre,LIMA,Costa,Gravedad,Venta,Comerciante mayorista,Gravedad
true,1,7,100,35,61,false,false,true,false,false,false,false,Secundaria incompleta,Hombre,LIMA,Costa,Gravedad,Venta,Comerciante mayorista,Gravedad
true,3,12.5,100,15,58,false,false,true,false,false,false,true,Secundaria completa,Hombre,LIMA,Costa,Gravedad,Venta,Acopiador,Gravedad
false,2,2,0,40,60,false,false,true,false,false,false,false,Secundaria completa,Hombre,LIMA,Costa,Goteo,Otro,Sin ventas,Goteo
true,3,6.6,96.43,40,69,false,false,true,false,false,false,false,Secundaria completa,Mujer,LIMA,Costa,Gravedad,Venta,Comerciante mayorista,Gravedad
true,2,62,0,10,54,false,false,true,false,false,false,false,Secundaria completa,Hombre,LORETO,Selva,Secano,Autoconsumo,Sin ventas,Secano
true,1,18.88,99.51,15,41,false,true,true,false,true,false,true,Superior universitaria completa,Hombre,MOQUEGUA,Costa,Goteo,Venta,Acopiador,Goteo
true,4,0.68,0,25,55,false,false,true,false,false,false,false,Primaria incompleta,Mujer,PASCO,Sierra,Aspersion,Otro,Sin ventas,Aspersion
true,2,62.05,0,40,65,false,true,false,false,false,false,true,Secundaria incompleta,Hombre,PASCO,Sierra,Secano,Otro,Sin ventas,Secano
true,5,2.58,98.46,4,28,false,false,true,false,false,false,false,Secundaria incompleta,Hombre,PASCO,Sierra,Secano,Venta,Comerciante mayorista,Secano
true,1,2.25,100,38,71,false,true,true,false,false,false,false,Primaria incompleta,Hombre,PIURA,Costa,Gravedad,Venta,Asociación/Cooperativa,Gravedad
true,1,3.15,0,17,44,false,false,false,false,false,false,false,Primaria incompleta,Hombre,PIURA,Sierra,Gravedad,Otro,Sin ventas,Gravedad
true,2,1.15,99.22,20,62,false,false,true,true,false,false,false,Primaria incompleta,Hombre,PIURA,Costa,Gravedad,Venta,Acopiador,Gravedad
true,4,6.5,99.13,25,80,false,false,true,false,false,false,false,Primaria incompleta,Hombre,PIURA,Costa,Gravedad,Venta,Acopiador,Gravedad
true,3,2.6,97.46,23,51,false,false,true,false,false,false,false,Superior universitaria completa,Hombre,PIURA,Costa,Gravedad,Venta,Acopiador,Gravedad
false,7,23.38,0,40,60,false,true,true,false,false,false,false,Secundaria incompleta,Hombre,PUNO,Sierra,Secano,Autoconsumo,Sin ventas,Secano
false,1,2,0,25,45,false,false,false,false,false,false,false,Primaria completa,Hombre,SAN MARTIN,Selva,Secano,Autoconsumo,Sin ventas,Secano
true,1,41.3,0,40,65,false,false,false,false,false,false,false,Primaria completa,Hombre,SAN MARTIN,Selva,Secano,Otro,Sin ventas,Secano
false,2,4,92.11,21,39,false,true,true,false,false,false,false,Primaria incompleta,Hombre,SAN MARTIN,Selva,Secano,Venta,Acopiador,Secano
true,4,57,81.74,40,52,false,false,true,false,false,false,false,Primaria completa,Hombre,SAN MARTIN,Selva,Goteo,Venta,Consumidor final,Goteo
true,2,53.19,100,36,57,false,false,true,false,false,false,false,Primaria completa,Hombre,SAN MARTIN,Selva,Secano,Venta,Acopiador,Secano
true,16,12.44,48.28,34,56,false,false,true,false,false,false,false,Secundaria completa,Hombre,TACNA,Sierra,Gravedad,Autoconsumo,Comerciante minorista,Gravedad
true,3,2.69,84.81,50,62,false,true,true,false,false,false,false,Secundaria completa,Hombre,TACNA,Costa,Gravedad,Venta,Comerciante minorista,Gravedad
true,1,2.5,100,5,48,false,false,true,false,false,false,false,Superior no universitaria completa,Hombre,TACNA,Costa,Gravedad,Venta,Acopiador,Gravedad
true,1,14.3,100,18,47,false,true,true,false,false,false,true,Secundaria incompleta,Mujer,UCAYALI,Selva,Secano,Venta,Empresa/Agroindustria,Secano
true,5,18.25,98.13,45,66,false,false,true,false,false,false,false,Primaria incompleta,Hombre,AMAZONAS,Selva,Gravedad,Venta,Empresa/Agroindustria,Gravedad
true,3,3.5,90.32,22,47,false,true,true,false,false,false,false,Secundaria incompleta,Hombre,AMAZONAS,Selva,Secano,Venta,Asociación/Cooperativa,Secano
true,3,52,99.45,55,75,false,false,false,false,false,false,false,Sin nivel,Hombre,AMAZONAS,Sierra,Gravedad,Venta,Comerciante mayorista,Gravedad
true,1,1,98.12,20,62,false,false,true,false,false,false,false,Secundaria incompleta,Mujer,ANCASH,Costa,Gravedad,Venta,Comerciante mayorista,Gravedad
false,4,2.4,71.29,30,52,false,false,false,false,false,false,false,Primaria completa,Hombre,ANCASH,Sierra,Gravedad,Venta,Comerciante mayorista,Gravedad
true,5,6.2,98.09,10,46,false,false,true,false,false,false,false,Primaria incompleta,Hombre,APURIMAC,Sierra,Aspersion,Venta,Comerciante mayorista,Aspersion
true,1,0.45,0,20,63,false,false,false,false,false,false,false,Superior universitaria completa,Hombre,APURIMAC,Sierra,Aspersion,Autoconsumo,Sin ventas,Aspersion
true,5,1.97,80,34,54,false,false,false,false,false,false,false,Secundaria incompleta,Hombre,APURIMAC,Sierra,Aspersion,Venta,Consumidor final,Aspersion
true,3,1.98,0,20,47,false,false,true,false,false,false,false,Secundaria completa,Hombre,AREQUIPA,Costa,Gravedad,Otro,Sin ventas,Gravedad
true,1,2.81,96.88,25,68,false,false,true,false,false,false,false,Primaria completa,Hombre,AREQUIPA,Costa,Gravedad,Venta,Acopiador,Gravedad
true,3,11,100,10,26,false,false,true,true,false,false,true,Superior no universitaria completa,Hombre,AREQUIPA,Costa,Goteo,Venta,Comerciante mayorista,Goteo
true,2,12.1,99.97,35,60,false,true,true,false,false,false,true,Secundaria completa,Hombre,AREQUIPA,Costa,Goteo,Venta,Comerciante minorista,Goteo
true,2,5.9,0,18,44,false,false,true,false,false,false,true,Primaria completa,Hombre,AREQUIPA,Costa,Gravedad,Autoconsumo,Sin ventas,Gravedad
true,4,4.1,99.81,20,57,false,false,true,false,false,false,false,Secundaria incompleta,Hombre,AREQUIPA,Costa,Gravedad,Venta,Acopiador,Gravedad
true,1,15.1,100,13,68,false,false,true,false,false,false,false,Superior universitaria completa,Hombre,AREQUIPA,Costa,Gravedad,Venta,Acopiador,Gravedad
true,2,8.39,100,8,40,false,false,true,true,false,false,false,Secundaria completa,Hombre,AREQUIPA,Costa,Gravedad,Venta,Acopiador,Gravedad
true,4,4.7,0,2,38,false,false,false,false,false,false,false,Primaria incompleta,Hombre,AYACUCHO,Sierra,Secano,Autoconsumo,Sin ventas,Secano
false,3,3,86.89,27,42,false,false,true,false,false,true,false,Primaria incompleta,Hombre,AYACUCHO,Sierra,Aspersion,Venta,Comerciante mayorista,Aspersion
true,9,5.25,85.04,23,44,false,false,true,false,false,false,false,Secundaria incompleta,Hombre,AYACUCHO,Sierra,No especificado,Venta,Acopiador,No especificado
true,5,37,87.8,30,46,false,false,true,false,false,false,false,Secundaria incompleta,Hombre,AYACUCHO,Sierra,Gravedad,Venta,Acopiador,Gravedad
true,3,4.75,96.87,10,32,false,false,true,false,false,false,false,Secundaria completa,Hombre,AYACUCHO,Sierra,Goteo,Venta,Acopiador,Goteo
true,4,7,11.76,37,57,false,true,true,false,false,false,false,Primaria incompleta,Hombre,CAJAMARCA,Selva,Secano,Autoconsumo,Asociación/Cooperativa,Secano
true,6,8.85,88.55,35,51,false,false,false,false,false,false,false,Primaria incompleta,Hombre,CAJAMARCA,Sierra,Gravedad,Venta,Comerciante minorista,Gravedad
true,2,9,94.16,35,57,false,false,true,false,false,false,false,Primaria completa,Hombre,CAJAMARCA,Sierra,Secano,Venta,Acopiador,Secano
true,3,8.19,0,46,63,false,false,true,false,false,false,false,Primaria incompleta,Hombre,CAJAMARCA,Sierra,Gravedad,Autoconsumo,Sin ventas,Gravedad
true,3,2.25,67.95,24,44,false,false,true,false,false,false,false,Secundaria incompleta,Hombre,CUSCO,Selva,Secano,Venta,Acopiador,Secano
true,2,25.5,0,20,48,false,false,false,false,false,false,true,Secundaria completa,Hombre,CUSCO,Selva,Secano,Otro,Sin ventas,Secano
true,4,1.12,74.21,33,56,false,false,true,false,false,false,false,Secundaria completa,Hombre,CUSCO,Sierra,Gravedad,Venta,Acopiador,Gravedad
true,26,8.72,64.1,25,45,false,true,false,false,false,false,false,Secundaria completa,Hombre,CUSCO,Sierra,Aspersion,Venta,Consumidor final,Aspersion
true,2,9,0,1,31,false,false,true,false,false,false,false,Superior universitaria completa,Hombre,CUSCO,Sierra,Secano,Otro,Sin ventas,Secano
true,8,4.37,85.23,33,51,false,true,true,false,false,false,false,Primaria completa,Hombre,HUANCAVELICA,Sierra,Secano,Venta,Asociación/Cooperativa,Secano
true,2,2.8,85.71,17,37,false,false,true,false,false,false,false,Primaria incompleta,Mujer,HUANUCO,Sierra,No especificado,Venta,Comerciante mayorista,No especificado
true,3,7.5,85,15,33,false,false,true,false,false,false,false,Secundaria completa,Hombre,HUANUCO,Sierra,Secano,Venta,Comerciante mayorista,Secano
true,2,20,48.78,32,65,false,false,false,false,false,false,false,Secundaria completa,Hombre,ICA,Costa,Gravedad,Autoconsumo,Comerciante mayorista,Gravedad
true,5,12.52,100,10,39,false,false,true,true,false,false,false,Secundaria completa,Hombre,ICA,Costa,Gravedad,Venta,Acopiador,Gravedad
true,3,10,100,12,45,false,true,true,false,false,false,false,Secundaria completa,Hombre,JUNIN,Selva,Secano,Venta,Comerciante mayorista,Secano
true,5,11,98.79,15,34,false,true,true,false,false,false,false,Secundaria completa,Hombre,JUNIN,Selva,Secano,Venta,Comerciante mayorista,Secano
true,4,1.62,90.98,10,33,false,false,true,false,false,false,false,Primaria completa,Hombre,LA LIBERTAD,Sierra,Secano,Venta,Acopiador,Secano
true,2,1.5,100,7,52,false,false,true,true,false,false,false,Secundaria completa,Hombre,LA LIBERTAD,Costa,Gravedad,Venta,Empresa/Agroindustria,Gravedad
true,1,4,87.5,20,71,false,false,true,false,false,false,false,Secundaria completa,Hombre,LAMBAYEQUE,Costa,Gravedad,Venta,Comerciante minorista,Gravedad
true,4,1.75,0,40,55,false,false,true,false,false,false,false,Primaria completa,Hombre,LAMBAYEQUE,Costa,Gravedad,Otro,Sin ventas,Gravedad
true,2,2.24,100,9,41,false,false,true,false,false,false,false,Superior universitaria completa,Hombre,LAMBAYEQUE,Costa,Otro,Venta,Empresa/Agroindustria,Otro
true,1,1,100,31,59,false,false,true,false,false,false,false,Primaria incompleta,Hombre,LAMBAYEQUE,Costa,Gravedad,Venta,Comerciante mayorista,Gravedad
true,2,6.81,100,20,55,false,false,true,false,false,false,false,Superior universitaria completa,Hombre,LIMA,Costa,Gravedad,Venta,Comerciante mayorista,Gravedad
true,1,3.3,90.91,3,54,false,false,true,false,false,false,false,Superior universitaria completa,Mujer,LIMA,Costa,Gravedad,Venta,Comerciante mayorista,Gravedad
true,1,6.8,100,29,47,false,false,true,false,false,false,false,Secundaria completa,Hombre,LIMA,Costa,Gravedad,Venta,Acopiador,Gravedad
true,1,60,100,23,45,false,true,true,false,false,false,false,Secundaria incompleta,Hombre,MADRE DE DIOS,Selva,Secano,Venta,Acopiador,Secano
true,2,6.6,98.39,17,48,false,false,true,false,false,false,false,Superior no universitaria completa,Hombre,MOQUEGUA,Sierra,Gravedad,Venta,Comerciante mayorista,Gravedad
true,2,199.07,0,33,65,false,false,true,false,false,false,false,Secundaria incompleta,Hombre,PASCO,Selva,Secano,Otro,Sin ventas,Secano
true,2,41,100,36,59,false,false,true,false,false,false,false,Primaria completa,Mujer,PASCO,Sierra,Secano,Venta,Comerciante minorista,Secano
true,3,21,99.6,25,49,false,false,true,false,false,false,false,Secundaria completa,Hombre,PIURA,Costa,Secano,Venta,Comerciante mayorista,Secano
true,1,2,99.68,20,44,false,false,true,false,false,false,false,Secundaria completa,Hombre,PIURA,Costa,Gravedad,Venta,Comerciante mayorista,Gravedad
true,1,3,89.74,15,46,false,false,true,false,false,false,false,Primaria incompleta,Hombre,PIURA,Costa,Secano,Venta,Comerciante mayorista,Secano
true,1,9.6,99.75,25,69,false,false,false,false,false,false,false,Secundaria completa,Hombre,PIURA,Costa,Gravedad,Venta,Comerciante mayorista,Gravedad
true,3,9,95.94,9,65,false,false,false,false,false,false,false,Primaria incompleta,Hombre,PIURA,Costa,Gravedad,Venta,Acopiador,Gravedad
true,3,0.75,98.06,30,55,false,false,true,false,false,false,false,Primaria incompleta,Hombre,PIURA,Costa,Gravedad,Venta,Comerciante mayorista,Gravedad
true,2,4.25,97.22,5,70,false,false,true,false,false,false,false,Primaria incompleta,Mujer,PIURA,Costa,No especificado,Venta,Acopiador,No especificado
true,1,1,100,30,51,false,false,true,false,false,false,false,Secundaria completa,Hombre,PIURA,Costa,No especificado,Venta,Acopiador,No especificado
true,2,220,0,20,45,false,false,false,false,false,false,false,Secundaria incompleta,Hombre,PUNO,Sierra,Secano,Otro,Sin ventas,Secano
true,2,30.59,100,4,45,false,false,true,false,false,false,true,Secundaria completa,Hombre,PUNO,Sierra,Gravedad,Venta,Acopiador,Gravedad
true,9,1.47,0,15,46,false,false,true,false,false,false,false,Secundaria completa,Mujer,PUNO,Sierra,Secano,Autoconsumo,Sin ventas,Secano
false,2,1.37,0,15,37,false,false,true,false,false,false,false,Primaria completa,Mujer,PUNO,Sierra,Secano,Otro,Sin ventas,Secano
true,9,1.21,0,28,50,false,false,true,false,false,false,false,Sin nivel,Mujer,PUNO,Sierra,Secano,Autoconsumo,Sin ventas,Secano
true,1,2,0,0,67,false,false,false,false,false,false,false,Superior universitaria completa,Hombre,SAN MARTIN,Selva,Secano,Otro,Sin ventas,Secano
true,2,19,100,23,46,false,true,true,false,false,false,false,Secundaria incompleta,Hombre,SAN MARTIN,Selva,Secano,Venta,Acopiador,Secano
true,3,37.75,67.62,45,64,false,false,true,false,false,false,false,Secundaria incompleta,Hombre,SAN MARTIN,Selva,Secano,Venta,Acopiador,Secano
true,2,30,100,4,31,false,false,true,true,false,false,false,Superior no universitaria completa,Hombre,SAN MARTIN,Selva,Gravedad,Venta,Comerciante mayorista,Gravedad
true,2,2,0,8,35,false,false,true,false,false,false,true,Secundaria incompleta,Hombre,TACNA,Costa,Gravedad,Otro,Sin ventas,Gravedad
true,4,1.14,0,20,41,false,false,true,false,false,false,false,Secundaria incompleta,Hombre,TACNA,Sierra,Gravedad,Otro,Sin ventas,Gravedad
true,1,1.85,100,20,52,false,true,false,false,false,false,false,Primaria incompleta,Mujer,TACNA,Costa,Gravedad,Venta,Acopiador,Gravedad
true,1,3.5,99.99,13,51,false,false,true,false,false,false,false,Secundaria incompleta,Hombre,TACNA,Costa,Goteo,Venta,Comerciante mayorista,Goteo
true,2,200,99.5,7,59,false,false,true,false,false,false,false,Superior universitaria completa,Mujer,UCAYALI,Selva,Secano,Venta,Comerciante mayorista,Secano
true,1,36,100,10,33,false,false,true,false,false,false,false,Superior universitaria completa,Hombre,UCAYALI,Selva,Secano,Venta,Acopiador,Secano
true,2,9,99.21,25,51,false,false,true,false,false,false,false,Primaria incompleta,Hombre,UCAYALI,Selva,Secano,Venta,Acopiador,Secano
true,1,2,94.12,35,56,false,false,true,true,false,false,false,Primaria completa,Hombre,AMAZONAS,Selva,Gravedad,Venta,Acopiador,Gravedad
true,2,2.05,19.68,9,37,false,false,true,false,false,false,false,Secundaria completa,Hombre,AMAZONAS,Selva,Secano,Autoconsumo,Comerciante mayorista,Secano
true,7,34,73.55,40,57,false,false,true,false,false,false,false,Primaria incompleta,Hombre,AMAZONAS,Sierra,Secano,Venta,Comerciante minorista,Secano
true,1,0.28,0,8,47,false,false,false,false,false,false,false,Superior no universitaria completa,Hombre,ANCASH,Sierra,Gravedad,Otro,Sin ventas,Gravedad
true,7,1.43,99.81,40,58,false,false,false,false,false,false,false,Superior no universitaria incompleta,Hombre,ANCASH,Sierra,Gravedad,Venta,Consumidor final,Gravedad
false,4,2,99.52,40,62,false,false,false,false,false,false,false,Primaria incompleta,Hombre,ANCASH,Sierra,Gravedad,Venta,Comerciante mayorista,Gravedad
false,2,12,98.3,23,52,false,false,true,false,false,false,false,Secundaria completa,Hombre,ANCASH,Sierra,Aspersion,Venta,Comerciante minorista,Aspersion
true,7,1.89,75.54,30,52,false,false,true,false,false,false,false,Primaria completa,Hombre,APURIMAC,Sierra,Aspersion,Venta,Comerciante minorista,Aspersion
true,6,5.67,76.39,17,40,false,true,true,false,false,false,false,Secundaria completa,Hombre,APURIMAC,Sierra,Aspersion,Venta,Consumidor final,Aspersion
true,1,2.5,100,20,63,false,false,true,false,false,false,false,Secundaria completa,Hombre,AREQUIPA,Costa,Gravedad,Venta,Acopiador,Gravedad
true,2,2,99.34,32,57,false,false,false,false,false,false,false,Sin nivel,Hombre,AYACUCHO,Selva,Secano,Venta,Acopiador,Secano
true,5,7.05,67.85,10,41,false,false,true,false,false,true,true,Superior no universitaria incompleta,Hombre,AYACUCHO,Sierra,Gravedad,Venta,Consumidor final,Gravedad
true,6,4,92.39,30,52,false,false,true,false,false,false,false,Primaria incompleta,Mujer,AYACUCHO,Sierra,No especificado,Venta,Acopiador,No especificado
true,5,2.4,88.7,27,52,false,false,true,false,false,true,false,Secundaria completa,Hombre,AYACUCHO,Sierra,No especificado,Venta,Acopiador,No especificado
true,1,1.5,100,7,45,false,false,true,false,true,false,true,Secundaria completa,Hombre,AYACUCHO,Costa,Gravedad,Venta,Acopiador,Gravedad
true,3,6,99.05,20,47,false,false,false,false,false,false,false,Secundaria incompleta,Hombre,CAJAMARCA,Sierra,Gravedad,Venta,Acopiador,Gravedad
true,3,2.5,66.58,35,68,false,false,true,false,false,true,false,Primaria completa,Hombre,CAJAMARCA,Costa,Gravedad,Venta,Comerciante mayorista,Gravedad
true,5,23.46,88.95,23,41,false,false,false,false,false,false,false,Secundaria incompleta,Hombre,CAJAMARCA,Sierra,Aspersion,Venta,Acopiador,Aspersion
true,2,1.4,95.24,35,52,false,false,false,false,false,false,false,Primaria completa,Hombre,CAJAMARCA,Sierra,Gravedad,Venta,Acopiador,Gravedad
false,6,7.71,52.94,28,49,false,false,true,false,false,false,false,Secundaria completa,Hombre,CUSCO,Sierra,Secano,Venta,Acopiador,Secano
true,1,60,94.12,33,61,false,false,true,false,false,false,false,Secundaria incompleta,Hombre,CUSCO,Sierra,Secano,Venta,Comerciante minorista,Secano
true,3,3.6,95.03,35,59,false,true,true,false,false,false,false,Secundaria completa,Hombre,HUANCAVELICA,Sierra,Gravedad,Venta,Acopiador,Gravedad
true,12,9.15,32.57,20,40,false,false,true,false,false,false,false,Secundaria completa,Hombre,HUANCAVELICA,Sierra,Aspersion,Autoconsumo,Comerciante mayorista,Aspersion
true,4,2.64,0,46,64,false,false,false,false,false,false,false,Secundaria incompleta,Hombre,HUANCAVELICA,Costa,Gravedad,Autoconsumo,Sin ventas,Gravedad
true,1,6.4,26.15,20,40,false,true,false,false,false,false,true,Secundaria completa,Hombre,HUANUCO,Selva,Secano,Autoconsumo,Acopiador,Secano
true,4,559,99.53,15,34,false,true,true,false,false,false,false,Superior universitaria completa,Hombre,HUANUCO,Sierra,Secano,Venta,Comerciante mayorista,Secano
true,1,4,97.44,10,42,false,false,true,false,false,false,false,Primaria completa,Hombre,ICA,Costa,Gravedad,Venta,Acopiador,Gravedad
true,2,11,98.6,25,57,false,false,true,false,false,false,false,Secundaria completa,Hombre,JUNIN,Selva,Secano,Venta,Comerciante mayorista,Secano
false,9,7.39,81.36,40,60,false,false,true,false,false,false,false,Primaria completa,Hombre,JUNIN,Sierra,Aspersion,Venta,Comerciante mayorista,Aspersion
true,1,4.3,0,5,25,false,false,false,false,false,false,false,Secundaria completa,Hombre,JUNIN,Selva,Secano,Otro,Sin ventas,Secano
true,9,42,100,18,45,false,true,true,false,false,false,true,Superior universitaria completa,Hombre,JUNIN,Selva,Secano,Venta,Empresa/Agroindustria,Secano
true,6,1.7,84.71,35,54,false,false,true,false,false,false,false,Secundaria incompleta,Hombre,JUNIN,Sierra,Aspersion,Venta,Comerciante mayorista,Aspersion
true,3,1.02,0,15,48,false,false,false,false,false,false,false,Superior universitaria completa,Mujer,JUNIN,Sierra,Secano,Autoconsumo,Sin ventas,Secano
true,1,5.87,94.83,10,64,false,false,true,false,false,false,false,Primaria incompleta,Mujer,LA LIBERTAD,Costa,Secano,Venta,Acopiador,Secano
true,4,17.5,98.52,23,45,false,false,true,false,false,false,false,Primaria completa,Hombre,LA LIBERTAD,Costa,Secano,Venta,Comerciante mayorista,Secano
false,2,62,0,22,60,false,true,false,false,false,false,false,Secundaria completa,Hombre,LA LIBERTAD,Costa,Gravedad,Otro,Sin ventas,Gravedad
true,3,4.1,58.25,23,45,false,false,true,false,false,false,false,Primaria completa,Hombre,LA LIBERTAD,Sierra,Secano,Venta,Acopiador,Secano
true,5,7.6,97.36,23,42,false,false,true,false,false,false,false,Secundaria completa,Hombre,LAMBAYEQUE,Costa,Gravedad,Venta,Comerciante mayorista,Gravedad
true,1,0.9,88.89,15,52,false,false,true,true,false,false,false,Primaria completa,Hombre,LAMBAYEQUE,Costa,Gravedad,Venta,Acopiador,Gravedad
true,1,9.49,99.08,20,51,false,false,true,false,false,false,false,Secundaria completa,Hombre,LAMBAYEQUE,Costa,Otro,Venta,Comerciante mayorista,Otro
true,1,6.75,99.21,32,57,false,false,true,false,false,false,false,Superior universitaria incompleta,Hombre,LAMBAYEQUE,Costa,Gravedad,Venta,Comerciante mayorista,Gravedad
true,2,2.22,100,32,51,false,false,true,true,false,false,false,Primaria completa,Hombre,LAMBAYEQUE,Costa,Gravedad,Venta,Comerciante mayorista,Gravedad
true,1,1.9,100,10,44,false,false,true,false,false,false,true,Secundaria completa,Hombre,LIMA,Costa,Goteo,Venta,Comerciante mayorista,Goteo
true,5,1.48,99.54,35,56,false,false,false,false,false,false,false,Secundaria incompleta,Hombre,LIMA,Sierra,Gravedad,Venta,Comerciante mayorista,Gravedad
true,3,2.48,93.33,20,43,false,false,false,false,false,false,false,Secundaria completa,Hombre,LIMA,Sierra,Gravedad,Venta,Comerciante mayorista,Gravedad
true,1,3.39,99.92,30,69,false,false,true,false,false,false,false,Primaria incompleta,Hombre,LIMA,Costa,Gravedad,Venta,Comerciante mayorista,Gravedad
true,11,9.41,92.07,22,40,false,false,false,false,false,false,false,Secundaria completa,Hombre,MOQUEGUA,Sierra,Gravedad,Venta,Comerciante mayorista,Gravedad
false,1,2,0,24,76,false,false,false,false,false,false,false,Primaria incompleta,Hombre,MOQUEGUA,Costa,Gravedad,Autoconsumo,Sin ventas,Gravedad
true,3,1.68,81.71,5,33,false,false,true,false,false,false,false,Superior no universitaria incompleta,Hombre,PASCO,Sierra,Gravedad,Venta,Acopiador,Gravedad
true,9,1.53,0,19,39,false,false,false,false,false,false,false,Secundaria completa,Mujer,PASCO,Sierra,Secano,Otro,Sin ventas,Secano
true,1,21.15,0,48,68,false,false,false,false,false,false,false,Primaria incompleta,Hombre,PASCO,Selva,Secano,Otro,Sin ventas,Secano
true,2,9.5,100,23,43,false,true,true,false,false,false,false,Secundaria incompleta,Hombre,PASCO,Selva,Secano,Venta,Acopiador,Secano
true,1,14,95.23,20,46,false,false,true,false,false,false,false,Primaria incompleta,Hombre,PIURA,Costa,Gravedad,Venta,Acopiador,Gravedad
true,1,2,95.65,25,66,false,false,true,true,false,false,false,Secundaria completa,Hombre,PIURA,Costa,Gravedad,Venta,Comerciante mayorista,Gravedad
true,3,7.05,100,12,61,false,false,true,false,false,false,false,Secundaria completa,Hombre,PIURA,Costa,No especificado,Venta,Comerciante mayorista,No especificado
true,5,2.8,93.26,25,55,false,false,true,true,false,false,false,Primaria incompleta,Hombre,PIURA,Costa,Gravedad,Venta,Acopiador,Gravedad
true,2,22,95,21,38,false,false,false,false,false,false,false,Primaria completa,Mujer,PUNO,Selva,Secano,Venta,Comerciante mayorista,Secano
true,9,20.5,0,40,64,false,false,true,false,false,false,false,Primaria completa,Hombre,PUNO,Sierra,Secano,Otro,Sin ventas,Secano
true,7,19.5,0,37,58,false,false,true,false,false,false,false,Primaria completa,Hombre,PUNO,Sierra,Secano,Otro,Sin ventas,Secano
true,5,54,0,35,64,false,false,true,false,false,false,false,Primaria completa,Mujer,PUNO,Sierra,Secano,Autoconsumo,Sin ventas,Secano
true,13,4.35,6.06,7,27,false,true,true,false,false,false,false,Secundaria completa,Mujer,PUNO,Sierra,Gravedad,Autoconsumo,Consumidor final,Gravedad
true,8,1.45,0,25,39,false,false,true,false,false,false,false,Secundaria incompleta,Mujer,PUNO,Sierra,Gravedad,Autoconsumo,Sin ventas,Gravedad
true,4,8.5,89.36,27,44,false,true,true,false,false,false,false,Primaria completa,Hombre,SAN MARTIN,Selva,Secano,Venta,Acopiador,Secano
true,1,25,100,15,52,false,true,true,false,false,false,false,Secundaria completa,Hombre,SAN MARTIN,Selva,Secano,Venta,Comerciante mayorista,Secano
true,2,100,90.86,22,40,false,false,true,false,false,false,false,Secundaria incompleta,Hombre,SAN MARTIN,Selva,Gravedad,Venta,Acopiador,Gravedad
true,1,12,99.01,48,71,false,false,true,false,false,false,false,Secundaria incompleta,Hombre,SAN MARTIN,Selva,Secano,Venta,Acopiador,Secano
true,1,4.8,99.59,5,58,false,true,true,false,false,false,false,Secundaria completa,Hombre,TACNA,Costa,Goteo,Venta,Consumidor final,Goteo
true,1,2,99.85,17,48,false,false,false,false,false,false,false,Secundaria incompleta,Mujer,TUMBES,Costa,Gravedad,Venta,Acopiador,Gravedad
true,3,1.9,99.92,17,67,false,true,false,false,false,false,false,Primaria incompleta,Hombre,TUMBES,Costa,Gravedad,Venta,Acopiador,Gravedad
true,1,3.07,100,15,60,false,false,true,false,false,false,true,Secundaria completa,Hombre,TUMBES,Costa,No especificado,Venta,Acopiador,No especificado
true,2,25,0,29,60,false,false,true,false,false,false,false,Secundaria completa,Hombre,UCAYALI,Selva,Secano,Otro,Sin ventas,Secano
true,2,61,98.63,30,53,false,false,true,false,false,false,false,Secundaria incompleta,Hombre,AMAZONAS,Selva,Secano,Venta,Acopiador,Secano
true,3,22,98.76,30,48,false,true,true,false,false,false,false,Primaria completa,Hombre,AMAZONAS,Selva,Gravedad,Venta,Comerciante minorista,Gravedad
true,2,3.3,0,25,48,false,true,false,false,false,false,false,Primaria completa,Hombre,AMAZONAS,Selva,Secano,Otro,Sin ventas,Secano
true,2,1.5,0,44,69,false,false,false,false,false,false,false,Secundaria incompleta,Hombre,ANCASH,Sierra,No especificado,Otro,Sin ventas,No especificado
true,1,16,100,45,92,false,false,true,false,false,false,true,Primaria incompleta,Hombre,AREQUIPA,Costa,Gravedad,Venta,Acopiador,Gravedad
true,2,12,100,4,39,false,false,false,false,false,false,false,Superior universitaria completa,Hombre,AREQUIPA,Sierra,Gravedad,Venta,Acopiador,Gravedad
true,2,10.5,100,12,52,false,false,true,false,false,false,true,Superior no universitaria completa,Hombre,AREQUIPA,Costa,Goteo,Venta,Comerciante mayorista,Goteo
true,1,2.97,100,12,44,false,false,true,false,false,false,false,Secundaria completa,Hombre,AREQUIPA,Costa,Gravedad,Venta,Acopiador,Gravedad
true,3,7.65,98.37,25,43,false,false,true,false,false,false,false,Primaria incompleta,Hombre,AYACUCHO,Selva,Secano,Venta,Acopiador,Secano
true,12,10.25,75.95,12,29,false,false,true,false,false,false,false,Primaria completa,Hombre,AYACUCHO,Sierra,Aspersion,Venta,Comerciante minorista,Aspersion
true,1,5.78,99.38,30,51,false,false,true,false,false,true,false,Secundaria incompleta,Hombre,AYACUCHO,Sierra,Goteo,Venta,Acopiador,Goteo
true,5,2.38,30.2,35,52,false,false,true,false,false,true,true,Primaria incompleta,Mujer,AYACUCHO,Sierra,Gravedad,Autoconsumo,Consumidor final,Gravedad
true,6,1,0,27,44,false,false,false,false,false,false,false,Secundaria completa,Hombre,AYACUCHO,Sierra,Gravedad,Otro,Sin ventas,Gravedad
true,4,4.05,7.84,22,43,false,false,true,false,false,false,false,Secundaria incompleta,Hombre,CAJAMARCA,Selva,Secano,Autoconsumo,Comerciante mayorista,Secano
true,2,22.5,0,30,52,false,true,true,false,false,false,false,Primaria completa,Mujer,CAJAMARCA,Sierra,Secano,Otro,Sin ventas,Secano
true,3,12,0,32,52,false,false,true,false,false,false,false,Primaria incompleta,Hombre,CAJAMARCA,Sierra,Secano,Otro,Sin ventas,Secano
true,3,16,76.92,42,62,false,false,true,false,false,false,false,Primaria completa,Hombre,CAJAMARCA,Sierra,Gravedad,Venta,Consumidor final,Gravedad
true,8,4.45,69.19,40,59,false,false,true,false,false,true,true,Primaria completa,Hombre,CUSCO,Sierra,No especificado,Venta,Acopiador,No especificado
true,5,17.1,0,30,58,false,false,true,false,false,false,false,Primaria completa,Hombre,CUSCO,Sierra,Secano,Otro,Sin ventas,Secano
true,6,2.67,91.84,19,32,false,false,false,false,false,false,false,Secundaria completa,Mujer,HUANCAVELICA,Sierra,Gravedad,Venta,Acopiador,Gravedad
true,2,35,74.42,38,56,false,false,true,false,false,false,false,Primaria completa,Hombre,HUANUCO,Selva,Secano,Venta,Acopiador,Secano
false,2,6,43.48,22,40,false,false,false,false,false,false,false,Secundaria completa,Hombre,HUANUCO,Sierra,Aspersion,Autoconsumo,Acopiador,Aspersion
true,1,0.97,0,2,20,false,false,true,true,false,false,false,Superior universitaria incompleta,Hombre,ICA,Costa,Gravedad,Otro,Sin ventas,Gravedad
true,3,33,99.93,43,60,false,true,true,false,true,false,true,Secundaria completa,Hombre,JUNIN,Selva,Secano,Venta,Comerciante mayorista,Secano
false,12,5.8,79.2,51,71,false,false,true,false,false,false,false,Primaria completa,Hombre,JUNIN,Sierra,Aspersion,Venta,Comerciante mayorista,Aspersion
true,2,2.54,92.25,35,57,false,false,true,false,false,false,false,Primaria completa,Hombre,JUNIN,Sierra,Secano,Venta,Comerciante mayorista,Secano
true,3,13.25,75.62,8,70,false,false,false,false,false,false,true,Secundaria incompleta,Mujer,JUNIN,Sierra,Secano,Venta,Comerciante minorista,Secano
true,3,16.5,97.52,22,48,false,false,true,false,false,false,false,Superior universitaria incompleta,Hombre,JUNIN,Selva,Secano,Venta,Acopiador,Secano
false,2,8.5,100,30,60,false,true,true,false,false,false,false,Secundaria incompleta,Hombre,JUNIN,Selva,Secano,Venta,Acopiador,Secano
true,2,5.14,98.16,34,48,false,false,true,false,false,false,false,Secundaria completa,Hombre,LA LIBERTAD,Costa,Secano,Venta,Acopiador,Secano
true,3,32,96.3,23,70,false,false,true,false,false,false,true,Superior universitaria completa,Hombre,LA LIBERTAD,Costa,Otro,Venta,Acopiador,Otro
true,5,15.62,0,40,60,false,false,true,false,false,false,true,Primaria incompleta,Hombre,LA LIBERTAD,Sierra,Aspersion,Otro,Sin ventas,Aspersion
true,1,4,100,4,51,false,false,true,false,false,false,false,Secundaria incompleta,Hombre,LAMBAYEQUE,Costa,Gravedad,Venta,Comerciante mayorista,Gravedad
true,3,5.07,84.62,23,53,false,false,true,false,false,false,true,Secundaria completa,Hombre,LAMBAYEQUE,Costa,Gravedad,Venta,Comerciante mayorista,Gravedad
true,3,16.2,95.43,20,46,false,false,true,false,false,false,true,Superior universitaria completa,Hombre,LAMBAYEQUE,Costa,Gravedad,Venta,Empresa/Agroindustria,Gravedad
true,1,6.5,99.78,10,41,false,false,true,false,false,false,false,Superior universitaria completa,Hombre,LAMBAYEQUE,Costa,Gravedad,Venta,Comerciante mayorista,Gravedad
false,2,1.54,90.89,40,70,false,true,true,false,false,false,false,Secundaria completa,Hombre,LIMA,Costa,Gravedad,Venta,Comerciante mayorista,Gravedad
true,3,39,100,20,68,false,false,true,false,false,false,false,Secundaria completa,Hombre,LIMA,Costa,Aspersion,Venta,Empresa/Agroindustria,Aspersion
false,1,0.68,0,20,33,false,false,true,false,false,false,false,Secundaria completa,Hombre,LORETO,Selva,Secano,Otro,Sin ventas,Secano
true,2,15.15,32.26,42,60,false,false,true,false,false,false,false,Primaria incompleta,Hombre,LORETO,Selva,Gravedad,Autoconsumo,Comerciante mayorista,Gravedad
true,2,1164.56,94.89,24,45,false,false,false,false,false,false,false,Superior no universitaria completa,Hombre,MADRE DE DIOS,Selva,Secano,Venta,Acopiador,Secano
false,2,6,90.01,27,57,false,false,false,false,false,false,false,Primaria completa,Hombre,PIURA,Costa,Gravedad,Venta,Comerciante minorista,Gravedad
true,1,9,100,20,42,false,false,true,false,false,false,false,Secundaria incompleta,Hombre,PIURA,Costa,Gravedad,Venta,Acopiador,Gravedad
true,2,5.5,82.61,15,35,false,false,true,false,false,false,false,Primaria incompleta,Hombre,PIURA,Costa,Secano,Venta,Acopiador,Secano
true,2,2.9,98.23,25,60,false,false,true,true,false,false,false,Secundaria incompleta,Hombre,PIURA,Costa,Gravedad,Venta,Acopiador,Gravedad
true,3,2.09,98.57,11,54,false,false,true,false,false,true,false,Sin nivel,Mujer,PIURA,Costa,No especificado,Venta,Acopiador,No especificado
true,2,2,91.58,2,45,false,false,true,false,false,false,false,Secundaria completa,Mujer,PIURA,Costa,Gravedad,Venta,Acopiador,Gravedad
true,5,15.3,88.89,40,62,false,false,true,false,false,false,false,Primaria incompleta,Hombre,PIURA,Costa,Gravedad,Venta,Comerciante mayorista,Gravedad
true,13,45.83,0,34,59,false,true,false,false,false,false,false,Superior no universitaria completa,Hombre,PUNO,Sierra,Secano,Autoconsumo,Sin ventas,Secano
true,4,6.35,0,15,36,false,true,true,false,false,false,false,Secundaria completa,Mujer,PUNO,Sierra,Secano,Otro,Sin ventas,Secano
true,3,26.5,0,25,43,false,true,true,false,false,false,false,Secundaria completa,Hombre,PUNO,Sierra,Secano,Otro,Sin ventas,Secano
true,2,4.6,0,27,47,false,false,false,false,false,false,false,Primaria incompleta,Hombre,SAN MARTIN,Selva,Secano,Otro,Sin ventas,Secano
true,1,29,100,25,47,false,false,true,false,false,false,false,Secundaria completa,Hombre,SAN MARTIN,Selva,No especificado,Venta,Comerciante mayorista,No especificado
true,1,9,90.68,50,70,false,false,true,false,false,false,false,Superior universitaria completa,Hombre,SAN MARTIN,Selva,Secano,Venta,Acopiador,Secano
true,3,9.7,100,34,52,false,false,true,false,false,true,false,Primaria completa,Mujer,SAN MARTIN,Selva,Secano,Venta,Acopiador,Secano
true,2,6.5,12.2,16,36,false,false,true,false,false,false,false,Primaria completa,Hombre,SAN MARTIN,Selva,Secano,Autoconsumo,Comerciante mayorista,Secano
true,2,18.9,95.11,10,51,false,true,true,false,false,false,false,Secundaria incompleta,Hombre,SAN MARTIN,Selva,Secano,Venta,Acopiador,Secano
true,3,2.33,98.57,21,40,false,false,true,false,false,false,false,Secundaria completa,Hombre,TACNA,Sierra,Gravedad,Venta,Comerciante minorista,Gravedad
true,2,6,97.38,20,41,false,false,true,false,false,false,false,Secundaria completa,Mujer,TACNA,Costa,Goteo,Venta,Comerciante minorista,Goteo
true,2,15.5,100,45,63,false,false,true,false,false,false,false,Secundaria completa,Hombre,TUMBES,Costa,Gravedad,Venta,Acopiador,Gravedad
true,10,52.7,100,25,63,false,false,true,false,false,false,false,Secundaria completa,Hombre,TUMBES,Costa,Gravedad,Venta,Acopiador,Gravedad
true,1,1.2,0,0,65,false,false,true,false,false,false,false,Superior universitaria completa,Hombre,TUMBES,Costa,No especificado,Otro,Sin ventas,No especificado
true,2,1.4,99.94,25,53,false,false,true,false,false,false,false,Secundaria completa,Hombre,TUMBES,Costa,Gravedad,Venta,Acopiador,Gravedad
true,1,63.5,93.33,35,61,false,false,true,false,false,false,false,Primaria completa,Hombre,UCAYALI,Selva,Secano,Venta,Acopiador,Secano
true,3,11.1,39.29,30,55,false,false,false,false,false,false,false,Secundaria completa,Hombre,AMAZONAS,Selva,Secano,Autoconsumo,Comerciante minorista,Secano
true,2,15,0,18,36,false,false,true,false,false,false,false,Secundaria incompleta,Hombre,AMAZONAS,Sierra,Secano,Autoconsumo,Sin ventas,Secano
true,7,13.6,99.98,20,45,false,false,true,true,false,false,false,Secundaria incompleta,Hombre,ANCASH,Costa,Gravedad,Venta,Comerciante mayorista,Gravedad
false,1,0.67,100,20,52,false,false,true,false,false,false,false,Secundaria completa,Hombre,ANCASH,Costa,Gravedad,Venta,Acopiador,Gravedad
true,6,2.05,90.14,20,37,false,false,true,false,false,false,false,Primaria completa,Hombre,APURIMAC,Sierra,Secano,Venta,Comerciante minorista,Secano
true,5,0.72,0,18,52,false,false,false,false,false,false,false,Superior no universitaria incompleta,Hombre,APURIMAC,Sierra,Aspersion,Autoconsumo,Sin ventas,Aspersion
true,2,1.32,100,13,51,false,false,true,false,false,false,false,Primaria completa,Hombre,AREQUIPA,Sierra,Gravedad,Venta,Consumidor final,Gravedad
true,3,2.94,100,5,54,false,false,true,false,false,false,false,Secundaria incompleta,Hombre,AREQUIPA,Costa,Gravedad,Venta,Acopiador,Gravedad
true,2,1.98,99.89,50,68,false,false,true,false,false,false,false,Primaria incompleta,Hombre,AREQUIPA,Costa,Gravedad,Venta,Acopiador,Gravedad
true,1,4.95,100,35,67,false,false,true,false,false,false,false,Secundaria completa,Hombre,AREQUIPA,Costa,Gravedad,Venta,Acopiador,Gravedad
true,1,5.5,0,10,33,false,false,false,false,false,false,false,Superior no universitaria incompleta,Mujer,AREQUIPA,Costa,Goteo,Otro,Sin ventas,Goteo
true,1,3.3,88.89,50,74,false,false,true,false,false,false,false,Superior universitaria completa,Hombre,AREQUIPA,Sierra,Gravedad,Venta,Acopiador,Gravedad
true,2,1,100,10,66,false,false,true,false,false,false,false,Superior no universitaria completa,Hombre,AREQUIPA,Costa,Otro,Venta,Acopiador,Otro
true,3,4.47,99.9,25,58,false,false,true,false,false,false,false,Secundaria completa,Hombre,AREQUIPA,Costa,Gravedad,Venta,Comerciante minorista,Gravedad
true,1,3.5,100,40,75,false,false,true,false,false,false,false,Primaria incompleta,Hombre,AREQUIPA,Costa,Gravedad,Venta,Acopiador,Gravedad
true,2,8.58,100,30,58,false,false,true,false,false,false,true,Superior universitaria completa,Hombre,AREQUIPA,Costa,Gravedad,Venta,Acopiador,Gravedad
true,6,15.79,0,30,56,false,false,false,false,false,false,true,Secundaria incompleta,Hombre,AYACUCHO,Sierra,Secano,Otro,Sin ventas,Secano
true,3,2.95,84.38,17,37,false,false,false,false,false,false,false,Primaria completa,Hombre,AYACUCHO,Sierra,Secano,Venta,Comerciante minorista,Secano
true,5,1.38,58.41,22,42,false,false,true,false,false,false,false,Secundaria incompleta,Hombre,AYACUCHO,Sierra,No especificado,Venta,Comerciante minorista,No especificado
true,3,4,97.24,2,56,false,false,true,false,false,true,false,Primaria completa,Mujer,AYACUCHO,Sierra,No especificado,Venta,Comerciante mayorista,No especificado
true,5,3.5,86.04,20,41,false,false,true,false,false,true,false,Primaria incompleta,Hombre,AYACUCHO,Sierra,Aspersion,Venta,Comerciante mayorista,Aspersion
true,4,4.45,71.43,25,42,false,false,true,false,false,false,false,Primaria completa,Hombre,AYACUCHO,Sierra,Secano,Venta,Comerciante minorista,Secano
true,13,6.68,0,44,66,false,false,true,false,false,false,false,Primaria incompleta,Hombre,AYACUCHO,Sierra,Aspersion,Autoconsumo,Sin ventas,Aspersion
true,2,9,89.59,50,70,false,true,true,false,false,false,false,Primaria incompleta,Hombre,CAJAMARCA,Selva,Gravedad,Venta,Comerciante mayorista,Gravedad
true,4,28,76.92,21,46,false,false,true,false,false,false,false,Secundaria completa,Hombre,CAJAMARCA,Sierra,Secano,Venta,Comerciante minorista,Secano
true,4,4.78,99.42,37,69,false,false,true,false,false,false,false,Superior universitaria completa,Hombre,CAJAMARCA,Costa,Gravedad,Venta,Comerciante mayorista,Gravedad
true,5,46,2.25,12,32,false,false,false,false,false,false,false,Primaria completa,Hombre,CAJAMARCA,Sierra,Secano,Autoconsumo,Consumidor final,Secano
true,6,1.66,0,35,51,false,false,true,false,false,false,false,Primaria completa,Hombre,CUSCO,Sierra,Otro,Autoconsumo,Sin ventas,Otro
true,5,3.25,84.66,40,56,false,true,true,false,false,false,false,Secundaria completa,Hombre,CUSCO,Sierra,No especificado,Venta,Acopiador,No especificado
true,6,1.75,54.55,5,28,false,false,true,false,false,false,false,Secundaria completa,Hombre,HUANCAVELICA,Sierra,Secano,Venta,Comerciante mayorista,Secano
true,9,7.95,80.17,40,61,false,false,true,false,false,true,false,Secundaria completa,Hombre,HUANCAVELICA,Sierra,Secano,Venta,Comerciante minorista,Secano
true,2,271,94.12,38,58,false,false,false,false,false,false,false,Secundaria incompleta,Hombre,HUANUCO,Selva,Secano,Venta,Comerciante mayorista,Secano
true,3,1.25,100,20,43,false,false,true,false,false,false,false,Primaria incompleta,Hombre,HUANUCO,Sierra,Secano,Venta,Comerciante mayorista,Secano
true,11,41.5,59.48,23,55,false,false,true,false,false,false,false,Primaria incompleta,Hombre,HUANUCO,Sierra,Secano,Venta,Comerciante mayorista,Secano
true,7,4.31,98.78,9,37,false,true,true,false,false,false,false,Superior no universitaria completa,Hombre,HUANUCO,Sierra,Aspersion,Venta,Acopiador,Aspersion
true,1,11.9,99.02,30,56,false,false,true,false,false,false,false,Primaria incompleta,Hombre,ICA,Costa,Gravedad,Venta,Acopiador,Gravedad
true,1,1.32,99.6,5,46,false,false,true,false,false,false,false,Secundaria completa,Hombre,ICA,Costa,Gravedad,Venta,Acopiador,Gravedad
true,3,7,100,38,68,false,false,true,true,false,false,false,Primaria completa,Hombre,ICA,Costa,Gravedad,Venta,Acopiador,Gravedad
true,2,6.3,90.64,4,32,false,false,true,false,false,false,false,Secundaria completa,Hombre,ICA,Costa,Gravedad,Venta,Acopiador,Gravedad
true,4,15.13,98.26,36,64,false,false,true,false,false,false,false,Primaria completa,Hombre,ICA,Costa,Gravedad,Venta,Comerciante minorista,Gravedad
true,3,3.65,100,13,39,false,false,true,false,false,false,false,Secundaria completa,Hombre,JUNIN,Selva,Secano,Venta,Comerciante mayorista,Secano
true,1,390,99.5,3,27,false,false,true,false,false,false,false,Superior universitaria completa,Hombre,JUNIN,Sierra,Aspersion,Venta,Comerciante minorista,Aspersion
true,3,19.8,98.46,5,45,false,false,true,false,false,false,false,Superior universitaria completa,Mujer,JUNIN,Sierra,Secano,Venta,Acopiador,Secano
true,8,0.81,98.82,23,51,false,false,true,false,false,false,false,Secundaria completa,Hombre,JUNIN,Sierra,Gravedad,Venta,Comerciante mayorista,Gravedad
true,2,1.25,100,15,64,false,false,true,false,false,false,false,Secundaria incompleta,Hombre,JUNIN,Sierra,Gravedad,Venta,Consumidor final,Gravedad
true,2,1.04,99.83,35,68,false,false,true,false,false,false,false,Primaria completa,Hombre,JUNIN,Sierra,No especificado,Venta,Comerciante mayorista,No especificado
true,5,3.71,0,30,49,false,false,true,false,false,false,false,Primaria completa,Mujer,JUNIN,Sierra,Gravedad,Otro,Sin ventas,Gravedad
true,3,0.28,0,40,60,false,false,true,false,false,false,false,Secundaria completa,Hombre,JUNIN,Sierra,Secano,Otro,Sin ventas,Secano
true,1,5,98.04,10,28,false,false,true,false,false,false,false,Superior no universitaria completa,Hombre,LA LIBERTAD,Costa,Secano,Venta,Acopiador,Secano
true,1,1,0,10,56,false,false,true,false,false,false,false,Primaria incompleta,Mujer,LAMBAYEQUE,Costa,No especificado,Otro,Sin ventas,No especificado
false,1,1,100,6,50,false,false,true,false,false,false,false,Secundaria incompleta,Hombre,LIMA,Costa,Gravedad,Venta,Comerciante mayorista,Gravedad
false,1,0.47,62.5,18,45,false,false,false,false,false,false,false,Secundaria completa,Hombre,LIMA,Costa,Gravedad,Venta,Consumidor final,Gravedad
true,1,4.12,100,35,51,false,false,true,false,false,false,true,Superior universitaria completa,Mujer,LIMA,Costa,Gravedad,Venta,Comerciante mayorista,Gravedad
true,1,1.6,99.64,37,65,false,false,true,false,false,false,false,Primaria completa,Hombre,LIMA,Costa,Gravedad,Venta,Comerciante mayorista,Gravedad
true,1,1.01,100,40,61,false,false,true,false,false,false,false,Primaria completa,Hombre,LIMA,Costa,Gravedad,Venta,Comerciante mayorista,Gravedad
true,2,14,98.1,25,54,false,false,true,false,false,false,true,Primaria completa,Hombre,LORETO,Selva,Secano,Venta,Comerciante minorista,Secano
true,1,95,98.71,30,61,false,true,false,false,false,false,true,Secundaria incompleta,Hombre,MADRE DE DIOS,Selva,Secano,Venta,Consumidor final,Secano
true,3,5,96.54,16,44,false,false,true,false,false,false,false,Superior no universitaria completa,Mujer,PIURA,Costa,No especificado,Venta,Comerciante mayorista,No especificado
true,4,8.75,0,40,63,false,false,true,false,false,false,false,Primaria incompleta,Hombre,PIURA,Costa,Secano,Otro,Sin ventas,Secano
true,2,1,21.74,15,39,false,false,false,false,false,false,false,Primaria completa,Mujer,PIURA,Costa,Secano,Autoconsumo,Acopiador,Secano
false,3,2.94,100,3,22,false,false,true,false,false,false,false,Secundaria completa,Hombre,PIURA,Costa,No especificado,Venta,Comerciante minorista,No especificado
true,1,5.5,45.32,30,51,false,false,false,false,false,false,false,Secundaria completa,Mujer,PIURA,Costa,Gravedad,Autoconsumo,Comerciante minorista,Gravedad
true,3,2,16.13,14,49,false,false,true,false,false,false,false,Primaria incompleta,Hombre,PIURA,Costa,Gravedad,Autoconsumo,Acopiador,Gravedad
true,2,4,95.49,10,52,false,false,true,false,false,false,false,Secundaria completa,Hombre,PIURA,Costa,Gravedad,Venta,Acopiador,Gravedad
true,1,1.1,94.12,33,68,false,false,true,false,false,false,false,Primaria incompleta,Hombre,PIURA,Costa,No especificado,Venta,Acopiador,No especificado
true,2,36,0,10,33,false,true,true,false,false,false,false,Superior no universitaria completa,Hombre,PUNO,Sierra,Aspersion,Autoconsumo,Sin ventas,Aspersion
true,3,8.5,91.37,26,44,false,true,true,false,false,false,false,Primaria completa,Hombre,SAN MARTIN,Selva,Secano,Venta,Acopiador,Secano
true,2,75,99.9,44,60,false,false,true,false,false,false,false,Superior universitaria completa,Hombre,SAN MARTIN,Selva,Secano,Venta,Consumidor final,Secano
true,1,4,100,7,25,false,false,true,false,false,false,false,Secundaria completa,Hombre,SAN MARTIN,Selva,Secano,Venta,Acopiador,Secano
true,1,14,98.25,2,36,false,false,true,false,false,false,false,Secundaria completa,Hombre,SAN MARTIN,Selva,Secano,Venta,Acopiador,Secano
true,2,110,80.46,20,40,false,false,true,false,false,false,false,Primaria completa,Hombre,SAN MARTIN,Selva,Secano,Venta,Comerciante minorista,Secano
true,6,18,100,30,50,false,false,true,false,false,false,false,Primaria incompleta,Hombre,SAN MARTIN,Selva,Secano,Venta,Acopiador,Secano
true,24,5.98,99.89,24,43,false,false,false,false,false,false,false,Secundaria incompleta,Mujer,TACNA,Sierra,Gravedad,Venta,Consumidor final,Gravedad
false,1,2,94.57,15,75,false,true,true,false,false,false,false,Primaria incompleta,Hombre,TACNA,Costa,Goteo,Venta,Acopiador,Goteo
true,3,2.3,99.93,20,42,false,true,true,false,false,false,false,Superior no universitaria incompleta,Hombre,TUMBES,Costa,Gravedad,Venta,Acopiador,Gravedad
true,1,10.7,100,10,54,false,false,true,false,false,false,false,Primaria completa,Hombre,TUMBES,Costa,No especificado,Venta,Acopiador,No especificado
true,2,4.2,100,15,49,false,false,true,false,false,false,false,Primaria completa,Hombre,TUMBES,Costa,No especificado,Venta,Acopiador,No especificado
true,4,26.9,100,18,54,false,false,true,false,false,false,false,Superior no universitaria completa,Hombre,UCAYALI,Selva,Secano,Venta,Comerciante mayorista,Secano
true,1,6,100,9,50,false,false,true,false,false,false,false,Secundaria incompleta,Hombre,UCAYALI,Selva,Secano,Venta,Empresa/Agroindustria,Secano
true,3,80,93.1,45,63,false,true,true,false,false,false,true,Secundaria completa,Hombre,UCAYALI,Selva,Secano,Venta,Comerciante mayorista,Secano
true,1,83.5,91.84,20,58,false,true,true,false,false,false,true,Secundaria completa,Hombre,UCAYALI,Selva,Secano,Venta,Acopiador,Secano
true,2,22,100,10,35,false,false,false,false,false,false,false,Secundaria incompleta,Hombre,AMAZONAS,Selva,Secano,Venta,Comerciante mayorista,Secano
true,3,6.4,99.91,35,53,false,true,false,false,false,false,false,Secundaria completa,Hombre,AMAZONAS,Selva,Secano,Venta,Comerciante mayorista,Secano
true,2,3,98.6,20,44,false,false,true,false,false,false,false,Secundaria completa,Hombre,AMAZONAS,Selva,Gravedad,Venta,Acopiador,Gravedad
true,2,70,0,40,66,false,false,true,false,false,false,false,Primaria completa,Hombre,AMAZONAS,Sierra,Secano,Otro,Sin ventas,Secano
true,1,260,0,40,63,false,false,false,false,false,false,false,Superior no universitaria completa,Hombre,AMAZONAS,Sierra,Secano,Otro,Sin ventas,Secano
true,3,4.5,100,10,31,false,false,true,false,false,false,false,Secundaria completa,Mujer,AMAZONAS,Sierra,Secano,Venta,Consumidor final,Secano
true,3,8.34,0,20,47,false,false,false,false,false,false,false,Superior no universitaria completa,Mujer,ANCASH,Sierra,Secano,Otro,Sin ventas,Secano
true,1,75.2,100,22,58,false,true,true,false,false,false,false,Superior universitaria incompleta,Hombre,ANCASH,Costa,Goteo,Venta,Comerciante mayorista,Goteo
true,1,5,99.34,22,43,false,true,true,false,false,false,false,Primaria completa,Mujer,ANCASH,Costa,Goteo,Venta,Acopiador,Goteo
true,6,7.8,100,18,37,false,false,true,false,false,false,false,Primaria completa,Hombre,ANCASH,Sierra,Gravedad,Venta,Comerciante mayorista,Gravedad
false,3,4.73,100,8,35,false,false,true,false,false,false,false,Secundaria completa,Hombre,ANCASH,Costa,Gravedad,Venta,Acopiador,Gravedad
true,7,4.51,45.81,30,47,false,false,true,false,false,false,false,Superior no universitaria completa,Hombre,APURIMAC,Sierra,Aspersion,Venta,Consumidor final,Aspersion
true,7,2.75,0,40,63,false,false,true,false,false,false,false,Primaria incompleta,Hombre,AREQUIPA,Sierra,Gravedad,Otro,Sin ventas,Gravedad
true,3,2,96.83,7,49,false,false,true,false,false,false,false,Primaria incompleta,Hombre,AREQUIPA,Sierra,No especificado,Venta,Comerciante mayorista,No especificado
false,4,180,0,35,73,false,false,false,false,false,false,false,Secundaria completa,Hombre,AREQUIPA,Sierra,Secano,Otro,Sin ventas,Secano
true,3,1.16,99.98,45,67,false,false,true,false,false,false,false,Sin nivel,Mujer,AREQUIPA,Costa,Gravedad,Venta,Acopiador,Gravedad
true,2,3.8,99.71,25,51,false,false,true,false,false,false,false,Secundaria completa,Hombre,AREQUIPA,Costa,Gravedad,Venta,Acopiador,Gravedad
true,1,7,0,4,33,false,false,false,false,false,false,false,Secundaria completa,Mujer,AREQUIPA,Costa,No especificado,Otro,Sin ventas,No especificado
true,1,5,100,21,56,false,false,true,false,false,false,false,Superior universitaria completa,Hombre,AREQUIPA,Costa,Gravedad,Venta,Comerciante mayorista,Gravedad
true,1,3.1,100,16,63,false,false,true,false,false,false,false,Secundaria completa,Hombre,AREQUIPA,Costa,Gravedad,Venta,Acopiador,Gravedad
true,1,1.82,100,30,52,false,false,true,false,false,false,true,Secundaria incompleta,Hombre,AREQUIPA,Costa,No especificado,Venta,Acopiador,No especificado
true,7,3.75,89.85,40,63,false,false,true,false,false,false,false,Sin nivel,Hombre,AYACUCHO,Sierra,Aspersion,Venta,Acopiador,Aspersion
true,6,4.75,97.28,10,29,false,false,true,false,false,false,false,Secundaria incompleta,Mujer,AYACUCHO,Sierra,Aspersion,Venta,Comerciante mayorista,Aspersion
true,6,2.2,74.2,20,37,false,false,true,false,false,false,false,Secundaria incompleta,Hombre,AYACUCHO,Sierra,Aspersion,Venta,Acopiador,Aspersion
false,1,1,100,3,29,false,false,true,false,false,true,false,Secundaria incompleta,Hombre,AYACUCHO,Sierra,No especificado,Venta,Acopiador,No especificado
true,2,6,100,30,57,false,false,true,false,false,false,false,Primaria completa,Hombre,AYACUCHO,Costa,Gravedad,Venta,Acopiador,Gravedad
true,3,1,0,25,64,false,false,false,false,false,false,false,Superior universitaria incompleta,Hombre,AYACUCHO,Sierra,Gravedad,Otro,Sin ventas,Gravedad
true,3,21,40,20,41,false,false,true,false,false,false,false,Superior no universitaria incompleta,Hombre,AYACUCHO,Sierra,Gravedad,Autoconsumo,Comerciante minorista,Gravedad
true,4,9.3,97.92,50,70,false,true,true,false,false,false,false,Primaria completa,Hombre,AYACUCHO,Sierra,Gravedad,Venta,Comerciante minorista,Gravedad
true,2,11,100,21,38,false,false,true,false,false,false,false,Primaria completa,Hombre,CAJAMARCA,Selva,Secano,Venta,Comerciante mayorista,Secano
false,1,8,11.24,40,58,false,true,false,false,false,false,false,Primaria incompleta,Hombre,CAJAMARCA,Sierra,Secano,Autoconsumo,Comerciante minorista,Secano
true,2,12.3,100,35,53,false,false,true,false,false,false,false,Superior no universitaria incompleta,Hombre,CAJAMARCA,Costa,No especificado,Venta,Comerciante mayorista,No especificado
true,2,0.55,3.39,20,44,false,false,true,false,false,false,false,Primaria completa,Hombre,CAJAMARCA,Sierra,Gravedad,Autoconsumo,Comerciante minorista,Gravedad
false,24,4.16,52.73,36,56,false,false,false,false,false,false,false,Primaria incompleta,Hombre,CUSCO,Sierra,Aspersion,Venta,Consumidor final,Aspersion
true,8,3.46,84.3,20,48,false,false,true,false,false,false,false,Primaria incompleta,Hombre,CUSCO,Sierra,No especificado,Venta,Comerciante minorista,No especificado
false,3,1.02,56,10,27,false,false,true,false,false,false,false,Secundaria incompleta,Mujer,HUANCAVELICA,Sierra,Aspersion,Venta,Acopiador,Aspersion
true,2,69,0,20,40,false,false,true,false,false,false,false,Secundaria completa,Hombre,HUANUCO,Selva,Secano,Autoconsumo,Sin ventas,Secano
true,3,265,0,17,37,false,false,true,false,false,false,false,Secundaria completa,Hombre,HUANUCO,Selva,Secano,Autoconsumo,Sin ventas,Secano
true,2,4,100,35,55,false,false,true,false,false,false,false,Primaria incompleta,Mujer,HUANUCO,Sierra,Secano,Venta,Comerciante mayorista,Secano
true,1,17.27,99.76,30,55,false,false,false,false,false,false,false,Secundaria completa,Hombre,ICA,Costa,Goteo,Venta,Acopiador,Goteo
true,1,11.75,94.42,30,53,false,false,true,false,false,false,false,Superior no universitaria completa,Hombre,ICA,Costa,Gravedad,Venta,Acopiador,Gravedad
false,1,10,0,30,61,false,false,false,false,false,false,false,Primaria incompleta,Mujer,ICA,Costa,No especificado,Otro,Sin ventas,No especificado
true,2,1.7,100,20,49,false,false,true,true,false,false,false,Primaria completa,Hombre,ICA,Costa,Gravedad,Venta,Acopiador,Gravedad
true,2,2.96,100,8,65,false,false,true,true,false,false,false,Primaria completa,Hombre,ICA,Costa,Goteo,Venta,Acopiador,Goteo
true,2,6,100,4,30,false,false,true,true,false,false,false,Secundaria completa,Mujer,ICA,Costa,Gravedad,Venta,Acopiador,Gravedad
true,1,5.82,100,6,49,false,false,true,false,true,false,false,Superior universitaria completa,Hombre,ICA,Costa,Goteo,Venta,Acopiador,Goteo
true,1,1.6,100,30,59,false,false,true,false,false,false,true,Secundaria completa,Hombre,ICA,Costa,No especificado,Venta,Acopiador,No especificado
true,1,5,100,20,36,false,false,true,true,false,false,true,Secundaria completa,Hombre,ICA,Costa,Gravedad,Venta,Acopiador,Gravedad
true,5,23,0,13,57,false,false,true,false,false,false,false,Superior universitaria completa,Mujer,ICA,Costa,Gravedad,Otro,Sin ventas,Gravedad
true,7,8,95.42,24,48,false,false,true,false,false,false,false,Primaria completa,Hombre,JUNIN,Sierra,Aspersion,Venta,Acopiador,Aspersion
true,7,3.66,97.86,25,53,false,false,true,false,false,false,false,Superior universitaria completa,Hombre,JUNIN,Sierra,Gravedad,Venta,Consumidor final,Gravedad
true,2,27.99,100,29,59,false,false,true,false,false,false,false,Superior universitaria completa,Hombre,LA LIBERTAD,Costa,Secano,Venta,Comerciante mayorista,Secano
true,3,1.8,100,13,39,false,false,true,false,false,false,false,Secundaria completa,Hombre,LA LIBERTAD,Costa,Gravedad,Venta,Comerciante minorista,Gravedad
true,1,2,0,23,50,false,false,true,false,true,false,false,Superior no universitaria completa,Hombre,LAMBAYEQUE,Costa,Gravedad,Otro,Sin ventas,Gravedad
true,2,7,68.86,48,66,false,false,true,false,false,false,false,Secundaria incompleta,Hombre,LAMBAYEQUE,Costa,Gravedad,Venta,Comerciante minorista,Gravedad
true,1,1.4,100,28,59,false,false,true,false,false,false,false,Secundaria completa,Hombre,LIMA,Costa,Gravedad,Venta,Acopiador,Gravedad
true,7,5.14,100,20,56,false,false,true,false,false,false,false,Superior no universitaria incompleta,Hombre,MOQUEGUA,Sierra,Gravedad,Venta,Comerciante mayorista,Gravedad
true,2,3.1,88.89,10,49,false,false,false,false,false,false,false,Superior universitaria incompleta,Hombre,MOQUEGUA,Sierra,Goteo,Venta,Consumidor final,Goteo
true,2,0.59,66.67,40,66,false,false,true,false,false,false,false,Superior universitaria completa,Hombre,MOQUEGUA,Sierra,Gravedad,Venta,Consumidor final,Gravedad
false,1,1,87.36,20,50,false,true,false,false,false,false,false,Superior no universitaria completa,Mujer,MOQUEGUA,Costa,Gravedad,Venta,Acopiador,Gravedad
true,7,4.48,68.75,30,51,false,false,false,false,false,false,false,Secundaria completa,Hombre,PASCO,Sierra,Secano,Venta,Comerciante mayorista,Secano
true,1,20,100,45,69,false,false,true,false,false,false,false,Primaria incompleta,Hombre,PIURA,Costa,Gravedad,Venta,Acopiador,Gravedad
true,3,4.5,96.86,23,65,false,false,true,false,false,false,false,Primaria completa,Hombre,PIURA,Costa,No especificado,Venta,Comerciante mayorista,No especificado
true,3,12.5,100,15,43,false,false,true,false,false,false,false,Secundaria completa,Hombre,PIURA,Costa,Gravedad,Venta,Comerciante mayorista,Gravedad
true,1,5.4,100,40,66,false,false,false,false,false,false,false,Secundaria completa,Hombre,PIURA,Costa,Gravedad,Venta,Comerciante mayorista,Gravedad
true,1,3.13,93.02,21,66,false,false,true,false,false,false,false,Primaria completa,Hombre,PIURA,Costa,No especificado,Venta,Acopiador,No especificado
true,6,2.8,0,8,30,false,false,true,false,false,false,false,Superior no universitaria incompleta,Hombre,PUNO,Sierra,Secano,Otro,Sin ventas,Secano
true,6,1.16,0,35,68,false,false,true,false,false,false,false,Primaria completa,Hombre,PUNO,Sierra,Secano,Otro,Sin ventas,Secano
true,1,10,100,35,54,false,false,false,false,false,false,false,Primaria completa,Hombre,SAN MARTIN,Selva,Secano,Venta,Comerciante mayorista,Secano
true,1,20,9.91,20,44,false,false,true,false,false,false,false,Primaria completa,Hombre,SAN MARTIN,Selva,Secano,Autoconsumo,Empresa/Agroindustria,Secano
true,2,2.13,100,20,42,false,false,true,false,false,false,false,Secundaria completa,Hombre,TACNA,Sierra,Gravedad,Venta,Consumidor final,Gravedad
false,1,2,99.94,16,57,false,true,false,false,false,false,false,Primaria incompleta,Mujer,TACNA,Costa,Goteo,Venta,Acopiador,Goteo
false,3,4.9,98.61,16,67,false,false,true,false,false,false,false,Secundaria incompleta,Mujer,TACNA,Costa,Goteo,Venta,Comerciante mayorista,Goteo
true,1,10,81.79,19,59,false,false,true,false,false,false,false,Primaria completa,Hombre,TACNA,Costa,Goteo,Venta,Acopiador,Goteo
true,1,11.5,100,5,43,false,false,true,false,false,false,false,Secundaria completa,Hombre,TUMBES,Costa,Gravedad,Venta,Acopiador,Gravedad
true,1,0.53,99.59,47,68,false,false,false,false,false,false,false,Primaria incompleta,Hombre,TUMBES,Costa,Gravedad,Venta,Acopiador,Gravedad
true,5,21.04,99.99,20,46,false,false,true,false,false,false,false,Superior universitaria completa,Hombre,TUMBES,Costa,Gravedad,Venta,Acopiador,Gravedad
true,2,25.7,100,13,56,false,false,true,false,false,false,false,Secundaria incompleta,Hombre,UCAYALI,Selva,Secano,Venta,Acopiador,Secano
true,2,40,99.81,25,44,false,false,true,false,false,false,false,Primaria incompleta,Mujer,UCAYALI,Selva,Secano,Venta,Acopiador,Secano
false,3,5.5,95.06,40,59,false,true,true,false,false,false,false,Primaria completa,Hombre,AMAZONAS,Selva,Gravedad,Venta,Comerciante mayorista,Gravedad
true,3,3.5,98.79,23,41,false,false,true,false,false,false,false,Secundaria incompleta,Hombre,AMAZONAS,Selva,Gravedad,Venta,Acopiador,Gravedad
true,2,1,99.82,1,42,false,false,true,false,false,false,false,Primaria completa,Hombre,AMAZONAS,Selva,Gravedad,Venta,Acopiador,Gravedad
true,4,79,87.44,35,58,false,true,true,false,false,false,false,Primaria completa,Hombre,AMAZONAS,Sierra,Secano,Venta,Comerciante mayorista,Secano
true,4,36,99.01,8,38,false,true,true,false,false,false,false,Superior universitaria completa,Hombre,ANCASH,Costa,Goteo,Venta,Empresa/Agroindustria,Goteo
false,1,10,0,20,65,false,false,false,false,false,false,false,Secundaria completa,Mujer,ANCASH,Costa,No especificado,Otro,Sin ventas,No especificado
true,3,2.73,62.5,30,50,false,false,false,false,false,false,false,Superior universitaria incompleta,Hombre,ANCASH,Sierra,Secano,Venta,Consumidor final,Secano
true,1,0.22,100,10,50,false,false,false,false,false,false,false,Sin nivel,Mujer,APURIMAC,Sierra,Aspersion,Venta,Comerciante minorista,Aspersion
true,3,0.21,0,20,42,false,false,false,false,false,false,false,Secundaria completa,Hombre,AREQUIPA,Sierra,No especificado,Autoconsumo,Sin ventas,No especificado
true,1,11.5,100,25,69,false,false,true,false,false,false,true,Secundaria completa,Hombre,AREQUIPA,Costa,Goteo,Venta,Acopiador,Goteo
true,1,3.8,99.66,15,53,false,false,true,false,false,false,false,Superior no universitaria completa,Mujer,AREQUIPA,Costa,Gravedad,Venta,Acopiador,Gravedad
true,3,5.28,99.38,20,63,false,false,true,false,false,false,false,Primaria completa,Hombre,AREQUIPA,Costa,Otro,Venta,Acopiador,Otro
true,1,5,99.5,25,48,false,false,true,true,false,false,false,Superior no universitaria completa,Hombre,AREQUIPA,Costa,Goteo,Venta,Comerciante mayorista,Goteo
true,22,11.31,87.65,24,54,false,false,true,false,false,false,false,Secundaria incompleta,Hombre,AYACUCHO,Sierra,Secano,Venta,Comerciante mayorista,Secano
true,4,3.25,98.36,10,34,false,false,true,false,false,false,true,Secundaria incompleta,Hombre,AYACUCHO,Sierra,Aspersion,Venta,Comerciante mayorista,Aspersion
true,8,6.5,93.64,35,54,false,false,true,false,false,false,false,Sin nivel,Mujer,AYACUCHO,Sierra,Aspersion,Venta,Comerciante mayorista,Aspersion
true,6,0.69,23.81,13,32,false,false,true,false,false,false,false,Secundaria completa,Mujer,AYACUCHO,Sierra,No especificado,Autoconsumo,Consumidor final,No especificado
true,1,37.3,100,33,55,false,false,true,false,false,false,false,Secundaria incompleta,Mujer,AYACUCHO,Costa,Gravedad,Venta,Acopiador,Gravedad
true,2,1,99.68,30,54,false,false,false,false,false,true,false,Primaria incompleta,Hombre,CAJAMARCA,Sierra,Gravedad,Venta,Consumidor final,Gravedad
true,5,5.35,0,15,40,false,true,false,false,false,false,false,Superior no universitaria incompleta,Hombre,CAJAMARCA,Sierra,Gravedad,Autoconsumo,Sin ventas,Gravedad
true,2,15,0,30,42,false,false,true,false,false,false,false,Secundaria completa,Hombre,CAJAMARCA,Sierra,Aspersion,Autoconsumo,Sin ventas,Aspersion
true,3,3.75,0,30,45,false,false,false,false,false,false,false,Primaria completa,Hombre,CAJAMARCA,Sierra,Gravedad,Otro,Sin ventas,Gravedad
true,2,0.45,74.35,46,64,false,false,false,false,false,false,false,Primaria completa,Hombre,CAJAMARCA,Sierra,Gravedad,Venta,Comerciante minorista,Gravedad
true,2,3.7,97.43,30,53,false,false,true,false,false,false,false,Secundaria completa,Hombre,CAJAMARCA,Costa,Gravedad,Venta,Acopiador,Gravedad
true,3,13,51.67,20,52,false,false,false,false,false,false,false,Primaria completa,Hombre,CAJAMARCA,Sierra,Gravedad,Venta,Comerciante minorista,Gravedad
true,4,52,90.96,50,67,false,false,false,false,false,false,false,Primaria incompleta,Hombre,CAJAMARCA,Sierra,Secano,Venta,Comerciante minorista,Secano
true,2,0.95,25.93,23,39,false,false,true,false,false,false,false,Primaria completa,Mujer,CAJAMARCA,Sierra,Gravedad,Autoconsumo,Comerciante minorista,Gravedad
true,4,10.85,37.75,31,51,false,false,true,false,false,false,false,Primaria incompleta,Hombre,CUSCO,Sierra,Aspersion,Autoconsumo,Consumidor final,Aspersion
true,3,3.18,52.63,29,48,false,false,true,false,false,false,false,Primaria completa,Hombre,CUSCO,Sierra,Aspersion,Venta,Consumidor final,Aspersion
true,2,98,92.71,30,67,false,false,true,false,false,false,false,Secundaria completa,Hombre,CUSCO,Sierra,Goteo,Venta,Comerciante mayorista,Goteo
true,3,1.6,90.91,20,41,false,true,true,false,false,false,false,Primaria completa,Mujer,CUSCO,Sierra,Secano,Venta,Acopiador,Secano
true,6,1.66,99.77,17,37,false,false,true,false,false,false,false,Secundaria completa,Hombre,CUSCO,Sierra,Gravedad,Venta,Comerciante mayorista,Gravedad
true,4,5.6,90.24,3,34,false,false,true,false,false,false,false,Superior no universitaria completa,Hombre,CUSCO,Sierra,No especificado,Venta,Acopiador,No especificado
true,2,2.5,99.26,22,36,false,false,false,false,false,false,false,Primaria incompleta,Hombre,HUANUCO,Sierra,Secano,Venta,Comerciante mayorista,Secano
false,11,5.05,20.46,33,55,false,false,false,false,false,false,false,Secundaria incompleta,Hombre,HUANUCO,Sierra,Gravedad,Autoconsumo,Comerciante mayorista,Gravedad
false,6,9.3,86.21,32,50,false,false,false,false,false,false,false,Primaria incompleta,Hombre,HUANUCO,Sierra,Secano,Venta,Comerciante mayorista,Secano
true,2,9.5,100,37,72,false,false,true,false,false,false,false,Superior universitaria completa,Hombre,ICA,Costa,Gravedad,Venta,Acopiador,Gravedad
true,1,5.44,99.6,50,80,false,false,true,false,false,false,false,Primaria incompleta,Hombre,ICA,Costa,Gravedad,Venta,Acopiador,Gravedad
false,4,2.95,87.5,3,46,false,false,true,false,false,false,false,Primaria completa,Hombre,JUNIN,Sierra,Secano,Venta,Acopiador,Secano
true,2,74,100,5,36,false,false,true,false,false,false,false,Secundaria completa,Hombre,JUNIN,Selva,Goteo,Venta,Acopiador,Goteo
false,2,79,99.47,53,79,false,false,true,false,false,false,true,Secundaria completa,Hombre,JUNIN,Selva,Secano,Venta,Comerciante mayorista,Secano
true,1,2,100,20,48,false,false,false,false,false,false,false,Secundaria incompleta,Hombre,JUNIN,Selva,Secano,Venta,Comerciante mayorista,Secano
true,2,21,100,23,44,false,true,true,false,false,false,true,Secundaria completa,Hombre,JUNIN,Selva,Secano,Venta,Asociación/Cooperativa,Secano
true,12,2.21,91.29,20,43,false,false,true,false,false,false,false,Secundaria completa,Hombre,JUNIN,Sierra,Secano,Venta,Comerciante mayorista,Secano
false,2,306,99.03,28,58,false,true,true,false,false,false,false,Secundaria completa,Hombre,LA LIBERTAD,Costa,Gravedad,Venta,Comerciante mayorista,Gravedad
true,1,0.5,94.47,25,59,false,false,true,false,false,false,false,Primaria incompleta,Hombre,LAMBAYEQUE,Costa,Gravedad,Venta,Comerciante mayorista,Gravedad
true,2,8.25,0,31,52,false,false,true,false,false,false,false,Secundaria incompleta,Hombre,LAMBAYEQUE,Costa,No especificado,Autoconsumo,Sin ventas,No especificado
true,2,15.5,99.7,22,47,false,false,true,true,false,false,true,Secundaria incompleta,Hombre,LAMBAYEQUE,Costa,Gravedad,Venta,Acopiador,Gravedad
true,4,17.6,100,38,61,false,false,true,false,false,false,false,Secundaria completa,Hombre,LIMA,Costa,Gravedad,Venta,Comerciante mayorista,Gravedad
true,1,10,100,20,48,false,false,true,false,false,false,false,Secundaria completa,Hombre,LIMA,Costa,Goteo,Venta,Acopiador,Goteo
true,6,14.6,82.61,23,30,false,false,true,false,false,false,false,Secundaria completa,Hombre,LIMA,Sierra,Aspersion,Venta,Comerciante mayorista,Aspersion
true,3,10,95.18,33,59,false,false,true,false,false,false,false,Secundaria completa,Hombre,LIMA,Costa,Gravedad,Venta,Acopiador,Gravedad
false,3,15.25,27.14,22,57,false,false,true,false,false,false,false,Primaria completa,Hombre,LORETO,Selva,Secano,Venta,Comerciante minorista,Secano
false,2,4.47,0,20,65,false,false,true,false,false,false,false,Primaria completa,Hombre,MOQUEGUA,Costa,Gravedad,Otro,Sin ventas,Gravedad
true,4,2.75,0,15,33,false,false,true,false,false,false,false,Secundaria completa,Hombre,PASCO,Sierra,Aspersion,Otro,Sin ventas,Aspersion
true,2,2.5,97.79,13,56,false,false,true,true,false,false,false,Secundaria completa,Mujer,PIURA,Costa,Gravedad,Venta,Comerciante mayorista,Gravedad
false,2,6.75,88.48,35,71,false,false,true,false,false,false,false,Primaria incompleta,Hombre,PIURA,Costa,Gravedad,Venta,Comerciante mayorista,Gravedad
false,3,6,98.31,50,74,false,false,true,false,false,false,false,Primaria incompleta,Hombre,PIURA,Costa,Gravedad,Venta,Comerciante mayorista,Gravedad
true,1,14,99.42,5,49,false,false,false,false,false,false,false,Secundaria completa,Mujer,PIURA,Costa,Gravedad,Venta,Acopiador,Gravedad
true,1,3.1,100,45,73,false,false,true,false,false,false,false,Primaria completa,Hombre,PIURA,Costa,Gravedad,Venta,Comerciante mayorista,Gravedad
true,2,1.1,82.14,32,70,false,false,true,false,false,false,false,Primaria incompleta,Hombre,PIURA,Costa,No especificado,Venta,Acopiador,No especificado
true,7,5.2,52.27,29,60,false,false,false,false,false,false,false,Secundaria completa,Hombre,PIURA,Sierra,Gravedad,Venta,Acopiador,Gravedad
true,2,9,0,27,47,false,false,true,false,false,false,false,Secundaria incompleta,Mujer,PUNO,Sierra,Gravedad,Autoconsumo,Sin ventas,Gravedad
true,5,29.5,36.36,10,46,false,false,true,false,false,false,false,Superior universitaria completa,Hombre,PUNO,Sierra,Gravedad,Autoconsumo,Comerciante minorista,Gravedad
true,4,6,0,30,49,false,false,true,false,false,false,false,Primaria incompleta,Hombre,PUNO,Sierra,Secano,Otro,Sin ventas,Secano
true,2,29,0,20,46,false,false,true,false,false,false,false,Secundaria incompleta,Hombre,SAN MARTIN,Selva,Secano,Otro,Sin ventas,Secano
true,2,14,0,30,50,false,false,false,false,false,false,false,Secundaria completa,Hombre,SAN MARTIN,Selva,Secano,Autoconsumo,Sin ventas,Secano
true,1,5,84.63,32,51,false,false,true,false,false,false,false,Primaria completa,Hombre,SAN MARTIN,Selva,Secano,Venta,Acopiador,Secano
true,4,271,100,12,68,false,false,true,false,false,false,false,Superior universitaria incompleta,Hombre,SAN MARTIN,Selva,Secano,Venta,Comerciante minorista,Secano
true,4,102.5,79.77,34,60,false,false,true,false,false,false,false,Secundaria incompleta,Hombre,SAN MARTIN,Selva,Secano,Venta,Comerciante minorista,Secano
false,3,62.5,11.97,13,62,false,false,true,false,false,false,false,Secundaria completa,Hombre,SAN MARTIN,Selva,Secano,Autoconsumo,Comerciante minorista,Secano
true,2,16,78.29,50,67,false,false,true,false,false,false,false,Primaria completa,Mujer,SAN MARTIN,Selva,Secano,Venta,Acopiador,Secano
true,1,32.5,92.04,40,57,false,false,false,false,false,false,false,Primaria completa,Hombre,SAN MARTIN,Selva,Secano,Venta,Acopiador,Secano
true,4,3.47,90.91,37,56,false,false,true,false,false,false,false,Secundaria completa,Hombre,TACNA,Sierra,Gravedad,Venta,Comerciante minorista,Gravedad
true,3,2.8,100,10,61,false,true,false,false,false,false,false,Superior no universitaria completa,Mujer,TACNA,Costa,Goteo,Venta,Acopiador,Goteo
true,3,6,99,20,41,false,false,true,false,false,false,false,Secundaria completa,Hombre,TUMBES,Costa,Gravedad,Venta,Acopiador,Gravedad
true,1,2,95.92,10,40,false,false,true,false,false,false,false,Superior universitaria completa,Hombre,TUMBES,Costa,Gravedad,Venta,Acopiador,Gravedad
false,3,124,100,25,66,false,false,true,false,false,false,false,Primaria completa,Hombre,UCAYALI,Selva,Secano,Venta,Empresa/Agroindustria,Secano
true,1,20,98.65,39,55,false,false,false,false,false,false,false,Primaria completa,Hombre,UCAYALI,Selva,Secano,Venta,Comerciante mayorista,Secano
true,2,30,100,15,43,false,false,true,false,false,false,false,Primaria completa,Hombre,UCAYALI,Selva,Secano,Venta,Empresa/Agroindustria,Secano
true,2,11,100,30,60,false,false,true,false,false,false,false,Secundaria incompleta,Hombre,AMAZONAS,Selva,Secano,Venta,Comerciante mayorista,Secano
true,3,3.88,98.32,20,45,false,false,true,false,false,false,false,Secundaria completa,Hombre,ANCASH,Costa,Gravedad,Venta,Acopiador,Gravedad
true,2,3.5,98.15,16,38,false,false,false,false,false,false,false,Superior no universitaria incompleta,Hombre,ANCASH,Sierra,Gravedad,Venta,Acopiador,Gravedad
true,6,8.47,0,16,38,false,false,false,false,false,false,false,Secundaria incompleta,Hombre,ANCASH,Sierra,Gravedad,Otro,Sin ventas,Gravedad
true,3,2.3,0,29,44,false,true,false,false,false,false,false,Primaria completa,Mujer,APURIMAC,Sierra,Otro,Autoconsumo,Sin ventas,Otro
true,5,2.44,99.92,40,60,false,false,true,false,false,false,false,Superior no universitaria completa,Mujer,APURIMAC,Sierra,Aspersion,Venta,Comerciante mayorista,Aspersion
true,1,1.36,29.3,25,66,false,false,true,false,false,false,false,Primaria completa,Hombre,AREQUIPA,Sierra,Gravedad,Autoconsumo,Consumidor final,Gravedad
true,2,3.96,97.77,20,49,false,false,true,false,false,false,false,Superior universitaria completa,Hombre,AREQUIPA,Sierra,Gravedad,Venta,Comerciante mayorista,Gravedad
true,2,15,100,20,48,false,false,true,true,false,false,false,Superior universitaria completa,Hombre,AREQUIPA,Costa,Goteo,Venta,Empresa/Agroindustria,Goteo
true,3,20.79,99.91,27,59,false,false,true,false,false,false,false,Superior universitaria completa,Hombre,AREQUIPA,Costa,Gravedad,Venta,Acopiador,Gravedad
false,2,1.15,100,30,67,false,false,false,false,false,false,false,Secundaria incompleta,Hombre,AREQUIPA,Costa,Gravedad,Venta,Comerciante minorista,Gravedad
true,5,2.4,87.99,35,56,false,false,true,false,false,false,false,Primaria incompleta,Mujer,AYACUCHO,Sierra,Aspersion,Venta,Comerciante minorista,Aspersion
true,3,7.33,55.56,40,62,false,false,false,false,false,false,false,Primaria incompleta,Hombre,AYACUCHO,Sierra,Gravedad,Venta,Consumidor final,Gravedad
true,9,1.86,76.92,40,79,false,false,true,false,false,false,false,Sin nivel,Hombre,AYACUCHO,Sierra,Secano,Venta,Acopiador,Secano
true,5,0.73,91.99,52,70,false,false,true,false,false,false,false,Sin nivel,Hombre,AYACUCHO,Sierra,Gravedad,Venta,Comerciante minorista,Gravedad
true,3,0.9,74.29,20,40,false,false,true,false,false,false,false,Primaria completa,Hombre,AYACUCHO,Sierra,Aspersion,Venta,Acopiador,Aspersion
true,4,4.5,99.18,30,51,false,false,true,false,false,false,false,Primaria incompleta,Hombre,AYACUCHO,Sierra,Aspersion,Venta,Acopiador,Aspersion
true,3,1.39,71.23,10,30,false,false,true,false,false,false,false,Primaria incompleta,Hombre,AYACUCHO,Sierra,Gravedad,Venta,Acopiador,Gravedad
true,3,2.2,91.3,40,56,false,false,true,false,false,false,false,Primaria incompleta,Hombre,AYACUCHO,Sierra,Aspersion,Venta,Acopiador,Aspersion
true,7,2.5,88.35,30,48,false,true,true,false,false,false,true,Secundaria incompleta,Mujer,AYACUCHO,Sierra,Gravedad,Venta,Comerciante mayorista,Gravedad
true,4,10.41,87.61,30,57,false,false,true,false,false,false,false,Secundaria completa,Hombre,AYACUCHO,Sierra,Aspersion,Venta,Acopiador,Aspersion
true,9,27.37,50,25,53,false,false,true,false,false,false,false,Secundaria completa,Hombre,AYACUCHO,Sierra,Gravedad,Venta,Acopiador,Gravedad
true,5,4.8,68.97,30,65,false,false,true,false,false,false,true,Secundaria completa,Hombre,AYACUCHO,Sierra,Gravedad,Venta,Acopiador,Gravedad
true,1,2,83.53,5,27,false,false,true,false,false,false,false,Secundaria completa,Hombre,CAJAMARCA,Selva,Secano,Venta,Comerciante mayorista,Secano
true,2,4.5,58.03,26,44,false,false,true,false,false,false,false,Secundaria completa,Hombre,CAJAMARCA,Sierra,Secano,Venta,Comerciante mayorista,Secano
true,3,7,99.67,48,63,false,true,true,false,true,false,true,Primaria completa,Hombre,CAJAMARCA,Costa,Goteo,Venta,Comerciante mayorista,Goteo
true,23,8.83,70,40,57,false,true,true,false,false,false,false,Secundaria incompleta,Mujer,CUSCO,Sierra,Gravedad,Venta,Consumidor final,Gravedad
false,9,0.71,84.3,34,54,false,true,true,false,false,false,false,Secundaria completa,Hombre,CUSCO,Sierra,Aspersion,Venta,Comerciante minorista,Aspersion
true,14,6.69,11.11,40,62,false,false,true,false,false,false,false,Primaria incompleta,Hombre,HUANCAVELICA,Sierra,Gravedad,Autoconsumo,Comerciante mayorista,Gravedad
true,2,172,0,40,63,false,false,true,false,false,false,false,Primaria completa,Hombre,HUANUCO,Selva,Secano,Autoconsumo,Sin ventas,Secano
true,1,5,100,10,54,false,false,true,false,false,false,false,Superior no universitaria incompleta,Hombre,ICA,Costa,No especificado,Venta,Acopiador,No especificado
true,2,13.4,100,15,54,false,false,true,false,false,false,true,Secundaria completa,Hombre,ICA,Costa,Goteo,Venta,Empresa/Agroindustria,Goteo
true,4,15.54,99.75,20,63,false,false,true,false,false,false,false,Secundaria completa,Hombre,ICA,Costa,Gravedad,Venta,Acopiador,Gravedad
true,2,7.13,95.88,20,44,false,false,true,false,false,false,false,Secundaria completa,Hombre,ICA,Costa,Gravedad,Venta,Acopiador,Gravedad
true,1,7,56.5,20,47,false,true,true,false,true,false,true,Secundaria completa,Mujer,JUNIN,Selva,Secano,Venta,Asociación/Cooperativa,Secano
true,1,5,98.21,25,51,false,false,true,false,false,false,false,Secundaria completa,Mujer,JUNIN,Selva,Secano,Venta,Acopiador,Secano
true,3,15.5,100,31,56,false,false,true,true,false,false,true,Primaria completa,Hombre,LA LIBERTAD,Costa,Goteo,Venta,Acopiador,Goteo
true,2,1.38,0,30,77,false,false,true,false,false,false,false,Primaria completa,Hombre,LA LIBERTAD,Costa,Gravedad,Autoconsumo,Sin ventas,Gravedad
true,1,4,95.24,20,65,false,false,true,false,false,false,false,Superior no universitaria incompleta,Hombre,LAMBAYEQUE,Costa,Gravedad,Venta,Acopiador,Gravedad
true,2,7.6,53.99,40,61,false,false,true,false,false,false,false,Primaria incompleta,Hombre,LAMBAYEQUE,Costa,Secano,Venta,Empresa/Agroindustria,Secano
false,1,22,87.97,35,56,false,false,true,false,false,false,false,Primaria incompleta,Hombre,LORETO,Selva,Secano,Venta,Consumidor final,Secano
false,3,6.59,97.97,40,70,false,true,true,false,false,false,false,Superior universitaria completa,Hombre,MOQUEGUA,Sierra,Gravedad,Venta,Acopiador,Gravedad
true,3,2,99.17,40,85,false,true,true,false,false,false,false,Primaria completa,Hombre,MOQUEGUA,Sierra,Gravedad,Venta,Acopiador,Gravedad
true,3,5.33,70.18,41,61,false,false,false,false,false,false,false,Primaria incompleta,Hombre,PASCO,Sierra,Aspersion,Venta,Acopiador,Aspersion
true,2,3.7,99.41,28,64,false,false,true,false,false,false,false,Primaria incompleta,Hombre,PIURA,Costa,Gravedad,Venta,Comerciante minorista,Gravedad
true,4,3.7,95.24,32,59,false,false,true,true,false,false,false,Secundaria incompleta,Hombre,PIURA,Costa,Gravedad,Venta,Acopiador,Gravedad
true,2,0.25,100,3,40,false,false,true,true,false,false,false,Primaria completa,Hombre,PIURA,Costa,Gravedad,Venta,Consumidor final,Gravedad
true,3,3.76,98.36,15,49,false,false,true,false,false,false,false,Secundaria completa,Hombre,PIURA,Costa,No especificado,Venta,Comerciante mayorista,No especificado
true,1,11.1,0,18,37,false,false,false,false,false,false,false,Superior universitaria completa,Hombre,PUNO,Sierra,Secano,Otro,Sin ventas,Secano
false,10,3.63,0,12,45,false,false,true,false,false,false,false,Secundaria incompleta,Hombre,PUNO,Sierra,Secano,Autoconsumo,Sin ventas,Secano
true,2,56.5,50,23,48,false,true,true,false,false,false,false,Superior universitaria completa,Hombre,SAN MARTIN,Selva,Secano,Autoconsumo,Consumidor final,Secano
true,2,14,77.36,50,68,false,true,true,false,false,false,true,Secundaria incompleta,Hombre,SAN MARTIN,Selva,Secano,Venta,Consumidor final,Secano
true,1,11.8,95.47,30,54,false,false,false,false,false,false,false,Primaria incompleta,Hombre,SAN MARTIN,Selva,Secano,Venta,Comerciante mayorista,Secano
false,7,1.85,48.05,24,42,false,false,false,false,false,false,false,Primaria incompleta,Mujer,TACNA,Sierra,Gravedad,Venta,Acopiador,Gravedad
true,9,5,0,10,33,false,false,true,false,false,false,false,Primaria completa,Hombre,TACNA,Sierra,Gravedad,Autoconsumo,Sin ventas,Gravedad
true,1,19,99.85,40,67,false,false,true,false,false,false,false,Secundaria completa,Hombre,TACNA,Costa,Gravedad,Venta,Consumidor final,Gravedad
true,1,4.17,99.84,4,50,false,true,true,false,false,false,false,Primaria incompleta,Mujer,TACNA,Costa,Goteo,Venta,Acopiador,Goteo
true,1,0.35,99.5,15,39,false,false,false,false,false,false,false,Secundaria incompleta,Hombre,TUMBES,Costa,Gravedad,Venta,Acopiador,Gravedad
true,1,0.4,0,0,71,false,false,true,false,false,false,false,Primaria incompleta,Hombre,TUMBES,Costa,No especificado,Otro,Sin ventas,No especificado
true,2,11.89,100,26,51,false,false,true,false,false,false,false,Primaria completa,Hombre,UCAYALI,Selva,Secano,Venta,Acopiador,Secano
true,1,160,0,39,68,false,false,false,false,false,false,false,Sin nivel,Hombre,UCAYALI,Selva,Secano,Otro,Sin ventas,Secano
true,2,20,90.95,40,62,false,false,true,false,false,false,false,Primaria completa,Hombre,AMAZONAS,Selva,Gravedad,Venta,Acopiador,Gravedad
true,9,37.75,87.6,25,41,false,false,true,false,false,false,false,Secundaria completa,Hombre,AMAZONAS,Selva,Gravedad,Venta,Comerciante mayorista,Gravedad
true,6,36.75,40.82,20,44,false,false,true,false,false,false,false,Secundaria incompleta,Hombre,AMAZONAS,Sierra,Secano,Autoconsumo,Comerciante minorista,Secano
true,4,24.5,100,32,52,false,false,true,true,false,false,false,Primaria incompleta,Hombre,ANCASH,Costa,Gravedad,Venta,Comerciante mayorista,Gravedad
true,1,5.2,100,12,57,false,false,true,false,false,false,true,Secundaria completa,Hombre,ANCASH,Costa,Gravedad,Venta,Comerciante mayorista,Gravedad
false,4,2.98,99.25,20,52,false,false,false,false,false,false,false,Primaria completa,Hombre,ANCASH,Sierra,Goteo,Venta,Comerciante mayorista,Goteo
true,9,8.63,94.98,35,59,false,true,false,false,false,false,false,Primaria completa,Hombre,APURIMAC,Sierra,Aspersion,Venta,Acopiador,Aspersion
true,10,6.5,88.51,22,51,false,false,true,false,false,false,false,Primaria completa,Mujer,APURIMAC,Sierra,Aspersion,Venta,Comerciante mayorista,Aspersion
true,3,1.8,80,36,58,false,false,true,false,false,false,false,Primaria completa,Hombre,APURIMAC,Sierra,Otro,Venta,Consumidor final,Otro
true,4,3.24,50,30,47,false,false,false,false,false,false,false,Secundaria incompleta,Hombre,APURIMAC,Selva,Goteo,Autoconsumo,Acopiador,Goteo
true,2,1,100,1,35,false,false,true,false,false,false,false,Secundaria completa,Hombre,AREQUIPA,Costa,No especificado,Venta,Comerciante mayorista,No especificado
true,2,12.4,99.86,47,70,false,true,true,false,false,false,false,Secundaria incompleta,Hombre,AREQUIPA,Costa,Gravedad,Venta,Comerciante mayorista,Gravedad
true,1,6.9,0,25,63,false,false,true,false,false,false,false,Primaria completa,Hombre,AREQUIPA,Costa,Otro,Autoconsumo,Sin ventas,Otro
true,2,2.2,100,22,69,false,true,true,false,false,false,false,Superior universitaria incompleta,Hombre,AREQUIPA,Costa,Gravedad,Venta,Acopiador,Gravedad
true,1,3.4,99.53,20,39,false,false,true,false,false,false,false,Primaria completa,Mujer,AREQUIPA,Costa,Gravedad,Venta,Comerciante minorista,Gravedad
true,1,3.5,100,20,64,false,false,true,false,false,false,false,Primaria incompleta,Hombre,AREQUIPA,Costa,Gravedad,Venta,Acopiador,Gravedad
true,3,10,80.64,20,56,false,false,true,false,false,false,false,Secundaria completa,Hombre,AREQUIPA,Costa,Gravedad,Venta,Acopiador,Gravedad
true,2,10.73,99.87,17,53,false,false,true,false,false,false,true,Primaria completa,Hombre,AREQUIPA,Costa,Gravedad,Venta,Acopiador,Gravedad
true,7,5.13,58.69,35,53,false,false,true,false,false,true,false,Primaria incompleta,Hombre,AYACUCHO,Sierra,Aspersion,Venta,Comerciante minorista,Aspersion
true,7,2.99,96.85,20,42,false,false,true,false,false,false,true,Primaria incompleta,Hombre,AYACUCHO,Sierra,Aspersion,Venta,Comerciante mayorista,Aspersion
true,9,14.66,91.49,20,38,false,false,true,false,false,false,false,Secundaria completa,Hombre,AYACUCHO,Sierra,Gravedad,Venta,Comerciante minorista,Gravedad
true,3,10.74,0,20,42,false,false,true,false,false,false,false,Superior no universitaria completa,Hombre,AYACUCHO,Sierra,Gravedad,Autoconsumo,Sin ventas,Gravedad
true,2,3,11.28,20,38,false,false,false,false,false,false,false,Primaria completa,Hombre,CAJAMARCA,Selva,Secano,Autoconsumo,Comerciante mayorista,Secano
true,2,4.5,0,11,33,false,false,false,false,false,false,false,Secundaria completa,Hombre,CAJAMARCA,Sierra,Secano,Otro,Sin ventas,Secano
true,1,300,0,30,59,false,false,true,false,false,false,false,Primaria incompleta,Hombre,CAJAMARCA,Sierra,Secano,Otro,Sin ventas,Secano
true,2,3,50,20,52,false,false,false,false,false,false,false,Primaria completa,Hombre,CAJAMARCA,Sierra,Aspersion,Venta,Comerciante minorista,Aspersion
true,3,15,47.62,16,37,false,false,true,false,false,false,false,Secundaria completa,Hombre,CAJAMARCA,Sierra,Secano,Venta,Comerciante minorista,Secano
true,4,20,0,40,68,false,true,true,false,false,false,false,Primaria incompleta,Hombre,CAJAMARCA,Sierra,Gravedad,Otro,Sin ventas,Gravedad
true,1,0.25,100,47,64,false,false,false,false,false,false,false,Primaria incompleta,Mujer,CAJAMARCA,Sierra,Secano,Venta,Comerciante mayorista,Secano
true,3,6.24,0,36,51,false,false,true,false,false,false,false,Secundaria completa,Hombre,CUSCO,Sierra,Aspersion,Autoconsumo,Sin ventas,Aspersion
true,5,0.9,50,30,57,false,true,true,false,false,false,false,Secundaria completa,Hombre,CUSCO,Sierra,Aspersion,Autoconsumo,Consumidor final,Aspersion
true,1,21,68.75,15,34,false,false,true,false,false,false,false,Primaria incompleta,Mujer,CUSCO,Sierra,Gravedad,Venta,Comerciante minorista,Gravedad
true,2,343,77.5,40,70,false,false,false,false,false,false,false,Secundaria completa,Hombre,HUANUCO,Selva,Secano,Venta,Comerciante minorista,Secano
true,1,5.4,35.21,40,63,false,false,true,false,false,false,false,Secundaria incompleta,Mujer,ICA,Costa,Gravedad,Autoconsumo,Acopiador,Gravedad
true,2,9.5,74.1,15,56,false,false,true,false,false,false,false,Superior no universitaria completa,Hombre,ICA,Costa,Gravedad,Venta,Acopiador,Gravedad
true,1,5,100,10,58,false,false,true,true,false,false,false,Superior no universitaria completa,Mujer,ICA,Costa,Gravedad,Venta,Acopiador,Gravedad
true,3,13.65,0,15,57,false,false,true,false,false,false,false,Secundaria completa,Hombre,ICA,Costa,Gravedad,Otro,Sin ventas,Gravedad
true,4,15.15,0,40,59,false,false,true,false,false,false,false,Secundaria incompleta,Hombre,JUNIN,Sierra,Gravedad,Otro,Sin ventas,Gravedad
true,3,4.41,78.84,18,40,false,false,true,false,false,false,false,Secundaria completa,Mujer,JUNIN,Sierra,Aspersion,Venta,Comerciante mayorista,Aspersion
true,1,0.97,98.55,2,30,false,false,true,false,false,false,false,Secundaria completa,Hombre,LA LIBERTAD,Costa,Gravedad,Venta,Comerciante mayorista,Gravedad
true,2,9,99.95,10,30,false,false,true,false,false,false,true,Superior universitaria completa,Hombre,LA LIBERTAD,Costa,Goteo,Venta,Comerciante mayorista,Goteo
true,3,5.5,0,15,38,false,false,true,false,false,false,false,Primaria completa,Hombre,LAMBAYEQUE,Costa,Gravedad,Autoconsumo,Sin ventas,Gravedad
true,1,2.66,69.23,20,40,false,false,true,false,false,false,false,Secundaria completa,Hombre,LAMBAYEQUE,Costa,Gravedad,Venta,Comerciante mayorista,Gravedad
true,2,6.33,98.61,40,69,false,false,true,false,false,false,false,Secundaria completa,Hombre,LIMA,Costa,Gravedad,Venta,Comerciante mayorista,Gravedad
true,1,17,100,13,40,false,true,true,false,false,false,false,Superior universitaria completa,Hombre,LIMA,Costa,Goteo,Venta,Comerciante mayorista,Goteo
false,1,2,99.91,23,68,false,false,true,false,false,false,false,Secundaria incompleta,Hombre,LIMA,Costa,Gravedad,Venta,Comerciante mayorista,Gravedad
true,3,13,99.96,30,52,false,false,true,true,false,false,false,Primaria completa,Hombre,LIMA,Costa,Goteo,Venta,Comerciante mayorista,Goteo
true,2,1.19,99.95,40,61,false,false,true,false,false,false,false,Primaria completa,Mujer,LIMA,Costa,Gravedad,Venta,Acopiador,Gravedad
false,5,1.44,100,30,57,false,false,true,false,false,false,false,Superior no universitaria completa,Hombre,LIMA,Costa,Gravedad,Venta,Acopiador,Gravedad
true,3,1.67,97.96,43,63,false,false,true,false,false,false,false,Superior universitaria completa,Mujer,LIMA,Costa,Gravedad,Venta,Comerciante mayorista,Gravedad
true,2,2.58,44.44,22,40,false,false,true,false,false,false,false,Secundaria incompleta,Mujer,LORETO,Selva,Secano,Otro,Consumidor final,Secano
true,2,13,49.69,29,48,false,false,true,false,false,false,false,Primaria completa,Hombre,LORETO,Selva,Gravedad,Autoconsumo,Consumidor final,Gravedad
true,3,31,100,8,34,false,false,true,false,false,false,false,Secundaria completa,Hombre,LORETO,Selva,Gravedad,Venta,Comerciante minorista,Gravedad
true,1,63,94.82,39,56,false,false,false,false,false,false,false,Primaria completa,Mujer,MADRE DE DIOS,Selva,Secano,Venta,Acopiador,Secano
true,2,100,96.47,35,61,false,false,false,false,false,false,false,Primaria incompleta,Mujer,MADRE DE DIOS,Selva,Secano,Venta,Acopiador,Secano
false,1,2.8,75.47,6,41,false,false,true,false,false,false,false,Superior universitaria completa,Hombre,MADRE DE DIOS,Selva,Secano,Venta,Consumidor final,Secano
true,10,12.29,99.72,43,63,false,false,true,false,false,false,false,Secundaria completa,Hombre,MOQUEGUA,Costa,Gravedad,Venta,Consumidor final,Gravedad
true,6,6.42,98.38,10,64,false,false,true,false,false,false,false,Superior universitaria completa,Hombre,MOQUEGUA,Costa,Gravedad,Venta,Comerciante minorista,Gravedad
true,2,69,0,53,60,false,false,true,false,false,false,false,Primaria incompleta,Hombre,PASCO,Sierra,Secano,Otro,Sin ventas,Secano
true,1,1,99.68,12,68,false,false,false,false,false,false,false,Superior no universitaria completa,Hombre,PIURA,Costa,Gravedad,Venta,Comerciante mayorista,Gravedad
true,4,3.7,100,15,45,false,true,false,false,false,false,false,Secundaria incompleta,Hombre,PIURA,Selva,Secano,Venta,Asociación/Cooperativa,Secano
true,1,2,16.67,33,48,false,true,true,false,false,false,false,Secundaria completa,Hombre,PIURA,Costa,Gravedad,Autoconsumo,Comerciante mayorista,Gravedad
true,2,2.36,100,25,63,false,false,true,false,false,false,false,Superior no universitaria incompleta,Hombre,PIURA,Costa,No especificado,Venta,Acopiador,No especificado
false,7,0.77,0,28,46,false,false,true,false,false,false,false,Secundaria incompleta,Hombre,PUNO,Sierra,Secano,Otro,Sin ventas,Secano
true,2,25.5,98.98,28,56,false,false,true,false,false,false,false,Primaria completa,Hombre,SAN MARTIN,Selva,Gravedad,Venta,Acopiador,Gravedad
true,2,24.5,0.62,8,41,false,false,true,false,false,false,false,Primaria completa,Hombre,SAN MARTIN,Selva,Secano,Autoconsumo,Comerciante minorista,Secano
true,9,575,100,13,39,false,false,true,false,false,false,false,Superior universitaria completa,Hombre,SAN MARTIN,Selva,Secano,Venta,Acopiador,Secano
false,2,4.5,0,5,23,false,false,true,true,false,false,false,Secundaria completa,Hombre,SAN MARTIN,Selva,Gravedad,Otro,Sin ventas,Gravedad
true,3,89,45.9,17,35,false,true,true,false,false,false,false,Secundaria completa,Hombre,SAN MARTIN,Selva,Secano,Autoconsumo,Asociación/Cooperativa,Secano
true,2,16,99.43,40,72,false,true,true,false,false,false,true,Secundaria completa,Hombre,SAN MARTIN,Selva,Secano,Venta,Comerciante minorista,Secano
true,2,5.25,98.69,13,38,false,false,true,true,false,false,false,Primaria incompleta,Hombre,SAN MARTIN,Selva,Secano,Venta,Comerciante mayorista,Secano
true,4,10.38,57.14,15,37,false,false,true,false,false,false,false,Secundaria completa,Mujer,TACNA,Sierra,Gravedad,Venta,Consumidor final,Gravedad
true,17,3.28,93.75,30,62,false,false,true,false,false,false,false,Primaria incompleta,Hombre,TACNA,Sierra,Gravedad,Venta,Consumidor final,Gravedad
true,5,23.8,98.82,32,67,false,true,true,false,false,false,false,Secundaria completa,Hombre,TACNA,Costa,Goteo,Venta,Comerciante mayorista,Goteo
true,2,2.5,99.74,25,65,false,true,true,false,false,false,false,Primaria incompleta,Hombre,TUMBES,Costa,Gravedad,Venta,Acopiador,Gravedad
true,2,3.5,100,53,73,false,false,false,false,false,false,false,Secundaria incompleta,Hombre,TUMBES,Costa,Gravedad,Venta,Acopiador,Gravedad
true,2,18.1,99.3,15,42,false,false,true,false,false,false,false,Primaria completa,Hombre,UCAYALI,Selva,Mangas,Venta,Comerciante mayorista,Mangas
true,3,30,96.6,8,53,false,true,true,false,false,false,false,Primaria completa,Hombre,UCAYALI,Selva,Secano,Venta,Comerciante mayorista,Secano
true,4,83,99.98,38,56,false,false,true,false,false,false,false,Primaria incompleta,Hombre,AMAZONAS,Selva,Gravedad,Venta,Comerciante mayorista,Gravedad
true,2,7.5,0,15,37,false,false,true,false,false,false,false,Superior universitaria completa,Hombre,AMAZONAS,Sierra,Secano,Otro,Sin ventas,Secano
true,4,6.5,99.49,25,46,false,false,true,false,false,false,false,Primaria completa,Hombre,AMAZONAS,Sierra,Secano,Venta,Comerciante minorista,Secano
true,1,100,100,20,44,false,false,true,false,false,false,false,Secundaria incompleta,Hombre,AMAZONAS,Sierra,Secano,Venta,Consumidor final,Secano
true,8,50.95,93.05,32,50,false,false,true,false,false,false,false,Primaria completa,Hombre,AMAZONAS,Sierra,Secano,Venta,Comerciante minorista,Secano
true,7,98,0,34,60,false,false,true,false,false,false,false,Secundaria completa,Hombre,ANCASH,Sierra,Gravedad,Otro,Sin ventas,Gravedad
true,8,3.31,0,20,51,false,false,true,false,false,false,false,Secundaria completa,Hombre,AREQUIPA,Sierra,Gravedad,Otro,Sin ventas,Gravedad
true,1,5.2,0,10,39,false,false,false,false,false,false,false,Superior no universitaria completa,Mujer,AREQUIPA,Sierra,Gravedad,Otro,Sin ventas,Gravedad
true,1,6.2,100,30,32,false,false,true,false,false,false,true,Primaria completa,Hombre,AREQUIPA,Costa,Goteo,Venta,Acopiador,Goteo
true,4,1.08,82.22,25,46,false,false,false,false,false,false,false,Secundaria incompleta,Hombre,AYACUCHO,Sierra,No especificado,Venta,Comerciante mayorista,No especificado
true,4,2.95,90.49,40,60,false,false,true,false,false,false,false,Primaria completa,Mujer,AYACUCHO,Sierra,Secano,Venta,Comerciante minorista,Secano
true,5,7.8,93.75,28,52,false,false,true,false,false,false,false,Secundaria incompleta,Hombre,AYACUCHO,Sierra,Aspersion,Venta,Acopiador,Aspersion
false,4,1.05,87.5,7,55,false,false,true,false,false,false,false,Secundaria incompleta,Mujer,AYACUCHO,Sierra,Secano,Venta,Comerciante mayorista,Secano
true,6,7.94,88.72,30,50,false,false,true,false,false,false,false,Primaria completa,Hombre,AYACUCHO,Sierra,Aspersion,Venta,Comerciante mayorista,Aspersion
true,9,18.13,93.32,25,45,false,false,true,false,false,false,false,Secundaria incompleta,Hombre,AYACUCHO,Sierra,Secano,Venta,Comerciante mayorista,Secano
true,4,12.66,4.67,40,66,false,false,true,false,false,false,false,Secundaria completa,Mujer,AYACUCHO,Sierra,Aspersion,Autoconsumo,Acopiador,Aspersion
true,3,1.79,95.24,35,57,false,false,false,false,false,false,false,Primaria incompleta,Hombre,CAJAMARCA,Sierra,Gravedad,Venta,Acopiador,Gravedad
true,1,0.6,0,23,48,false,false,false,false,false,false,false,Secundaria incompleta,Mujer,CAJAMARCA,Sierra,Secano,Autoconsumo,Sin ventas,Secano
true,1,3,0,46,64,false,false,false,false,false,false,false,Secundaria completa,Hombre,CAJAMARCA,Costa,Gravedad,Otro,Sin ventas,Gravedad
true,1,0.92,3.3,20,38,false,false,true,false,false,false,false,Superior no universitaria completa,Mujer,CAJAMARCA,Sierra,Gravedad,Autoconsumo,Comerciante minorista,Gravedad
true,9,0.68,0,35,56,false,true,true,false,false,false,false,Secundaria completa,Hombre,CUSCO,Sierra,Aspersion,Autoconsumo,Sin ventas,Aspersion
true,2,1.58,98.75,30,53,false,false,true,false,false,false,false,Primaria completa,Mujer,HUANCAVELICA,Sierra,Secano,Venta,Comerciante mayorista,Secano
true,4,13.33,0,52,73,false,false,false,false,false,false,false,Sin nivel,Hombre,HUANCAVELICA,Sierra,Secano,Autoconsumo,Sin ventas,Secano
true,2,22,99.99,30,52,false,false,true,false,false,false,false,Superior universitaria completa,Hombre,HUANUCO,Selva,Secano,Venta,Comerciante mayorista,Secano
true,1,35,88.41,27,52,false,false,true,false,false,false,false,Sin nivel,Hombre,HUANUCO,Selva,Secano,Venta,Comerciante mayorista,Secano
true,2,178,98.29,65,81,false,false,true,false,false,false,false,Superior universitaria completa,Hombre,HUANUCO,Sierra,Gravedad,Venta,Empresa/Agroindustria,Gravedad
true,2,5.47,23.69,12,53,false,false,true,false,false,false,false,Secundaria completa,Hombre,ICA,Costa,Gravedad,Autoconsumo,Acopiador,Gravedad
true,2,30,99.37,20,52,false,false,true,false,false,false,false,Secundaria incompleta,Hombre,JUNIN,Selva,Secano,Venta,Acopiador,Secano
true,8,3.92,95.55,12,44,false,false,true,false,false,false,false,Primaria completa,Hombre,JUNIN,Sierra,Aspersion,Venta,Comerciante mayorista,Aspersion
true,1,8,56.19,10,50,false,false,true,false,false,false,false,Primaria incompleta,Hombre,JUNIN,Selva,Secano,Venta,Comerciante mayorista,Secano
true,1,7.5,88.24,11,36,false,true,true,false,false,false,false,Secundaria completa,Hombre,JUNIN,Selva,Secano,Venta,Asociación/Cooperativa,Secano
true,7,5.59,91.5,13,34,false,false,true,false,false,false,false,Secundaria completa,Hombre,JUNIN,Sierra,Secano,Venta,Acopiador,Secano
true,2,0.6,92.02,20,53,false,false,true,false,false,false,false,Secundaria completa,Mujer,JUNIN,Sierra,Secano,Venta,Comerciante mayorista,Secano
true,5,1.75,0,30,55,false,false,true,false,false,false,false,Secundaria incompleta,Mujer,JUNIN,Sierra,Gravedad,Otro,Sin ventas,Gravedad
true,1,0.03,0,3,38,false,false,false,false,false,false,false,Secundaria completa,Mujer,JUNIN,Sierra,Secano,Autoconsumo,Sin ventas,Secano
true,1,0.03,0,6,49,false,false,false,false,false,false,true,Secundaria incompleta,Hombre,LA LIBERTAD,Costa,Secano,Otro,Sin ventas,Secano
true,2,12.5,100,4,37,false,false,true,true,false,false,false,Primaria completa,Hombre,LA LIBERTAD,Costa,Gravedad,Venta,Empresa/Agroindustria,Gravedad
true,5,9.8,99.96,2,44,false,false,true,false,false,false,false,Secundaria completa,Hombre,LAMBAYEQUE,Costa,Gravedad,Venta,Acopiador,Gravedad
true,2,35.5,100,20,70,false,true,true,false,false,false,false,Secundaria incompleta,Hombre,MADRE DE DIOS,Selva,Secano,Venta,Acopiador,Secano
true,3,55,100,16,51,false,false,true,false,false,false,false,Secundaria completa,Mujer,MADRE DE DIOS,Selva,Secano,Venta,Acopiador,Secano
true,2,0.59,0,10,47,false,false,true,false,false,false,false,Secundaria completa,Mujer,MOQUEGUA,Sierra,Gravedad,Otro,Sin ventas,Gravedad
true,5,6.5,91.11,25,73,false,false,true,false,false,false,false,Secundaria completa,Hombre,MOQUEGUA,Costa,Gravedad,Venta,Acopiador,Gravedad
true,2,4.7,97.32,32,58,false,false,true,false,false,false,false,Secundaria completa,Hombre,MOQUEGUA,Costa,Gravedad,Venta,Comerciante minorista,Gravedad
false,1,6.1,100,30,60,false,false,false,false,false,false,false,Secundaria incompleta,Hombre,MOQUEGUA,Costa,Goteo,Venta,Comerciante minorista,Goteo
true,1,1,91.43,40,68,false,false,true,true,false,false,false,Primaria incompleta,Hombre,PIURA,Costa,Gravedad,Venta,Comerciante mayorista,Gravedad
true,9,1.7,0,6,22,false,false,true,false,false,false,false,Secundaria incompleta,Mujer,PUNO,Sierra,Secano,Otro,Sin ventas,Secano
true,1,6.5,77.48,20,56,false,false,false,false,false,false,false,Primaria completa,Hombre,SAN MARTIN,Selva,Secano,Venta,Comerciante mayorista,Secano
true,2,17.25,98.88,22,53,false,false,true,false,false,false,false,Secundaria completa,Hombre,SAN MARTIN,Selva,No especificado,Venta,Comerciante mayorista,No especificado
true,1,2,100,20,69,false,true,false,false,false,false,false,Primaria completa,Hombre,TACNA,Costa,Gravedad,Venta,Acopiador,Gravedad
true,2,12.5,99.91,34,53,false,false,true,false,false,false,false,Superior universitaria completa,Hombre,TACNA,Costa,Goteo,Venta,Comerciante mayorista,Goteo
true,1,10,97.53,19,57,false,true,true,false,false,false,false,Secundaria incompleta,Hombre,TACNA,Costa,Goteo,Venta,Comerciante mayorista,Goteo
true,3,10.5,100,30,57,false,false,true,false,false,false,false,Superior no universitaria completa,Hombre,TUMBES,Costa,No especificado,Venta,Comerciante mayorista,No especificado
true,3,26,94.4,40,53,false,false,true,false,false,false,false,Secundaria incompleta,Hombre,AMAZONAS,Selva,Secano,Venta,Comerciante mayorista,Secano
true,1,5,31.96,22,61,false,false,true,false,false,false,true,Primaria completa,Mujer,ANCASH,Costa,Gravedad,Autoconsumo,Acopiador,Gravedad
true,9,5.83,89.87,30,47,false,false,true,false,false,false,false,Secundaria incompleta,Hombre,APURIMAC,Sierra,Gravedad,Venta,Acopiador,Gravedad
true,3,0.96,68.18,13,31,false,false,false,false,false,false,false,Secundaria completa,Hombre,APURIMAC,Selva,Gravedad,Venta,Consumidor final,Gravedad
true,1,1.32,93.1,25,72,false,false,false,false,false,false,false,Secundaria completa,Hombre,AREQUIPA,Sierra,Gravedad,Venta,Comerciante minorista,Gravedad
true,4,3.96,100,40,64,false,false,true,false,false,false,false,Secundaria completa,Mujer,AREQUIPA,Costa,Gravedad,Venta,Acopiador,Gravedad
true,1,3.37,0,14,43,false,false,false,false,false,false,false,Secundaria completa,Hombre,AREQUIPA,Costa,No especificado,Otro,Sin ventas,No especificado
true,2,4.11,97.74,11,28,false,true,false,false,false,false,false,Secundaria incompleta,Mujer,AYACUCHO,Selva,Secano,Venta,Acopiador,Secano
true,3,2.2,99.07,25,46,false,false,false,false,false,false,false,Primaria completa,Hombre,AYACUCHO,Selva,Secano,Venta,Acopiador,Secano
true,3,1.15,93.27,25,42,false,false,true,false,false,true,false,Secundaria incompleta,Hombre,AYACUCHO,Sierra,No especificado,Venta,Acopiador,No especificado
true,3,10.02,77.48,32,53,false,true,true,false,false,false,false,Superior no universitaria completa,Hombre,AYACUCHO,Sierra,No especificado,Venta,Consumidor final,No especificado
true,5,0.28,100,34,52,false,false,true,false,false,false,false,Sin nivel,Mujer,CUSCO,Sierra,Gravedad,Venta,Acopiador,Gravedad
true,3,10.6,0,30,52,false,false,true,false,false,false,true,Primaria incompleta,Mujer,CUSCO,Sierra,Secano,Autoconsumo,Sin ventas,Secano
true,6,2.79,99.44,35,51,false,true,false,false,false,false,true,Primaria incompleta,Hombre,HUANCAVELICA,Sierra,Gravedad,Venta,Acopiador,Gravedad
false,2,40,0,25,54,false,false,false,false,false,false,false,Secundaria completa,Mujer,HUANCAVELICA,Sierra,Secano,Otro,Sin ventas,Secano
true,2,16.5,99.98,23,54,false,true,true,false,false,false,true,Primaria incompleta,Hombre,HUANUCO,Selva,Secano,Venta,Empresa/Agroindustria,Secano
true,1,68,31.58,18,34,false,false,true,false,false,false,false,Primaria completa,Hombre,HUANUCO,Selva,Secano,Autoconsumo,Consumidor final,Secano
true,2,2.15,99.34,40,64,false,false,false,false,false,false,false,Primaria incompleta,Hombre,HUANUCO,Sierra,Gravedad,Venta,Comerciante minorista,Gravedad
true,2,6,100,25,56,false,false,true,false,false,false,false,Superior no universitaria completa,Hombre,ICA,Costa,Gravedad,Venta,Acopiador,Gravedad
true,1,2.7,96,20,63,false,true,true,false,true,false,true,Superior universitaria completa,Hombre,ICA,Costa,Gravedad,Venta,Acopiador,Gravedad
true,1,3,0,5,42,false,false,true,true,false,false,false,Secundaria completa,Hombre,ICA,Costa,Gravedad,Otro,Sin ventas,Gravedad
true,1,0.6,98.33,10,66,false,false,true,false,false,false,false,Superior no universitaria completa,Hombre,ICA,Costa,Gravedad,Venta,Acopiador,Gravedad
true,2,7.3,98.39,4,37,false,false,true,false,false,false,false,Superior no universitaria incompleta,Hombre,ICA,Costa,Gravedad,Venta,Acopiador,Gravedad
true,4,28.7,50,43,65,false,true,true,false,false,false,false,Primaria completa,Mujer,JUNIN,Sierra,Secano,Venta,Acopiador,Secano
true,1,25,94.58,10,45,false,true,false,false,false,false,false,Superior universitaria completa,Hombre,JUNIN,Selva,Secano,Venta,Comerciante mayorista,Secano
true,11,32.9,0,20,47,false,false,true,false,false,false,false,Secundaria incompleta,Hombre,JUNIN,Sierra,Gravedad,Otro,Sin ventas,Gravedad
true,2,10.36,100,23,53,false,false,true,false,false,false,false,Primaria incompleta,Hombre,LA LIBERTAD,Costa,Gravedad,Venta,Empresa/Agroindustria,Gravedad
false,1,2,100,10,33,false,false,false,false,false,false,false,Secundaria completa,Hombre,LA LIBERTAD,Selva,Gravedad,Venta,Comerciante minorista,Gravedad
true,2,3.19,86.96,48,68,false,false,true,false,false,false,false,Secundaria completa,Hombre,LA LIBERTAD,Costa,Gravedad,Venta,Acopiador,Gravedad
true,1,11.52,100,20,52,false,false,true,false,false,false,false,Superior universitaria incompleta,Hombre,LA LIBERTAD,Costa,Gravedad,Venta,Acopiador,Gravedad
true,2,3.74,60.4,15,44,false,false,true,false,false,false,false,Superior universitaria completa,Hombre,LAMBAYEQUE,Costa,Gravedad,Venta,Empresa/Agroindustria,Gravedad
true,2,2.8,100,10,53,false,false,true,false,false,false,false,Secundaria completa,Hombre,LIMA,Costa,Gravedad,Venta,Empresa/Agroindustria,Gravedad
true,2,6,100,47,65,false,false,true,false,false,false,false,Secundaria incompleta,Hombre,LIMA,Costa,Gravedad,Venta,Acopiador,Gravedad
true,6,10.63,97.92,40,56,false,true,true,false,false,true,true,Primaria completa,Hombre,LIMA,Costa,Gravedad,Venta,Comerciante mayorista,Gravedad
true,4,6.8,100,25,52,false,false,true,false,false,false,true,Superior no universitaria incompleta,Hombre,LIMA,Costa,Gravedad,Venta,Acopiador,Gravedad
true,1,5.25,67.69,30,68,false,false,true,false,false,false,false,Secundaria completa,Hombre,LORETO,Selva,Secano,Venta,Consumidor final,Secano
true,1,115,0,20,46,false,true,true,false,false,false,false,Secundaria completa,Mujer,MADRE DE DIOS,Selva,Secano,Autoconsumo,Sin ventas,Secano
true,1,5,0,50,65,false,false,true,false,false,false,false,Superior universitaria completa,Hombre,MOQUEGUA,Costa,Gravedad,Otro,Sin ventas,Gravedad
true,5,7.5,100,13,39,false,false,true,false,false,false,true,Secundaria completa,Hombre,PASCO,Sierra,Aspersion,Venta,Comerciante mayorista,Aspersion
true,4,2.5,100,30,72,false,false,false,false,false,false,false,Primaria incompleta,Mujer,PIURA,Costa,Gravedad,Venta,Comerciante mayorista,Gravedad
true,2,3,100,6,28,false,false,true,true,false,false,false,Primaria completa,Hombre,PIURA,Costa,Gravedad,Venta,Comerciante mayorista,Gravedad
true,2,28.9,0,32,56,false,false,true,false,false,false,true,Primaria incompleta,Hombre,PUNO,Sierra,Secano,Otro,Sin ventas,Secano
true,6,4.75,0,36,54,false,false,true,false,false,false,false,Primaria completa,Mujer,PUNO,Sierra,Gravedad,Otro,Sin ventas,Gravedad
true,3,14,0,22,42,false,false,true,false,false,false,false,Secundaria completa,Hombre,SAN MARTIN,Selva,Secano,Otro,Sin ventas,Secano
true,2,4,0,10,37,false,false,false,false,false,false,false,Secundaria completa,Mujer,SAN MARTIN,Selva,Gravedad,Otro,Sin ventas,Gravedad
true,4,0.68,0,6,39,false,true,true,false,false,false,false,Superior no universitaria completa,Hombre,TACNA,Costa,Goteo,Otro,Sin ventas,Goteo
true,1,10,99.68,22,40,false,true,true,false,false,false,false,Secundaria completa,Mujer,TACNA,Costa,Goteo,Venta,Acopiador,Goteo
true,2,4,0,5,36,false,false,true,false,false,false,false,Primaria completa,Mujer,TACNA,Costa,Goteo,Otro,Sin ventas,Goteo
true,2,8,100,40,64,false,false,true,true,false,false,true,Superior universitaria incompleta,Hombre,TUMBES,Costa,Gravedad,Venta,Comerciante mayorista,Gravedad
true,1,2.01,96.67,40,72,false,false,false,false,false,false,false,Primaria incompleta,Hombre,TUMBES,Costa,Gravedad,Venta,Comerciante minorista,Gravedad
true,3,5,100,10,38,false,false,true,false,false,false,false,Superior universitaria completa,Hombre,TUMBES,Costa,Gravedad,Venta,Acopiador,Gravedad
true,2,1.5,98.77,16,36,false,false,true,false,false,false,false,Superior no universitaria completa,Mujer,TUMBES,Costa,Gravedad,Venta,Acopiador,Gravedad
false,1,7,100,35,73,false,false,true,false,false,false,false,Primaria incompleta,Hombre,UCAYALI,Selva,Secano,Venta,Acopiador,Secano
true,1,26.7,100,18,42,false,false,true,false,false,false,true,Superior no universitaria completa,Hombre,UCAYALI,Selva,Secano,Venta,Empresa/Agroindustria,Secano
true,1,15,100,10,39,false,true,true,false,false,false,true,Secundaria completa,Hombre,UCAYALI,Selva,Secano,Venta,Empresa/Agroindustria,Secano
true,3,7.25,99.05,12,45,false,false,true,false,false,false,false,Secundaria incompleta,Hombre,AMAZONAS,Selva,Gravedad,Venta,Comerciante mayorista,Gravedad
true,3,21.5,20,34,51,false,false,false,false,false,false,false,Secundaria incompleta,Hombre,AMAZONAS,Selva,Secano,Autoconsumo,Consumidor final,Secano
true,1,46,0,13,32,false,false,false,false,false,false,false,Secundaria completa,Hombre,AMAZONAS,Selva,Secano,Otro,Sin ventas,Secano
false,5,35.5,55.03,40,64,false,true,true,false,false,false,false,Primaria completa,Hombre,AMAZONAS,Selva,Secano,Venta,Asociación/Cooperativa,Secano
true,4,5.4,100,20,59,false,false,true,true,false,false,false,Secundaria incompleta,Hombre,ANCASH,Costa,Gravedad,Venta,Comerciante mayorista,Gravedad
true,1,1.86,99.59,8,42,false,false,false,false,false,false,false,Primaria completa,Hombre,ANCASH,Sierra,Gravedad,Venta,Acopiador,Gravedad
true,7,1.35,0,11,36,false,false,true,false,false,false,false,Secundaria completa,Hombre,ANCASH,Sierra,Aspersion,Autoconsumo,Sin ventas,Aspersion
true,6,0.85,81.05,47,69,false,false,false,false,false,false,false,Primaria incompleta,Mujer,AREQUIPA,Sierra,Gravedad,Venta,Comerciante mayorista,Gravedad
true,2,1.32,0,20,38,false,false,true,false,false,false,false,Secundaria incompleta,Mujer,AREQUIPA,Sierra,Gravedad,Autoconsumo,Sin ventas,Gravedad
false,1,8.91,33.33,30,54,false,false,true,false,false,false,false,Primaria completa,Hombre,AREQUIPA,Sierra,Gravedad,Autoconsumo,Comerciante minorista,Gravedad
true,3,5.53,76.92,15,44,false,false,false,false,false,false,false,Secundaria incompleta,Mujer,AREQUIPA,Sierra,Gravedad,Venta,Consumidor final,Gravedad
true,1,6.64,99.14,15,61,false,false,true,false,false,false,false,Superior universitaria completa,Hombre,AREQUIPA,Costa,Gravedad,Venta,Comerciante mayorista,Gravedad
true,2,0.74,96.44,30,64,false,false,true,false,false,false,false,Secundaria completa,Hombre,AREQUIPA,Costa,No especificado,Venta,Acopiador,No especificado
true,1,0.33,100,20,55,false,false,true,false,false,false,true,Primaria completa,Hombre,AREQUIPA,Costa,Gravedad,Venta,Acopiador,Gravedad
true,2,7.6,0,20,50,false,false,true,false,false,false,false,Secundaria incompleta,Hombre,AREQUIPA,Costa,Gravedad,Otro,Sin ventas,Gravedad
true,2,3.5,89.28,15,44,false,true,true,false,false,false,true,Secundaria completa,Mujer,AYACUCHO,Selva,Secano,Venta,Acopiador,Secano
true,9,5.88,77.67,18,41,false,false,true,false,false,false,false,Primaria incompleta,Hombre,AYACUCHO,Sierra,Secano,Venta,Acopiador,Secano
false,7,6.2,85.23,5,28,false,false,true,false,false,true,false,Secundaria completa,Hombre,AYACUCHO,Sierra,Aspersion,Venta,Acopiador,Aspersion
true,1,7,100,22,49,false,false,true,true,false,false,false,Secundaria completa,Hombre,CAJAMARCA,Selva,Gravedad,Venta,Comerciante mayorista,Gravedad
true,10,2.28,0,20,42,false,false,true,false,false,false,true,Primaria incompleta,Hombre,CUSCO,Sierra,No especificado,Autoconsumo,Sin ventas,No especificado
true,5,1.77,0,15,50,false,true,true,false,false,false,false,Secundaria completa,Hombre,CUSCO,Sierra,No especificado,Autoconsumo,Sin ventas,No especificado
true,11,5.02,0,40,65,false,false,false,false,false,false,false,Sin nivel,Mujer,CUSCO,Sierra,Aspersion,Autoconsumo,Sin ventas,Aspersion
true,2,573,0,20,37,false,true,false,false,false,false,false,Secundaria completa,Hombre,CUSCO,Sierra,Secano,Otro,Sin ventas,Secano
false,3,70,0,33,61,false,false,false,false,false,false,false,Superior universitaria completa,Hombre,HUANCAVELICA,Sierra,Secano,Otro,Sin ventas,Secano
true,2,76,0,18,40,false,false,true,false,false,false,false,Primaria completa,Hombre,HUANUCO,Selva,Secano,Autoconsumo,Sin ventas,Secano
false,3,14,98.58,20,43,false,false,true,false,false,false,false,Sin nivel,Hombre,HUANUCO,Selva,Secano,Venta,Comerciante minorista,Secano
true,1,146,0.36,40,74,false,false,true,false,false,false,false,Primaria incompleta,Hombre,HUANUCO,Selva,Secano,Autoconsumo,Comerciante minorista,Secano
true,2,32,93.59,20,40,false,false,true,false,false,false,false,Primaria incompleta,Hombre,HUANUCO,Sierra,Secano,Venta,Comerciante mayorista,Secano
false,2,6.5,91.92,14,32,false,false,true,true,false,false,false,Secundaria completa,Hombre,HUANUCO,Selva,Gravedad,Venta,Comerciante mayorista,Gravedad
true,6,31.16,99.66,12,47,false,false,true,false,false,false,false,Secundaria completa,Hombre,ICA,Costa,Gravedad,Venta,Acopiador,Gravedad
true,3,9.5,100,11,31,false,false,true,false,false,false,false,Secundaria incompleta,Hombre,ICA,Costa,No especificado,Venta,Acopiador,No especificado
true,1,27,1.2,15,67,false,false,true,false,false,false,false,Primaria completa,Hombre,ICA,Costa,Gravedad,Autoconsumo,Acopiador,Gravedad
true,2,7.54,97.01,15,36,false,false,true,false,false,false,true,Superior universitaria completa,Hombre,ICA,Costa,Goteo,Venta,Acopiador,Goteo
true,6,25,90.28,20,51,false,false,true,false,false,false,false,Secundaria incompleta,Hombre,JUNIN,Sierra,Secano,Venta,Acopiador,Secano
true,1,80,0,40,58,false,false,true,false,false,false,false,Primaria incompleta,Mujer,JUNIN,Sierra,Secano,Otro,Sin ventas,Secano
false,8,3.41,81.93,50,67,false,false,true,false,false,false,false,Secundaria completa,Hombre,JUNIN,Sierra,Secano,Venta,Acopiador,Secano
false,9,1.51,56.25,24,49,false,false,true,false,false,false,false,Primaria completa,Mujer,JUNIN,Sierra,Secano,Venta,Comerciante mayorista,Secano
true,3,10.5,93.94,16,55,false,false,false,false,false,false,false,Secundaria incompleta,Hombre,JUNIN,Selva,Aspersion,Venta,Consumidor final,Aspersion
true,1,1.43,100,6,38,false,false,true,false,false,false,false,Primaria incompleta,Hombre,LA LIBERTAD,Costa,Goteo,Venta,Acopiador,Goteo
true,1,5.45,98.73,3,56,false,false,true,false,false,false,false,Primaria completa,Hombre,LA LIBERTAD,Costa,Goteo,Venta,Acopiador,Goteo
false,1,17,100,7,40,false,false,true,false,false,false,false,Superior universitaria completa,Hombre,LA LIBERTAD,Costa,Goteo,Venta,Acopiador,Goteo
false,2,8.25,92.01,7,41,false,false,true,false,false,false,true,Secundaria completa,Hombre,LA LIBERTAD,Costa,Gravedad,Venta,Empresa/Agroindustria,Gravedad
true,7,6.25,98.55,25,45,false,false,true,false,false,false,false,Primaria completa,Hombre,LAMBAYEQUE,Costa,Gravedad,Venta,Acopiador,Gravedad
true,1,2.4,99.64,12,44,false,false,true,false,false,false,false,Secundaria incompleta,Hombre,LAMBAYEQUE,Costa,No especificado,Venta,Empresa/Agroindustria,No especificado
true,2,36,0,17,44,false,true,true,false,false,false,false,Secundaria completa,Hombre,LORETO,Selva,Secano,Autoconsumo,Sin ventas,Secano
true,2,11.56,12.8,9,37,false,false,true,false,false,false,true,Primaria completa,Hombre,LORETO,Selva,Gravedad,Autoconsumo,Comerciante mayorista,Gravedad
true,4,96,99.29,25,46,false,false,true,false,false,false,false,Primaria incompleta,Mujer,MADRE DE DIOS,Selva,Secano,Venta,Consumidor final,Secano
false,1,2.43,70.26,28,47,false,false,true,false,false,false,false,Secundaria incompleta,Hombre,MOQUEGUA,Sierra,Gravedad,Venta,Consumidor final,Gravedad
true,1,1.8,0,30,54,false,false,true,false,false,false,false,Secundaria completa,Hombre,MOQUEGUA,Costa,Gravedad,Otro,Sin ventas,Gravedad
true,1,1.3,0,20,50,false,false,false,false,false,false,false,Superior universitaria completa,Hombre,PASCO,Sierra,Secano,Otro,Sin ventas,Secano
false,1,35,0,15,53,false,false,false,false,false,false,false,Superior universitaria incompleta,Hombre,PASCO,Selva,Secano,Otro,Sin ventas,Secano
true,2,2.25,85,30,47,false,false,true,false,false,false,false,Primaria completa,Hombre,PIURA,Costa,Gravedad,Venta,Comerciante minorista,Gravedad
true,1,1.5,100,25,60,false,true,true,false,false,false,false,Secundaria completa,Hombre,PIURA,Costa,Gravedad,Venta,Comerciante minorista,Gravedad
true,4,7.5,98.34,45,79,false,false,false,false,false,false,false,Sin nivel,Hombre,PIURA,Costa,Gravedad,Venta,Acopiador,Gravedad
true,3,8,100,23,43,false,true,false,false,false,false,false,Primaria completa,Hombre,PIURA,Selva,Secano,Venta,Asociación/Cooperativa,Secano
true,3,5.3,100,35,67,false,true,true,false,false,false,false,Primaria incompleta,Hombre,PIURA,Costa,Gravedad,Venta,Acopiador,Gravedad
true,3,1.2,0,3,49,false,false,true,false,false,false,false,Primaria incompleta,Mujer,PIURA,Costa,Gravedad,Autoconsumo,Sin ventas,Gravedad
true,3,1.23,94.16,10,58,false,false,true,false,false,false,false,Primaria completa,Hombre,PIURA,Costa,No especificado,Venta,Acopiador,No especificado
true,2,39,0,24,44,false,true,false,false,false,false,false,Primaria completa,Hombre,PUNO,Sierra,Secano,Autoconsumo,Sin ventas,Secano
true,4,8.1,0,26,42,false,false,true,false,false,false,false,Primaria incompleta,Mujer,PUNO,Sierra,Secano,Autoconsumo,Sin ventas,Secano
true,2,4.2,0,8,24,false,false,true,false,false,false,false,Secundaria completa,Hombre,PUNO,Sierra,Secano,Otro,Sin ventas,Secano
true,6,29.23,0,25,55,false,true,true,false,false,false,false,Secundaria completa,Hombre,PUNO,Sierra,Secano,Autoconsumo,Sin ventas,Secano
true,9,6.19,0,43,64,false,false,true,false,false,false,false,Primaria incompleta,Mujer,PUNO,Sierra,Secano,Otro,Sin ventas,Secano
true,1,1,100,10,25,false,true,true,false,false,false,false,Secundaria completa,Hombre,SAN MARTIN,Selva,Secano,Venta,Comerciante mayorista,Secano
false,2,3.2,0,20,42,false,false,true,false,false,false,false,Primaria completa,Hombre,SAN MARTIN,Selva,Secano,Autoconsumo,Sin ventas,Secano
true,5,20.4,100,22,50,false,false,true,false,false,false,false,Primaria incompleta,Hombre,TUMBES,Costa,No especificado,Venta,Comerciante mayorista,No especificado
true,2,9.5,100,10,45,false,false,true,true,false,false,false,Primaria completa,Hombre,TUMBES,Costa,Gravedad,Venta,Comerciante mayorista,Gravedad
true,2,2,100,15,49,false,false,true,false,false,false,false,Superior universitaria completa,Hombre,TUMBES,Costa,Secano,Venta,Acopiador,Secano
true,1,7.1,0,3,33,false,false,true,false,false,false,false,Secundaria completa,Hombre,TUMBES,Costa,No especificado,Otro,Sin ventas,No especificado
true,2,6.4,100,30,79,false,false,true,true,false,false,false,Primaria completa,Hombre,TUMBES,Costa,Gravedad,Venta,Comerciante mayorista,Gravedad
true,2,5.1,100,30,59,false,true,true,false,false,false,false,Superior universitaria completa,Hombre,TUMBES,Costa,No especificado,Venta,Acopiador,No especificado
true,4,4.4,100,10,43,false,false,true,false,false,false,false,Primaria completa,Hombre,TUMBES,Costa,No especificado,Venta,Acopiador,No especificado
true,1,12,0,4,28,false,false,false,false,false,false,false,Superior universitaria completa,Hombre,TUMBES,Costa,Secano,Otro,Sin ventas,Secano
true,2,21,100,18,44,false,false,true,false,false,false,true,Primaria incompleta,Hombre,UCAYALI,Selva,Secano,Venta,Empresa/Agroindustria,Secano
true,1,0.49,93.33,10,33,false,false,false,false,false,false,false,Secundaria completa,Hombre,ANCASH,Sierra,Gravedad,Venta,Comerciante mayorista,Gravedad
true,5,8.1,0,40,64,false,false,false,false,false,false,false,Superior universitaria completa,Hombre,ANCASH,Sierra,Secano,Otro,Sin ventas,Secano
true,7,2.1,68.95,25,52,false,false,true,false,false,false,false,Sin nivel,Hombre,APURIMAC,Sierra,Gravedad,Venta,Comerciante minorista,Gravedad
true,1,450,0,10,38,false,true,false,false,false,false,false,Secundaria incompleta,Mujer,AREQUIPA,Sierra,Secano,Otro,Sin ventas,Secano
true,5,14.2,99.49,25,50,false,false,true,false,false,false,false,Primaria completa,Hombre,AREQUIPA,Sierra,Gravedad,Venta,Acopiador,Gravedad
false,4,1.52,67.27,30,47,false,false,false,false,false,false,false,Secundaria completa,Hombre,AREQUIPA,Sierra,Gravedad,Venta,Consumidor final,Gravedad
true,2,4.5,99.96,20,49,false,false,true,false,false,false,false,Secundaria incompleta,Hombre,AREQUIPA,Costa,Gravedad,Venta,Acopiador,Gravedad
true,2,3,100,25,46,false,false,true,false,false,false,false,Secundaria completa,Hombre,AREQUIPA,Costa,Goteo,Venta,Acopiador,Goteo
true,3,10.34,100,15,34,false,false,true,false,false,false,false,Secundaria incompleta,Hombre,AYACUCHO,Sierra,Goteo,Venta,Comerciante mayorista,Goteo
true,4,3.5,6.17,5,26,false,false,true,false,false,false,false,Secundaria completa,Hombre,AYACUCHO,Sierra,Secano,Autoconsumo,Acopiador,Secano
false,4,4.1,97.47,22,46,false,false,true,false,false,false,false,Primaria incompleta,Hombre,AYACUCHO,Sierra,No especificado,Venta,Comerciante mayorista,No especificado
true,6,6.3,96.15,22,65,false,false,false,false,false,false,false,Primaria incompleta,Hombre,AYACUCHO,Sierra,MicroAspersion,Venta,Comerciante mayorista,MicroAspersion
true,6,11.14,84.01,40,62,false,false,true,false,false,false,false,Primaria incompleta,Mujer,AYACUCHO,Sierra,Gravedad,Venta,Comerciante minorista,Gravedad
true,4,10,59.27,46,64,false,true,true,false,false,false,true,Primaria completa,Hombre,CAJAMARCA,Sierra,Secano,Venta,Comerciante mayorista,Secano
true,3,4.5,93.28,30,58,false,false,false,false,false,false,false,Secundaria incompleta,Hombre,CAJAMARCA,Sierra,Gravedad,Venta,Consumidor final,Gravedad
true,2,1.04,0,8,62,false,true,false,false,false,false,false,Secundaria completa,Mujer,CAJAMARCA,Sierra,Secano,Autoconsumo,Sin ventas,Secano
true,4,8.3,52.63,34,57,false,false,false,false,false,false,false,Primaria completa,Hombre,CAJAMARCA,Sierra,Gravedad,Venta,Comerciante mayorista,Gravedad
true,3,8.5,0,30,41,false,false,false,false,false,false,false,Primaria completa,Mujer,CAJAMARCA,Sierra,No especificado,Autoconsumo,Sin ventas,No especificado
true,2,3,0,15,70,false,false,false,false,false,false,false,Superior no universitaria completa,Hombre,CAJAMARCA,Selva,Gravedad,Autoconsumo,Sin ventas,Gravedad
true,3,3.12,0,19,47,false,false,false,false,false,false,false,Primaria completa,Hombre,CAJAMARCA,Sierra,Secano,Otro,Sin ventas,Secano
true,2,0.95,99.6,22,40,false,false,false,false,false,false,false,Secundaria completa,Hombre,CAJAMARCA,Sierra,Gravedad,Venta,Comerciante minorista,Gravedad
false,10,2.04,82.93,32,54,false,false,true,false,false,false,false,Primaria completa,Hombre,CUSCO,Sierra,Gravedad,Venta,Comerciante minorista,Gravedad
true,1,1,94.83,18,47,false,false,false,false,false,false,false,Primaria incompleta,Hombre,HUANCAVELICA,Sierra,No especificado,Venta,Comerciante mayorista,No especificado
true,3,62,99.85,20,38,false,false,true,false,false,false,false,Primaria incompleta,Hombre,HUANUCO,Selva,No especificado,Venta,Comerciante mayorista,No especificado
true,1,83.6,99.75,10,38,false,true,true,false,false,false,true,Secundaria completa,Hombre,HUANUCO,Selva,Secano,Venta,Acopiador,Secano
true,3,126,98.28,31,64,false,true,true,false,false,false,false,Primaria completa,Hombre,HUANUCO,Selva,Secano,Venta,Acopiador,Secano
true,8,3.85,74.76,47,69,false,false,true,false,false,false,false,Primaria completa,Hombre,HUANUCO,Sierra,Gravedad,Venta,Comerciante minorista,Gravedad
true,10,15.58,83.33,30,50,false,false,true,false,false,false,false,Primaria incompleta,Hombre,HUANUCO,Sierra,Aspersion,Venta,Comerciante mayorista,Aspersion
true,1,7.56,99.58,30,57,false,false,true,false,false,false,false,Superior no universitaria completa,Hombre,ICA,Costa,Gravedad,Venta,Acopiador,Gravedad
true,2,17.6,99.17,45,72,false,false,true,false,false,false,false,Primaria completa,Hombre,ICA,Costa,Gravedad,Venta,Acopiador,Gravedad
true,1,6,88.12,25,64,false,false,true,false,false,false,false,Primaria completa,Hombre,ICA,Costa,Gravedad,Venta,Consumidor final,Gravedad
true,1,7.6,97.87,10,41,false,false,true,false,false,false,true,Superior universitaria completa,Mujer,ICA,Costa,Gravedad,Venta,Acopiador,Gravedad
true,1,0.8,100,5,35,false,false,true,true,false,false,false,Secundaria completa,Hombre,ICA,Costa,Gravedad,Venta,Acopiador,Gravedad
true,4,8.2,100,38,62,false,false,true,false,false,false,false,Primaria incompleta,Hombre,ICA,Costa,Gravedad,Venta,Comerciante mayorista,Gravedad
true,3,31.61,84.91,24,54,false,false,true,false,false,false,false,Secundaria completa,Hombre,ICA,Costa,Gravedad,Venta,Acopiador,Gravedad
true,2,2.75,94.67,10,50,false,false,false,false,false,false,false,Secundaria completa,Hombre,ICA,Costa,Gravedad,Venta,Acopiador,Gravedad
true,3,20,34.97,37,67,false,true,true,false,false,false,true,Primaria completa,Hombre,JUNIN,Selva,Secano,Autoconsumo,Asociación/Cooperativa,Secano
true,3,11,99.93,23,43,false,false,true,false,false,false,false,Superior universitaria completa,Hombre,JUNIN,Selva,Secano,Venta,Acopiador,Secano
true,2,5,94,14,46,false,false,false,false,false,false,false,Secundaria incompleta,Hombre,JUNIN,Selva,Secano,Venta,Acopiador,Secano
true,1,0.07,0,10,32,false,false,false,false,false,false,false,Primaria incompleta,Hombre,JUNIN,Selva,Secano,Otro,Sin ventas,Secano
true,6,8.45,99.55,33,53,false,false,true,false,false,false,false,Superior no universitaria incompleta,Hombre,JUNIN,Sierra,Aspersion,Venta,Comerciante mayorista,Aspersion
true,6,1.06,97.98,24,47,false,false,true,false,false,false,false,Secundaria incompleta,Hombre,JUNIN,Sierra,No especificado,Venta,Comerciante minorista,No especificado
true,3,0.31,84.21,22,48,false,false,true,false,false,false,false,Secundaria completa,Hombre,JUNIN,Sierra,Secano,Venta,Acopiador,Secano
true,3,0.95,0,6,39,false,false,true,false,false,false,false,Primaria completa,Hombre,JUNIN,Sierra,Gravedad,Autoconsumo,Sin ventas,Gravedad
true,6,34,80.71,28,52,false,false,false,false,false,false,false,Secundaria incompleta,Hombre,LA LIBERTAD,Sierra,Secano,Venta,Consumidor final,Secano
true,2,5.8,68.04,40,63,false,false,true,false,false,false,false,Secundaria completa,Hombre,LA LIBERTAD,Costa,Gravedad,Venta,Acopiador,Gravedad
true,4,6.88,75.43,30,48,false,false,false,false,false,false,false,Primaria completa,Hombre,LA LIBERTAD,Sierra,Gravedad,Venta,Comerciante minorista,Gravedad
false,10,3.38,69.16,20,51,false,false,true,false,false,false,false,Inicial,Hombre,LA LIBERTAD,Sierra,Secano,Venta,Acopiador,Secano
true,5,13.45,64.35,40,57,false,false,true,false,false,false,true,Primaria incompleta,Hombre,LA LIBERTAD,Sierra,Aspersion,Venta,Comerciante minorista,Aspersion
true,1,3,80.18,12,60,false,false,true,false,false,false,false,Primaria completa,Hombre,LA LIBERTAD,Costa,Gravedad,Venta,Consumidor final,Gravedad
true,6,31.5,94.62,25,40,false,false,true,false,false,false,false,Primaria incompleta,Hombre,LA LIBERTAD,Sierra,Gravedad,Venta,Comerciante minorista,Gravedad
true,1,4,99.33,24,75,false,false,true,false,false,false,false,Sin nivel,Mujer,LA LIBERTAD,Costa,Gravedad,Venta,Acopiador,Gravedad
true,1,1,0,15,44,false,false,true,false,false,false,false,Primaria completa,Mujer,LAMBAYEQUE,Costa,Gravedad,Otro,Sin ventas,Gravedad
true,1,9.32,98.99,20,56,false,false,true,false,false,false,false,Secundaria completa,Hombre,LAMBAYEQUE,Costa,Otro,Venta,Acopiador,Otro
true,2,6,100,40,62,false,false,true,false,false,false,false,Primaria incompleta,Hombre,LAMBAYEQUE,Costa,Gravedad,Venta,Acopiador,Gravedad
true,1,4.3,100,32,52,false,false,true,false,false,false,false,Secundaria completa,Hombre,LIMA,Costa,Goteo,Venta,Comerciante mayorista,Goteo
true,1,1,75.59,31,50,false,false,true,false,false,false,false,Superior no universitaria incompleta,Hombre,LIMA,Costa,Gravedad,Venta,Consumidor final,Gravedad
true,1,30,99.29,18,37,false,false,true,false,false,false,false,Primaria completa,Hombre,MADRE DE DIOS,Selva,Secano,Venta,Acopiador,Secano
true,1,40,100,3,54,false,false,true,false,false,false,false,Superior universitaria completa,Mujer,MADRE DE DIOS,Selva,Secano,Venta,Acopiador,Secano
true,8,3.93,99.93,30,53,false,false,false,false,false,false,false,Primaria completa,Hombre,MOQUEGUA,Sierra,Gravedad,Venta,Acopiador,Gravedad
true,2,44.2,97.08,18,57,false,true,false,false,false,false,true,Secundaria incompleta,Hombre,PASCO,Sierra,Secano,Venta,Acopiador,Secano
true,2,2.09,41.18,13,54,false,true,true,false,false,true,false,Sin nivel,Mujer,PASCO,Selva,Secano,Autoconsumo,Acopiador,Secano
false,2,5,86.18,12,38,false,false,false,false,false,false,false,Secundaria completa,Hombre,PIURA,Costa,Gravedad,Venta,Comerciante minorista,Gravedad
true,3,2.75,100,10,36,false,false,false,true,false,false,false,Secundaria completa,Hombre,PIURA,Costa,Gravedad,Venta,Comerciante minorista,Gravedad
true,1,0.75,0,17,47,false,false,false,false,false,false,false,Superior universitaria completa,Mujer,PIURA,Costa,Secano,Otro,Sin ventas,Secano
true,6,264.17,50.92,50,69,false,true,true,false,false,false,false,Primaria completa,Hombre,PUNO,Sierra,Secano,Venta,Acopiador,Secano
true,2,40,0,40,71,false,true,true,false,false,false,false,Superior no universitaria completa,Hombre,PUNO,Sierra,Secano,Otro,Sin ventas,Secano
true,33,2.77,0,20,50,false,false,true,false,false,false,false,Superior universitaria completa,Hombre,PUNO,Sierra,Secano,Autoconsumo,Sin ventas,Secano
true,2,4.35,0,5,33,false,false,true,false,false,false,false,Secundaria completa,Hombre,PUNO,Sierra,Secano,Autoconsumo,Sin ventas,Secano
true,2,123,0,40,66,false,true,true,false,false,false,false,Primaria completa,Hombre,PUNO,Sierra,Secano,Autoconsumo,Sin ventas,Secano
false,38,1.1,0,34,60,false,false,true,false,false,true,false,Primaria completa,Hombre,PUNO,Sierra,Secano,Autoconsumo,Sin ventas,Secano
true,1,6,90.81,57,58,false,false,true,false,false,false,false,Secundaria completa,Hombre,SAN MARTIN,Selva,Secano,Venta,Comerciante mayorista,Secano
true,1,3,42.6,43,71,false,false,true,false,false,false,false,Superior no universitaria completa,Hombre,SAN MARTIN,Selva,Secano,Autoconsumo,Acopiador,Secano
true,2,44,98.79,30,56,false,false,true,false,false,false,false,Primaria completa,Hombre,SAN MARTIN,Selva,Secano,Venta,Acopiador,Secano
true,1,8,0,15,35,false,false,true,false,false,false,false,Primaria incompleta,Hombre,SAN MARTIN,Selva,Secano,Otro,Sin ventas,Secano
true,2,131,0,50,67,false,false,false,false,false,false,false,Primaria completa,Hombre,SAN MARTIN,Selva,Secano,Otro,Sin ventas,Secano
true,3,3.19,99.61,30,45,false,true,true,false,false,false,true,Secundaria completa,Hombre,TACNA,Costa,Gravedad,Venta,Consumidor final,Gravedad
true,11,1.83,55,25,46,false,false,true,false,false,false,false,Secundaria incompleta,Hombre,TACNA,Sierra,Gravedad,Venta,Acopiador,Gravedad
true,8,0.78,92.75,20,66,false,false,false,false,false,false,false,Primaria completa,Hombre,TACNA,Sierra,Gravedad,Venta,Comerciante mayorista,Gravedad
true,3,3.2,94.34,8,28,false,true,true,false,false,false,false,Superior universitaria incompleta,Mujer,TACNA,Costa,Gravedad,Venta,Consumidor final,Gravedad
true,1,2,99.16,20,54,false,false,true,false,false,false,false,Superior no universitaria completa,Hombre,TACNA,Costa,Goteo,Venta,Acopiador,Goteo
true,1,10,99.88,20,69,false,false,true,false,false,false,false,Secundaria completa,Mujer,TACNA,Costa,Goteo,Venta,Acopiador,Goteo
false,2,15,0,20,52,false,false,false,false,false,false,false,Primaria completa,Hombre,TUMBES,Costa,Secano,Otro,Sin ventas,Secano
true,2,0.5,97.2,3,41,false,false,false,false,false,false,false,Secundaria completa,Hombre,TUMBES,Costa,Gravedad,Venta,Acopiador,Gravedad
true,2,3,99.5,15,39,false,false,true,false,false,false,false,Primaria incompleta,Hombre,TUMBES,Costa,Gravedad,Venta,Comerciante minorista,Gravedad
true,1,7.5,99.75,25,60,false,false,true,false,false,false,false,Primaria completa,Hombre,TUMBES,Costa,Goteo,Venta,Comerciante mayorista,Goteo
true,1,22,99.47,20,47,false,false,true,true,false,false,false,Primaria completa,Hombre,UCAYALI,Selva,Mangas,Venta,Comerciante mayorista,Mangas
false,1,6,100,9,64,false,false,true,false,false,false,false,Primaria completa,Hombre,UCAYALI,Selva,Secano,Venta,Acopiador,Secano
false,1,4,87.1,8,35,false,false,true,false,false,false,false,Secundaria incompleta,Hombre,UCAYALI,Selva,Secano,Venta,Acopiador,Secano
false,1,3.3,100,10,50,false,false,true,false,false,false,false,Secundaria completa,Hombre,UCAYALI,Selva,Secano,Venta,Acopiador,Secano
true,3,72,100,42,62,false,true,true,false,false,false,false,Primaria incompleta,Hombre,AMAZONAS,Selva,Secano,Venta,Asociación/Cooperativa,Secano
true,3,5,97.98,8,40,false,false,true,true,false,false,false,Primaria incompleta,Hombre,AMAZONAS,Selva,Gravedad,Venta,Acopiador,Gravedad
true,1,12.25,100,26,55,false,false,true,false,false,false,false,Primaria completa,Hombre,AMAZONAS,Selva,Gravedad,Venta,Comerciante mayorista,Gravedad
true,5,12.5,68.27,20,44,false,false,true,false,false,false,false,Secundaria incompleta,Hombre,AMAZONAS,Selva,Secano,Venta,Comerciante minorista,Secano
true,4,8.25,92.76,39,58,false,false,true,false,false,false,false,Secundaria completa,Hombre,AMAZONAS,Sierra,Secano,Venta,Comerciante minorista,Secano
true,4,2.61,92.31,30,53,false,false,false,false,false,false,false,Primaria completa,Hombre,ANCASH,Sierra,Gravedad,Venta,Comerciante minorista,Gravedad
true,8,3.41,88.89,29,48,false,false,false,false,false,false,true,Secundaria completa,Hombre,ANCASH,Sierra,Gravedad,Venta,Acopiador,Gravedad
true,10,3,11.11,28,48,false,false,true,false,false,false,false,Secundaria completa,Hombre,ANCASH,Sierra,Secano,Autoconsumo,Consumidor final,Secano
true,8,0.95,0,25,56,false,false,false,false,false,false,false,Secundaria completa,Mujer,APURIMAC,Sierra,Aspersion,Autoconsumo,Sin ventas,Aspersion
true,7,2.46,38.89,30,47,false,false,false,false,false,false,false,Secundaria completa,Mujer,APURIMAC,Sierra,Aspersion,Autoconsumo,Consumidor final,Aspersion
true,1,0.83,33.33,12,50,false,false,false,false,false,false,false,Superior no universitaria completa,Hombre,APURIMAC,Sierra,Gravedad,Autoconsumo,Consumidor final,Gravedad
true,1,0.66,0,4,44,false,false,false,false,false,false,false,Secundaria incompleta,Mujer,AREQUIPA,Sierra,Gravedad,Otro,Sin ventas,Gravedad
true,3,5,87.59,18,37,false,false,true,false,false,false,true,Secundaria completa,Hombre,AYACUCHO,Selva,Secano,Venta,Acopiador,Secano
true,2,21.18,0,45,64,false,false,true,false,false,false,false,Primaria completa,Hombre,AYACUCHO,Sierra,Aspersion,Autoconsumo,Sin ventas,Aspersion
true,5,4.4,94.79,26,44,false,false,true,false,false,false,false,Primaria completa,Hombre,AYACUCHO,Sierra,No especificado,Venta,Comerciante mayorista,No especificado
true,3,5.3,100,32,54,false,false,true,false,false,false,false,Primaria completa,Hombre,AYACUCHO,Sierra,Gravedad,Venta,Consumidor final,Gravedad
true,4,2.75,89.3,20,38,false,false,true,false,false,false,false,Secundaria incompleta,Hombre,AYACUCHO,Sierra,Secano,Venta,Comerciante mayorista,Secano
true,8,8.2,92.27,30,47,false,true,true,false,false,false,false,Secundaria completa,Hombre,AYACUCHO,Sierra,Aspersion,Venta,Comerciante mayorista,Aspersion
true,6,5.75,21.43,12,35,false,false,true,false,false,false,false,Secundaria completa,Mujer,AYACUCHO,Sierra,Aspersion,Autoconsumo,Comerciante mayorista,Aspersion
true,7,6.25,0,28,55,false,false,false,false,false,false,false,Superior no universitaria incompleta,Hombre,AYACUCHO,Sierra,Secano,Otro,Sin ventas,Secano
true,3,88,47.01,36,56,false,false,true,true,false,false,false,Secundaria completa,Hombre,AYACUCHO,Sierra,Gravedad,Venta,Consumidor final,Gravedad
true,2,54,5.19,5,51,false,false,true,false,false,false,false,Secundaria incompleta,Hombre,CAJAMARCA,Selva,Aspersion,Autoconsumo,Comerciante minorista,Aspersion
true,4,2.5,89.83,20,44,false,true,true,false,false,false,false,Primaria completa,Hombre,CAJAMARCA,Selva,Secano,Venta,Asociación/Cooperativa,Secano
true,2,0.35,57.32,30,49,false,false,true,false,false,false,false,Primaria completa,Hombre,CAJAMARCA,Sierra,Gravedad,Venta,Comerciante minorista,Gravedad
true,3,0.95,6.67,45,65,false,false,true,false,false,false,false,Primaria completa,Mujer,CUSCO,Sierra,Otro,Autoconsumo,Acopiador,Otro
true,8,2.44,81.82,16,35,false,false,true,false,false,false,false,Secundaria incompleta,Hombre,HUANCAVELICA,Sierra,Secano,Venta,Comerciante mayorista,Secano
true,7,294,0,17,39,false,false,false,false,false,false,false,Primaria completa,Hombre,HUANUCO,Selva,Secano,Otro,Sin ventas,Secano
true,3,70,99.89,24,44,false,false,true,false,false,false,false,Secundaria completa,Hombre,HUANUCO,Selva,Secano,Venta,Comerciante mayorista,Secano
true,3,2.85,100,10,38,false,false,false,false,false,false,false,Superior universitaria incompleta,Hombre,HUANUCO,Sierra,Aspersion,Venta,Comerciante mayorista,Aspersion
true,2,0.9,100,26,51,false,false,false,false,false,false,false,Superior no universitaria incompleta,Mujer,HUANUCO,Selva,Secano,Venta,Acopiador,Secano
false,21,10.95,99.37,38,66,false,false,false,false,false,false,true,Primaria completa,Hombre,HUANUCO,Sierra,Aspersion,Venta,Comerciante mayorista,Aspersion
true,2,8.46,99.94,30,52,false,false,true,false,false,false,false,Primaria completa,Hombre,HUANUCO,Sierra,Aspersion,Venta,Comerciante mayorista,Aspersion
true,12,5.43,56.79,35,54,false,false,false,false,false,false,false,Primaria incompleta,Hombre,HUANUCO,Sierra,Secano,Venta,Acopiador,Secano
true,2,14.2,99.16,25,50,false,false,true,false,false,false,false,Secundaria completa,Hombre,ICA,Costa,Mangas,Venta,Empresa/Agroindustria,Mangas
true,2,10.79,99.59,20,55,false,false,true,false,false,false,false,Secundaria completa,Hombre,ICA,Costa,Gravedad,Venta,Acopiador,Gravedad
true,1,3.16,98.95,25,63,false,false,true,false,false,false,false,Primaria completa,Mujer,ICA,Costa,Gravedad,Venta,Acopiador,Gravedad
true,2,7.1,96.17,20,42,false,false,true,false,false,false,false,Secundaria incompleta,Hombre,ICA,Costa,Gravedad,Venta,Comerciante minorista,Gravedad
true,1,5.5,100,3,29,false,false,true,false,false,false,false,Superior universitaria completa,Hombre,ICA,Costa,Goteo,Venta,Empresa/Agroindustria,Goteo
true,3,11.1,96.68,8,34,false,true,true,false,false,false,false,Superior universitaria completa,Hombre,ICA,Costa,Gravedad,Venta,Acopiador,Gravedad
true,5,31,99.73,40,63,false,false,true,false,false,false,false,Secundaria completa,Hombre,JUNIN,Selva,Secano,Venta,Comerciante mayorista,Secano
true,3,12,98.48,19,45,false,false,true,false,false,false,false,Secundaria completa,Hombre,JUNIN,Selva,Secano,Venta,Comerciante minorista,Secano
false,3,10.5,85.97,23,60,false,true,true,false,false,false,false,Primaria completa,Hombre,JUNIN,Selva,Secano,Venta,Comerciante mayorista,Secano
true,2,14,100,23,45,false,true,true,false,false,false,false,Secundaria incompleta,Hombre,JUNIN,Selva,Secano,Venta,Asociación/Cooperativa,Secano
true,4,3.1,100,33,53,false,false,true,false,false,false,false,Primaria completa,Hombre,JUNIN,Sierra,Aspersion,Venta,Comerciante mayorista,Aspersion
true,4,1.76,0,44,72,false,false,true,false,false,false,false,Primaria completa,Hombre,JUNIN,Sierra,Aspersion,Otro,Sin ventas,Aspersion
true,1,3.41,95.59,20,71,false,false,true,true,false,false,false,Primaria incompleta,Mujer,LAMBAYEQUE,Costa,Otro,Venta,Acopiador,Otro
true,4,3.23,99.22,25,56,false,false,true,false,false,false,false,Secundaria completa,Hombre,LAMBAYEQUE,Costa,Gravedad,Venta,Comerciante mayorista,Gravedad
true,2,10.5,98.87,20,42,false,false,true,false,false,false,false,Secundaria completa,Hombre,LAMBAYEQUE,Costa,Gravedad,Venta,Comerciante mayorista,Gravedad
true,3,1.25,78.26,33,59,false,false,true,false,false,false,false,Secundaria incompleta,Hombre,LAMBAYEQUE,Costa,Gravedad,Venta,Acopiador,Gravedad
true,2,3.51,100,40,73,false,false,true,true,false,false,false,Primaria completa,Hombre,LAMBAYEQUE,Costa,Gravedad,Venta,Comerciante mayorista,Gravedad
true,1,2.8,74.18,35,60,false,false,true,false,false,false,false,Secundaria completa,Hombre,LIMA,Costa,Gravedad,Venta,Acopiador,Gravedad
false,1,11.3,94.29,19,37,false,false,false,false,false,false,true,Primaria incompleta,Mujer,LORETO,Selva,Secano,Venta,Consumidor final,Secano
true,1,70,93.75,18,51,false,false,false,false,false,false,false,Primaria incompleta,Hombre,MADRE DE DIOS,Selva,Secano,Venta,Acopiador,Secano
true,2,0.66,0,3,71,false,false,false,false,false,false,true,Superior universitaria completa,Hombre,MOQUEGUA,Sierra,Gravedad,Otro,Sin ventas,Gravedad
true,2,344.34,100,47,65,false,true,true,false,false,false,false,Secundaria completa,Hombre,PASCO,Selva,Secano,Venta,Asociación/Cooperativa,Secano
true,2,10.07,100,25,44,false,false,true,false,false,false,false,Secundaria incompleta,Hombre,PASCO,Selva,Secano,Venta,Comerciante mayorista,Secano
true,7,3.2,93.55,50,64,false,false,false,false,false,true,false,Primaria incompleta,Hombre,PASCO,Sierra,Secano,Venta,Acopiador,Secano
true,3,4.3,94.39,25,63,false,false,true,false,false,false,false,Primaria incompleta,Mujer,PIURA,Costa,Gravedad,Venta,Acopiador,Gravedad
true,4,14.75,99.57,38,58,false,false,true,false,false,false,false,Superior universitaria incompleta,Hombre,PIURA,Costa,Gravedad,Venta,Comerciante mayorista,Gravedad
true,23,0.48,0,15,56,false,false,true,false,false,false,false,Secundaria completa,Hombre,PUNO,Sierra,Secano,Autoconsumo,Sin ventas,Secano
true,2,3.25,88.71,32,52,false,false,true,false,false,false,false,Superior no universitaria incompleta,Hombre,SAN MARTIN,Selva,Gravedad,Venta,Acopiador,Gravedad
true,1,20,100,30,49,false,true,true,false,false,false,true,Primaria completa,Hombre,SAN MARTIN,Selva,Secano,Venta,Empresa/Agroindustria,Secano
true,2,30,78.67,40,64,false,true,true,false,false,false,true,Primaria incompleta,Mujer,SAN MARTIN,Selva,Secano,Venta,Asociación/Cooperativa,Secano
true,3,4.65,99.87,27,57,false,false,true,false,false,false,true,Secundaria completa,Hombre,TACNA,Sierra,Otro,Venta,Acopiador,Otro
true,1,4.56,99.7,20,74,false,false,true,false,false,false,false,Secundaria completa,Hombre,TACNA,Costa,Goteo,Venta,Acopiador,Goteo
true,1,6,99.76,11,31,false,true,true,false,false,false,true,Superior no universitaria completa,Hombre,TACNA,Costa,Goteo,Venta,Acopiador,Goteo
true,2,7.75,100,10,37,false,false,true,false,false,false,false,Secundaria completa,Hombre,TUMBES,Costa,No especificado,Venta,Acopiador,No especificado
true,3,3.3,99.99,15,47,false,false,true,false,false,false,false,Primaria completa,Hombre,TUMBES,Costa,Gravedad,Venta,Acopiador,Gravedad
true,5,5.8,100,9,32,false,true,true,false,false,false,false,Secundaria completa,Hombre,TUMBES,Costa,Secano,Venta,Comerciante mayorista,Secano
true,1,1.5,100,30,54,false,true,true,true,false,false,false,Secundaria completa,Hombre,TUMBES,Costa,Gravedad,Venta,Acopiador,Gravedad
true,1,2,66.67,13,31,false,false,true,false,false,false,false,Secundaria completa,Mujer,TUMBES,Costa,Gravedad,Venta,Consumidor final,Gravedad
true,1,20,100,8,38,false,true,true,false,false,false,true,Superior universitaria completa,Hombre,UCAYALI,Selva,Secano,Venta,Empresa/Agroindustria,Secano
true,1,83.5,100,40,61,false,false,true,false,false,false,false,Secundaria completa,Hombre,UCAYALI,Selva,Secano,Venta,Acopiador,Secano
true,1,5.7,100,27,43,false,true,true,false,false,false,false,Primaria completa,Mujer,AMAZONAS,Selva,Secano,Venta,Acopiador,Secano
true,3,5.8,100,16,32,false,false,true,true,false,false,false,Secundaria completa,Hombre,AMAZONAS,Selva,Gravedad,Venta,Comerciante mayorista,Gravedad
true,5,30.75,0,30,62,false,true,true,false,false,false,false,Primaria completa,Hombre,AMAZONAS,Sierra,Secano,Autoconsumo,Sin ventas,Secano
true,1,5,15.38,38,56,false,false,true,false,false,false,false,Primaria completa,Hombre,ANCASH,Costa,Goteo,Autoconsumo,Acopiador,Goteo
true,5,4.95,0,38,56,false,false,false,false,false,false,false,Primaria completa,Hombre,ANCASH,Sierra,Gravedad,Otro,Sin ventas,Gravedad
false,9,2.7,40,48,66,false,false,true,false,false,false,false,Primaria incompleta,Hombre,APURIMAC,Sierra,Gravedad,Autoconsumo,Acopiador,Gravedad
true,2,0.63,0,1,35,false,false,true,false,false,false,false,Secundaria completa,Hombre,APURIMAC,Sierra,Secano,Otro,Sin ventas,Secano
true,4,4.79,50,40,50,false,false,true,false,false,false,false,Secundaria completa,Hombre,AREQUIPA,Sierra,Gravedad,Autoconsumo,Comerciante minorista,Gravedad
true,2,15,100,6,26,false,true,true,false,false,false,false,Superior universitaria completa,Hombre,AREQUIPA,Costa,Goteo,Venta,Comerciante mayorista,Goteo
true,1,5,100,8,41,false,false,true,false,false,false,false,Superior universitaria completa,Hombre,AREQUIPA,Costa,Goteo,Venta,Comerciante mayorista,Goteo
true,2,6.77,100,20,47,false,false,true,false,false,false,true,Superior no universitaria completa,Mujer,AREQUIPA,Costa,Gravedad,Venta,Acopiador,Gravedad
true,1,5.09,98.05,20,52,false,false,true,true,false,false,false,Superior no universitaria completa,Hombre,AREQUIPA,Costa,Goteo,Venta,Comerciante mayorista,Goteo
true,2,3,99.93,20,42,false,false,true,false,false,false,false,Superior no universitaria incompleta,Hombre,AREQUIPA,Costa,Goteo,Venta,Acopiador,Goteo
true,3,3.8,44.56,35,51,false,false,true,false,false,false,false,Secundaria completa,Hombre,AYACUCHO,Sierra,Aspersion,Autoconsumo,Comerciante mayorista,Aspersion
false,6,2.53,0,18,38,false,false,true,false,false,false,true,Secundaria incompleta,Mujer,AYACUCHO,Sierra,Gravedad,Autoconsumo,Sin ventas,Gravedad
true,3,10,100,15,45,false,false,true,false,false,false,false,Superior no universitaria completa,Hombre,AYACUCHO,Sierra,Aspersion,Venta,Comerciante minorista,Aspersion
true,2,1,0,2,40,false,false,false,false,false,false,false,Secundaria incompleta,Hombre,CAJAMARCA,Sierra,Secano,Otro,Sin ventas,Secano
true,3,2.3,7.69,28,56,false,false,true,false,false,false,false,Primaria incompleta,Hombre,CAJAMARCA,Sierra,Gravedad,Autoconsumo,Comerciante minorista,Gravedad
true,6,1.74,44.55,43,63,false,false,true,false,false,false,false,Primaria incompleta,Hombre,CUSCO,Sierra,Aspersion,Autoconsumo,Comerciante minorista,Aspersion
true,5,1.37,77.42,40,60,false,true,true,false,false,false,false,Primaria completa,Mujer,CUSCO,Sierra,Gravedad,Venta,Consumidor final,Gravedad
true,6,2.47,94.82,26,48,false,true,true,false,false,false,false,Secundaria completa,Mujer,CUSCO,Sierra,Gravedad,Venta,Comerciante mayorista,Gravedad
true,10,2.2,88.37,18,38,false,false,true,false,false,false,false,Primaria incompleta,Hombre,CUSCO,Sierra,Secano,Venta,Comerciante minorista,Secano
false,2,1.63,95.66,35,57,false,false,true,false,false,false,false,Primaria incompleta,Mujer,CUSCO,Sierra,Goteo,Venta,Consumidor final,Goteo
true,15,1.81,10,32,58,false,false,false,false,false,false,false,Primaria incompleta,Hombre,CUSCO,Sierra,Aspersion,Autoconsumo,Consumidor final,Aspersion
true,1,5,100,4,30,false,false,true,true,false,false,false,Secundaria completa,Hombre,ICA,Costa,Gravedad,Venta,Acopiador,Gravedad
true,1,4,100,5,54,false,false,true,true,false,false,false,Secundaria completa,Hombre,ICA,Costa,Gravedad,Venta,Acopiador,Gravedad
true,2,4.8,0,3,45,false,false,true,false,false,false,false,Secundaria incompleta,Hombre,ICA,Costa,Goteo,Otro,Sin ventas,Goteo
true,2,4.65,92.59,4,50,false,false,true,false,false,false,false,Secundaria completa,Hombre,ICA,Costa,Gravedad,Venta,Acopiador,Gravedad
false,4,80,94.25,41,59,false,false,true,false,false,false,false,Secundaria completa,Hombre,JUNIN,Sierra,Secano,Venta,Acopiador,Secano
true,1,21.62,0,25,43,false,false,false,false,false,false,false,Primaria completa,Hombre,JUNIN,Selva,Secano,Otro,Sin ventas,Secano
true,16,21.06,91.76,29,42,false,false,true,false,false,false,false,Primaria completa,Hombre,JUNIN,Sierra,Aspersion,Venta,Comerciante mayorista,Aspersion
true,2,9.5,5.74,20,38,false,true,true,false,false,false,false,Secundaria completa,Hombre,JUNIN,Selva,Secano,Autoconsumo,Comerciante mayorista,Secano
true,1,0.03,0,3,60,false,false,false,false,false,false,false,Superior universitaria completa,Mujer,JUNIN,Sierra,Secano,Otro,Sin ventas,Secano
true,3,15,100,30,54,false,false,true,false,false,false,false,Secundaria incompleta,Hombre,LAMBAYEQUE,Costa,Gravedad,Venta,Empresa/Agroindustria,Gravedad
true,2,33.6,100,40,60,false,false,true,false,false,false,false,Superior universitaria completa,Hombre,LAMBAYEQUE,Costa,Gravedad,Venta,Empresa/Agroindustria,Gravedad
true,2,4,86.52,20,45,false,false,true,true,false,false,false,Secundaria completa,Hombre,LAMBAYEQUE,Costa,Gravedad,Venta,Acopiador,Gravedad
true,2,3,96.8,53,73,false,false,true,false,false,false,false,Primaria completa,Hombre,LAMBAYEQUE,Costa,Gravedad,Venta,Acopiador,Gravedad
true,1,7,0,32,59,false,false,false,false,false,false,false,Primaria incompleta,Hombre,LIMA,Costa,Secano,Otro,Sin ventas,Secano
true,1,3.1,100,24,60,false,false,true,true,false,false,false,Secundaria completa,Hombre,LIMA,Costa,Gravedad,Venta,Comerciante mayorista,Gravedad
false,6,2.1,0,25,58,false,false,false,false,false,false,false,Secundaria completa,Hombre,LIMA,Sierra,Gravedad,Otro,Sin ventas,Gravedad
true,1,38,0,2,47,false,false,false,false,false,false,false,Superior universitaria completa,Mujer,MADRE DE DIOS,Selva,Secano,Otro,Sin ventas,Secano
true,5,1.33,95.81,30,46,false,true,false,false,false,false,true,Superior universitaria incompleta,Hombre,MOQUEGUA,Sierra,Gravedad,Venta,Comerciante mayorista,Gravedad
true,1,3,93.72,7,43,false,false,true,false,false,false,true,Superior universitaria completa,Hombre,MOQUEGUA,Sierra,Goteo,Venta,Comerciante mayorista,Goteo
true,1,5.25,82.86,30,61,false,true,false,false,false,false,true,Superior universitaria incompleta,Hombre,MOQUEGUA,Costa,Goteo,Venta,Acopiador,Goteo
true,2,3.12,0,10,51,false,false,true,false,false,false,true,Superior no universitaria incompleta,Hombre,MOQUEGUA,Costa,Otro,Autoconsumo,Sin ventas,Otro
true,1,11.2,100,15,57,false,false,false,false,false,false,false,Secundaria completa,Hombre,PASCO,Sierra,Secano,Venta,Consumidor final,Secano
true,4,20,100,6,44,false,false,true,true,false,false,false,Secundaria completa,Hombre,PIURA,Costa,Gravedad,Venta,Empresa/Agroindustria,Gravedad
true,2,6,77.38,30,63,false,false,true,false,false,false,false,Primaria incompleta,Hombre,PIURA,Costa,Gravedad,Venta,Comerciante minorista,Gravedad
false,1,40.5,90.67,20,58,false,false,false,false,false,false,false,Primaria incompleta,Hombre,PIURA,Costa,Secano,Venta,Comerciante minorista,Secano
true,2,2.7,98.15,10,58,false,false,true,true,false,false,false,Primaria incompleta,Hombre,PIURA,Costa,Gravedad,Venta,Comerciante mayorista,Gravedad
true,5,10.2,99.68,10,50,false,false,true,true,false,false,false,Primaria incompleta,Hombre,PIURA,Costa,Gravedad,Venta,Comerciante mayorista,Gravedad
true,2,15,92.44,22,41,false,true,true,false,false,false,false,Secundaria completa,Hombre,PUNO,Selva,Secano,Venta,Acopiador,Secano
true,7,12.75,0,28,47,false,false,true,false,false,false,false,Primaria incompleta,Mujer,PUNO,Sierra,Secano,Otro,Sin ventas,Secano
true,3,9,0,40,64,false,true,true,false,false,false,false,Primaria completa,Hombre,PUNO,Sierra,Secano,Otro,Sin ventas,Secano
true,19,6.64,0,30,52,false,false,true,false,false,false,false,Secundaria completa,Mujer,PUNO,Sierra,Secano,Autoconsumo,Sin ventas,Secano
true,2,2.58,100,37,57,false,true,true,false,false,false,false,Secundaria incompleta,Hombre,SAN MARTIN,Selva,Secano,Venta,Empresa/Agroindustria,Secano
true,2,6.28,0,23,50,false,true,true,false,false,false,true,Superior universitaria completa,Hombre,TACNA,Costa,Gravedad,Otro,Sin ventas,Gravedad
true,1,10,98.73,12,43,false,false,true,false,false,false,false,Superior universitaria completa,Hombre,TACNA,Costa,Goteo,Venta,Comerciante mayorista,Goteo
true,5,203,100,6,41,false,false,true,false,false,false,false,Secundaria completa,Hombre,TUMBES,Costa,Gravedad,Venta,Empresa/Agroindustria,Gravedad
true,1,19.5,100,15,43,false,true,true,false,false,false,false,Secundaria completa,Mujer,UCAYALI,Selva,Secano,Venta,Empresa/Agroindustria,Secano
true,2,33,94.79,20,42,false,true,true,false,false,false,false,Secundaria completa,Hombre,UCAYALI,Selva,Secano,Venta,Comerciante mayorista,Secano
true,2,67,73.12,26,57,false,true,true,false,false,false,true,Secundaria completa,Hombre,UCAYALI,Selva,Secano,Venta,Empresa/Agroindustria,Secano
true,2,47.6,100,16,43,false,true,true,false,false,false,true,Secundaria completa,Hombre,UCAYALI,Selva,Secano,Venta,Asociación/Cooperativa,Secano
false,1,7.5,98.7,30,49,false,true,true,false,false,false,false,Primaria incompleta,Hombre,UCAYALI,Selva,Secano,Venta,Comerciante mayorista,Secano
true,3,55,0,38,56,false,true,false,false,false,false,false,Primaria completa,Hombre,AMAZONAS,Sierra,Secano,Otro,Sin ventas,Secano
true,8,38.5,0,37,57,false,true,true,false,false,false,false,Primaria incompleta,Hombre,AMAZONAS,Sierra,Secano,Autoconsumo,Sin ventas,Secano
true,3,37,99.94,28,44,false,false,true,false,false,false,true,Secundaria incompleta,Hombre,ANCASH,Costa,Gravedad,Venta,Acopiador,Gravedad
false,4,28,100,30,50,false,false,true,true,false,true,false,Secundaria completa,Hombre,ANCASH,Costa,Gravedad,Venta,Acopiador,Gravedad
true,4,3.7,93.66,15,33,false,false,true,false,false,false,false,Primaria incompleta,Hombre,APURIMAC,Sierra,No especificado,Venta,Comerciante mayorista,No especificado
true,4,1.18,21.05,40,69,false,false,true,false,false,false,false,Secundaria incompleta,Mujer,APURIMAC,Sierra,Gravedad,Autoconsumo,Comerciante mayorista,Gravedad
true,9,3.76,0,26,65,false,false,true,false,false,false,false,Secundaria incompleta,Hombre,AREQUIPA,Sierra,Gravedad,Otro,Sin ventas,Gravedad
true,1,1.14,84.51,25,45,false,false,true,false,false,false,false,Superior no universitaria incompleta,Hombre,AREQUIPA,Costa,Gravedad,Venta,Comerciante mayorista,Gravedad
true,4,21,99.59,15,45,false,false,true,false,false,false,true,Superior universitaria completa,Hombre,AREQUIPA,Costa,No especificado,Venta,Acopiador,No especificado
false,2,1,100,4,65,false,false,false,false,false,false,false,Superior universitaria completa,Hombre,AREQUIPA,Sierra,Gravedad,Venta,Acopiador,Gravedad
true,1,3.8,99.49,30,51,false,false,true,false,false,false,false,Primaria incompleta,Hombre,AREQUIPA,Costa,Gravedad,Venta,Acopiador,Gravedad
false,8,1.5,0,14,34,false,false,false,false,false,false,false,Secundaria incompleta,Mujer,AYACUCHO,Sierra,Aspersion,Autoconsumo,Sin ventas,Aspersion
true,3,2.25,100,19,37,false,false,true,false,false,false,false,Secundaria completa,Hombre,AYACUCHO,Sierra,Aspersion,Venta,Comerciante minorista,Aspersion
true,2,16.25,99.5,35,51,false,false,true,false,false,false,false,Secundaria incompleta,Hombre,AYACUCHO,Sierra,Aspersion,Venta,Comerciante mayorista,Aspersion
true,5,13,94.3,40,56,false,false,true,false,false,true,false,Sin nivel,Mujer,AYACUCHO,Sierra,Gravedad,Venta,Comerciante mayorista,Gravedad
true,3,2,0,14,34,false,false,true,false,false,false,false,Secundaria completa,Hombre,AYACUCHO,Sierra,Gravedad,Otro,Sin ventas,Gravedad
true,5,9,83.02,35,55,false,false,true,false,false,false,true,Primaria incompleta,Mujer,AYACUCHO,Sierra,Aspersion,Venta,Comerciante mayorista,Aspersion
true,7,7,4.76,40,66,false,false,true,false,false,false,false,Secundaria completa,Hombre,AYACUCHO,Sierra,Aspersion,Autoconsumo,Acopiador,Aspersion
true,5,80,99.82,22,41,false,false,true,false,false,false,false,Primaria completa,Hombre,CAJAMARCA,Selva,Gravedad,Venta,Comerciante mayorista,Gravedad
true,2,34,70.72,30,61,false,false,true,false,false,false,false,Superior universitaria incompleta,Hombre,CAJAMARCA,Costa,Goteo,Venta,Consumidor final,Goteo
true,3,19,0,40,58,false,true,true,false,false,false,false,Primaria completa,Hombre,CAJAMARCA,Sierra,Secano,Otro,Sin ventas,Secano
true,4,10.15,0,16,57,false,false,false,false,false,false,false,Primaria incompleta,Hombre,CAJAMARCA,Sierra,Secano,Otro,Sin ventas,Secano
true,3,5.85,83.35,48,68,false,false,true,false,false,false,false,Primaria incompleta,Hombre,CAJAMARCA,Sierra,Gravedad,Venta,Comerciante minorista,Gravedad
true,19,2.62,75.69,45,55,false,false,true,false,false,false,false,Secundaria completa,Hombre,CUSCO,Sierra,Aspersion,Venta,Consumidor final,Aspersion
true,8,4.79,73.62,30,46,false,true,true,false,false,false,true,Secundaria completa,Hombre,CUSCO,Sierra,Aspersion,Venta,Consumidor final,Aspersion
true,1,18,40,15,43,false,true,true,false,false,false,false,Superior no universitaria completa,Hombre,CUSCO,Sierra,Gravedad,Autoconsumo,Comerciante minorista,Gravedad
false,2,50,0,20,47,false,false,false,false,false,false,false,Superior universitaria completa,Hombre,HUANCAVELICA,Sierra,Secano,Otro,Sin ventas,Secano
true,4,30.75,99.31,10,43,false,false,false,false,false,true,false,Superior universitaria completa,Hombre,HUANCAVELICA,Sierra,Gravedad,Venta,Acopiador,Gravedad
true,2,24,100,4,42,false,false,true,false,false,false,false,Secundaria completa,Hombre,HUANUCO,Selva,Secano,Venta,Comerciante mayorista,Secano
false,3,10,77.22,18,39,false,false,true,false,false,false,false,Primaria incompleta,Hombre,HUANUCO,Selva,Secano,Venta,Consumidor final,Secano
true,2,490,0,35,53,false,false,true,false,false,false,false,Primaria completa,Hombre,HUANUCO,Selva,Secano,Autoconsumo,Sin ventas,Secano
true,3,7,97.66,37,57,false,false,true,false,false,false,false,Primaria completa,Hombre,HUANUCO,Sierra,Gravedad,Venta,Comerciante minorista,Gravedad
true,6,9.26,72.52,10,58,false,true,false,false,false,false,false,Primaria completa,Hombre,HUANUCO,Sierra,Aspersion,Venta,Comerciante minorista,Aspersion
true,2,10,100,20,52,false,false,true,true,false,false,false,Primaria incompleta,Mujer,ICA,Costa,Gravedad,Venta,Acopiador,Gravedad
true,1,2.41,0,2,31,false,false,true,false,false,false,false,Secundaria completa,Hombre,ICA,Costa,Gravedad,Otro,Sin ventas,Gravedad
true,1,4,90.33,10,36,false,false,true,false,false,false,false,Superior universitaria completa,Mujer,ICA,Costa,Gravedad,Venta,Acopiador,Gravedad
true,1,14.5,99.89,15,55,false,false,true,false,false,false,false,Secundaria completa,Mujer,JUNIN,Selva,Secano,Venta,Comerciante mayorista,Secano
true,3,18.7,89.49,36,61,false,false,false,false,false,false,false,Secundaria incompleta,Hombre,JUNIN,Selva,Secano,Venta,Acopiador,Secano
true,4,3.54,83.78,20,38,false,true,true,true,false,false,true,Secundaria incompleta,Hombre,JUNIN,Sierra,Gravedad,Venta,Comerciante mayorista,Gravedad
true,8,19.25,96.57,21,42,false,false,true,false,false,false,false,Secundaria incompleta,Hombre,JUNIN,Selva,Secano,Venta,Comerciante mayorista,Secano
true,4,11,5.48,35,72,false,false,true,false,false,false,false,Secundaria incompleta,Hombre,JUNIN,Selva,Secano,Autoconsumo,Acopiador,Secano
true,5,6.14,97.27,30,63,false,false,true,false,false,false,false,Secundaria completa,Hombre,JUNIN,Sierra,Secano,Venta,Comerciante mayorista,Secano
true,2,50.85,66.45,38,56,false,false,true,false,false,false,false,Primaria completa,Hombre,LA LIBERTAD,Sierra,Goteo,Venta,Acopiador,Goteo
true,1,8.5,99.64,43,61,false,false,true,false,false,false,false,Secundaria incompleta,Hombre,LAMBAYEQUE,Costa,Gravedad,Venta,Acopiador,Gravedad
true,3,3.62,98.48,30,49,false,true,true,false,false,false,true,Secundaria completa,Hombre,LAMBAYEQUE,Sierra,MicroAspersion,Venta,Comerciante mayorista,MicroAspersion
true,1,3.75,86.08,10,63,false,false,true,false,false,false,false,Secundaria incompleta,Hombre,LAMBAYEQUE,Costa,Otro,Venta,Acopiador,Otro
true,1,6,91.67,5,53,false,false,true,false,false,false,true,Secundaria completa,Hombre,LAMBAYEQUE,Costa,Gravedad,Venta,Acopiador,Gravedad
true,2,4,89.02,23,45,false,false,true,true,false,false,false,Primaria completa,Hombre,LAMBAYEQUE,Costa,Otro,Venta,Comerciante mayorista,Otro
true,2,10.5,100,5,28,false,false,true,false,false,false,true,Secundaria completa,Hombre,LIMA,Costa,No especificado,Venta,Empresa/Agroindustria,No especificado
true,5,13,100,30,56,false,false,true,false,false,false,false,Superior no universitaria completa,Hombre,LIMA,Costa,Gravedad,Venta,Comerciante mayorista,Gravedad
true,3,3.87,99.8,10,51,false,false,true,false,false,false,false,Primaria completa,Hombre,LIMA,Costa,Gravedad,Venta,Comerciante mayorista,Gravedad
false,3,26,100,28,44,false,true,true,false,false,false,false,Primaria completa,Hombre,LORETO,Selva,Secano,Venta,Comerciante mayorista,Secano
true,3,97,100,23,39,false,false,true,false,false,false,false,Secundaria incompleta,Hombre,LORETO,Selva,Gravedad,Venta,Comerciante minorista,Gravedad
true,2,32,96.55,20,54,false,false,false,false,false,false,false,Primaria incompleta,Mujer,MADRE DE DIOS,Selva,Secano,Venta,Acopiador,Secano
true,2,0.18,91.27,30,55,false,false,false,false,false,false,false,Secundaria completa,Mujer,MOQUEGUA,Sierra,Gravedad,Venta,Acopiador,Gravedad
true,5,20.45,76.17,25,59,false,true,true,false,false,false,false,Superior universitaria completa,Hombre,MOQUEGUA,Costa,Gravedad,Venta,Comerciante minorista,Gravedad
true,2,0.86,100,10,33,false,true,false,false,false,false,true,Secundaria completa,Hombre,PASCO,Selva,Secano,Venta,Acopiador,Secano
true,3,6.69,100,32,50,false,false,true,false,false,false,false,Primaria completa,Hombre,PASCO,Selva,Secano,Venta,Acopiador,Secano
true,3,1.63,100,30,62,false,false,true,false,false,false,false,Primaria completa,Hombre,PIURA,Costa,Gravedad,Venta,Acopiador,Gravedad
false,1,0.1,0,30,68,false,false,false,false,false,false,false,Secundaria incompleta,Hombre,PIURA,Costa,No especificado,Otro,Sin ventas,No especificado
true,6,1.39,0,40,64,false,false,true,false,false,false,false,Sin nivel,Mujer,PUNO,Sierra,Secano,Autoconsumo,Sin ventas,Secano
true,15,0.4,0,25,52,false,false,true,false,false,false,false,Secundaria completa,Hombre,PUNO,Sierra,Secano,Autoconsumo,Sin ventas,Secano
false,2,5.72,3.67,26,45,false,false,true,false,true,false,false,Primaria incompleta,Hombre,SAN MARTIN,Selva,Secano,Autoconsumo,Acopiador,Secano
true,1,62.2,100,32,57,false,false,true,false,false,false,false,Secundaria completa,Hombre,SAN MARTIN,Selva,Secano,Venta,Comerciante mayorista,Secano
false,6,3,89.66,33,56,false,false,true,false,false,false,false,Secundaria incompleta,Hombre,TACNA,Sierra,Gravedad,Venta,Acopiador,Gravedad
true,1,2.5,100,13,62,false,false,false,false,false,false,false,Primaria completa,Mujer,TUMBES,Costa,Gravedad,Venta,Acopiador,Gravedad
true,1,2.5,100,20,53,false,false,true,true,false,false,true,Superior no universitaria completa,Hombre,TUMBES,Costa,Gravedad,Venta,Acopiador,Gravedad
true,2,4.5,100,40,66,false,false,true,false,false,false,false,Secundaria completa,Hombre,TUMBES,Costa,Gravedad,Venta,Acopiador,Gravedad
true,2,3.5,97.83,27,45,false,false,true,false,false,false,false,Secundaria incompleta,Hombre,TUMBES,Costa,Gravedad,Venta,Acopiador,Gravedad
true,2,11.7,0.73,30,49,false,false,true,false,false,false,false,Secundaria completa,Hombre,TUMBES,Costa,Gravedad,Autoconsumo,Acopiador,Gravedad
true,3,5,99.86,5,50,false,false,true,true,false,false,false,Secundaria completa,Hombre,TUMBES,Costa,Gravedad,Venta,Acopiador,Gravedad
true,1,12.6,98.91,0,33,false,false,true,true,false,false,false,Secundaria completa,Hombre,UCAYALI,Selva,Mangas,Venta,Comerciante mayorista,Mangas
true,1,62,0,43,69,false,true,true,false,false,true,true,Secundaria completa,Hombre,UCAYALI,Selva,Secano,Otro,Sin ventas,Secano
false,1,16.2,99.34,10,50,false,false,true,false,false,false,false,Secundaria incompleta,Hombre,UCAYALI,Selva,Secano,Venta,Acopiador,Secano
true,3,21.5,99.18,20,39,false,true,true,false,false,false,true,Secundaria incompleta,Hombre,UCAYALI,Selva,Secano,Venta,Empresa/Agroindustria,Secano
false,1,11.5,0,10,39,false,false,false,false,false,false,false,Primaria completa,Mujer,UCAYALI,Selva,Secano,Otro,Sin ventas,Secano
true,3,47,100,10,45,false,false,true,false,false,false,false,Secundaria completa,Hombre,AMAZONAS,Selva,No especificado,Venta,Acopiador,No especificado
true,2,3,96.15,30,54,false,false,true,false,false,false,false,Secundaria incompleta,Hombre,AMAZONAS,Selva,Gravedad,Venta,Acopiador,Gravedad
true,3,11,99.6,20,43,false,false,true,false,false,false,false,Secundaria completa,Hombre,AMAZONAS,Selva,Gravedad,Venta,Comerciante mayorista,Gravedad
true,1,1.25,96.24,15,39,false,false,true,false,false,false,false,Secundaria completa,Hombre,AMAZONAS,Selva,Gravedad,Venta,Comerciante mayorista,Gravedad
true,1,4.5,100,10,31,false,false,true,false,false,false,false,Primaria incompleta,Hombre,AMAZONAS,Selva,Secano,Venta,Comerciante mayorista,Secano
true,3,21.8,100,40,61,false,false,true,false,false,false,false,Primaria incompleta,Hombre,AMAZONAS,Selva,Gravedad,Venta,Acopiador,Gravedad
true,1,5.3,89.05,31,51,false,true,true,false,false,false,true,Primaria completa,Hombre,AMAZONAS,Selva,Secano,Venta,Asociación/Cooperativa,Secano
true,1,1.7,99.36,20,55,false,false,true,false,false,false,false,Primaria completa,Hombre,ANCASH,Costa,Gravedad,Venta,Comerciante mayorista,Gravedad
true,1,5,99.2,30,61,false,false,true,false,false,false,false,Primaria completa,Hombre,ANCASH,Costa,Goteo,Venta,Comerciante mayorista,Goteo
false,3,0.82,75,32,66,false,false,false,false,false,false,false,Secundaria incompleta,Hombre,ANCASH,Sierra,Secano,Venta,Acopiador,Secano
true,6,5.64,46.88,25,35,false,false,false,false,false,false,false,Secundaria incompleta,Hombre,APURIMAC,Sierra,Secano,Venta,Acopiador,Secano
true,3,3.38,98.46,6,47,false,false,true,false,false,false,false,Primaria completa,Mujer,APURIMAC,Sierra,Aspersion,Venta,Comerciante mayorista,Aspersion
true,12,6.95,97.9,40,63,false,true,false,false,false,false,false,Secundaria incompleta,Hombre,APURIMAC,Sierra,Gravedad,Venta,Acopiador,Gravedad
true,4,1.42,0,23,56,false,false,true,false,false,true,false,Primaria incompleta,Hombre,APURIMAC,Sierra,Otro,Otro,Sin ventas,Otro
true,8,1.81,0,25,52,false,true,false,false,false,false,false,Secundaria completa,Mujer,APURIMAC,Sierra,Aspersion,Autoconsumo,Sin ventas,Aspersion
true,4,1.42,0,30,54,false,false,true,false,false,false,false,Primaria completa,Hombre,APURIMAC,Sierra,Aspersion,Autoconsumo,Sin ventas,Aspersion
true,7,1.94,0,33,56,false,false,true,false,false,false,false,Primaria incompleta,Hombre,APURIMAC,Sierra,Otro,Autoconsumo,Sin ventas,Otro
true,4,6.47,80.95,6,35,false,false,false,false,false,false,false,Secundaria completa,Hombre,APURIMAC,Sierra,Goteo,Venta,Acopiador,Goteo
true,3,0.66,0,2,35,false,false,true,false,false,false,false,Superior no universitaria completa,Hombre,AREQUIPA,Sierra,Gravedad,Otro,Sin ventas,Gravedad
false,2,6,100,54,61,false,false,true,false,false,false,false,Superior universitaria completa,Hombre,AREQUIPA,Costa,Gravedad,Venta,Comerciante mayorista,Gravedad
true,2,1.15,98.58,30,78,false,false,true,false,false,false,false,Primaria completa,Hombre,AREQUIPA,Costa,Gravedad,Venta,Comerciante mayorista,Gravedad
true,2,8.5,99.82,14,74,false,false,true,false,false,true,false,Secundaria completa,Mujer,AREQUIPA,Costa,Gravedad,Venta,Comerciante mayorista,Gravedad
true,2,3.96,0,42,62,false,false,true,false,false,false,false,Secundaria completa,Hombre,AREQUIPA,Costa,Gravedad,Otro,Sin ventas,Gravedad
true,21,6.59,32.5,20,38,false,false,false,false,false,false,false,Secundaria incompleta,Hombre,AYACUCHO,Sierra,Aspersion,Autoconsumo,Acopiador,Aspersion
true,7,8.19,73.78,20,38,false,false,true,false,false,false,false,Secundaria incompleta,Hombre,AYACUCHO,Sierra,Gravedad,Venta,Acopiador,Gravedad
true,6,3.88,88.62,25,51,false,false,true,false,false,false,false,Sin nivel,Hombre,AYACUCHO,Sierra,Aspersion,Venta,Acopiador,Aspersion
true,11,6,78.69,30,46,false,false,true,false,false,false,false,Primaria incompleta,Hombre,AYACUCHO,Sierra,No especificado,Venta,Acopiador,No especificado
true,4,2.75,98.08,16,36,false,false,true,false,false,false,false,Secundaria completa,Hombre,AYACUCHO,Sierra,Aspersion,Venta,Acopiador,Aspersion
true,5,4.2,89.91,8,36,false,false,true,false,false,false,false,Secundaria completa,Hombre,AYACUCHO,Sierra,Aspersion,Venta,Comerciante mayorista,Aspersion
true,3,33,95.33,4,43,false,false,true,false,false,false,false,Superior universitaria completa,Hombre,AYACUCHO,Sierra,Aspersion,Venta,Comerciante minorista,Aspersion
true,9,19.4,97.86,44,61,false,false,true,false,false,false,false,Superior no universitaria completa,Hombre,AYACUCHO,Sierra,Gravedad,Venta,Comerciante mayorista,Gravedad
false,3,4.23,99.76,34,48,false,false,true,false,false,false,false,Primaria incompleta,Mujer,AYACUCHO,Sierra,Gravedad,Venta,Consumidor final,Gravedad
true,1,3.5,100,35,58,false,false,true,false,false,false,false,Secundaria completa,Hombre,CAJAMARCA,Selva,Secano,Venta,Comerciante minorista,Secano
true,2,8.25,99.77,25,48,false,false,true,false,false,false,false,Primaria incompleta,Hombre,CAJAMARCA,Selva,Gravedad,Venta,Comerciante mayorista,Gravedad
true,2,1.33,100,30,47,false,false,true,true,false,false,false,Secundaria completa,Mujer,CUSCO,Sierra,Gravedad,Venta,Acopiador,Gravedad
true,2,1.52,48.21,32,62,false,false,true,false,false,false,false,Primaria completa,Hombre,CUSCO,Sierra,No especificado,Venta,Consumidor final,No especificado
false,7,1.04,0,27,47,false,false,true,false,false,false,false,Secundaria completa,Hombre,CUSCO,Sierra,Aspersion,Autoconsumo,Sin ventas,Aspersion
true,3,35.7,0,20,44,false,false,true,false,false,false,false,Secundaria completa,Hombre,CUSCO,Sierra,Gravedad,Otro,Sin ventas,Gravedad
true,1,15,99.87,10,32,false,false,true,false,false,false,false,Secundaria completa,Hombre,HUANUCO,Selva,No especificado,Venta,Acopiador,No especificado
true,2,16,87.5,10,60,false,false,true,false,false,false,false,Superior universitaria completa,Hombre,ICA,Costa,Gravedad,Venta,Empresa/Agroindustria,Gravedad
true,4,3.7,83.78,35,52,false,false,true,false,false,false,false,Primaria completa,Hombre,JUNIN,Sierra,MicroAspersion,Venta,Comerciante mayorista,MicroAspersion
false,4,20,99.93,25,50,false,true,true,false,false,false,false,Secundaria completa,Hombre,JUNIN,Selva,Secano,Venta,Comerciante mayorista,Secano
true,3,2.05,86.32,54,69,false,false,true,false,false,false,false,Primaria completa,Hombre,JUNIN,Sierra,Gravedad,Venta,Acopiador,Gravedad
true,5,0.95,100,29,47,false,false,true,false,false,false,false,Secundaria completa,Hombre,JUNIN,Sierra,Gravedad,Venta,Comerciante mayorista,Gravedad
true,5,2.68,99.9,18,43,false,false,true,false,false,false,false,Primaria incompleta,Hombre,JUNIN,Sierra,Gravedad,Venta,Comerciante mayorista,Gravedad
false,1,0.6,0,20,56,false,false,false,false,false,false,false,Secundaria completa,Hombre,JUNIN,Sierra,Secano,Otro,Sin ventas,Secano
true,3,26,86.78,16,38,false,false,true,false,false,false,false,Secundaria completa,Hombre,JUNIN,Sierra,Secano,Venta,Acopiador,Secano
true,8,2.05,94.49,5,57,false,true,true,false,false,false,false,Secundaria completa,Hombre,JUNIN,Sierra,Gravedad,Venta,Comerciante mayorista,Gravedad
true,1,7.4,98.94,45,63,false,false,true,false,false,false,false,Primaria incompleta,Hombre,JUNIN,Sierra,Aspersion,Venta,Comerciante mayorista,Aspersion
true,3,8.5,0,1,49,false,false,true,false,false,false,false,Superior universitaria completa,Mujer,LA LIBERTAD,Costa,No especificado,Otro,Sin ventas,No especificado
true,2,0.97,100,5,23,false,false,true,false,false,false,false,Secundaria completa,Hombre,LA LIBERTAD,Costa,Gravedad,Venta,Acopiador,Gravedad
true,4,3.05,60.34,28,46,false,true,true,false,false,false,false,Secundaria completa,Hombre,LA LIBERTAD,Sierra,Aspersion,Venta,Comerciante mayorista,Aspersion
true,2,4,40,26,45,false,true,true,false,false,false,true,Primaria completa,Hombre,LA LIBERTAD,Costa,Gravedad,Autoconsumo,Comerciante mayorista,Gravedad
true,1,0.92,78.63,25,50,false,false,true,false,false,false,false,Primaria completa,Hombre,LAMBAYEQUE,Costa,Gravedad,Venta,Comerciante minorista,Gravedad
true,2,2.86,99.05,11,33,false,false,true,false,false,false,false,Secundaria incompleta,Hombre,LAMBAYEQUE,Costa,Otro,Venta,Comerciante mayorista,Otro
true,2,4.2,83.33,43,64,false,false,true,false,false,false,false,Primaria completa,Hombre,LAMBAYEQUE,Costa,Gravedad,Venta,Acopiador,Gravedad
true,2,0.85,100,20,58,false,false,true,false,false,false,true,Secundaria incompleta,Hombre,LAMBAYEQUE,Costa,Gravedad,Venta,Comerciante minorista,Gravedad
true,7,21.5,100,10,45,false,false,true,true,false,false,false,Secundaria completa,Hombre,LIMA,Costa,Gravedad,Venta,Comerciante mayorista,Gravedad
true,4,4.18,99.8,30,61,false,false,true,false,false,false,false,Primaria completa,Hombre,LIMA,Costa,Gravedad,Venta,Comerciante mayorista,Gravedad
true,2,3.5,0,20,79,false,false,false,false,false,true,false,Secundaria incompleta,Hombre,LIMA,Costa,Gravedad,Otro,Sin ventas,Gravedad
true,1,2,20,5,48,false,false,true,false,false,false,false,Superior no universitaria completa,Mujer,LIMA,Costa,Gravedad,Autoconsumo,Comerciante mayorista,Gravedad
true,2,3.82,94.54,43,76,false,false,true,false,false,false,false,Secundaria incompleta,Hombre,LIMA,Costa,Gravedad,Venta,Comerciante mayorista,Gravedad
true,1,100,31.75,30,60,false,true,true,false,false,false,false,Superior no universitaria completa,Hombre,MADRE DE DIOS,Selva,Secano,Autoconsumo,Comerciante minorista,Secano
true,6,4.03,95.24,33,68,false,false,false,false,false,false,false,Superior universitaria completa,Hombre,MOQUEGUA,Sierra,Gravedad,Venta,Comerciante mayorista,Gravedad
true,3,1.14,89.67,10,34,false,false,true,false,false,false,false,Superior universitaria completa,Hombre,MOQUEGUA,Sierra,Gravedad,Venta,Comerciante mayorista,Gravedad
true,1,10.75,0,20,43,false,true,true,false,false,false,true,Superior universitaria completa,Hombre,MOQUEGUA,Costa,Mangas,Otro,Sin ventas,Mangas
true,3,4.25,0,43,63,false,false,true,false,false,false,false,Primaria incompleta,Hombre,PIURA,Costa,Secano,Otro,Sin ventas,Secano
true,2,3.65,100,16,62,false,true,false,false,true,false,true,Primaria incompleta,Hombre,PIURA,Costa,Gravedad,Venta,Acopiador,Gravedad
true,2,40.4,100,26,50,false,false,true,false,false,false,true,Superior no universitaria incompleta,Hombre,PIURA,Costa,Gravedad,Venta,Acopiador,Gravedad
true,3,7.18,100,20,45,false,false,true,false,false,false,false,Superior no universitaria completa,Hombre,PIURA,Costa,Gravedad,Venta,Comerciante mayorista,Gravedad
true,8,14.05,100,41,71,false,false,true,true,false,false,false,Primaria completa,Hombre,PIURA,Costa,Gravedad,Venta,Comerciante mayorista,Gravedad
true,1,2.51,100,35,58,false,false,true,false,false,false,false,Primaria incompleta,Hombre,PIURA,Costa,Secano,Venta,Comerciante minorista,Secano
true,4,3.31,95.83,30,60,false,false,true,true,false,false,false,Primaria incompleta,Hombre,PIURA,Costa,Gravedad,Venta,Comerciante mayorista,Gravedad
true,5,11,0,39,57,false,false,true,false,false,false,false,Primaria incompleta,Mujer,PUNO,Sierra,Secano,Autoconsumo,Sin ventas,Secano
true,3,52,0,11,38,false,true,true,false,false,true,false,Superior no universitaria completa,Hombre,PUNO,Sierra,Secano,Otro,Sin ventas,Secano
true,7,22.5,0,45,66,false,true,true,false,false,false,false,Secundaria incompleta,Hombre,PUNO,Sierra,Secano,Autoconsumo,Sin ventas,Secano
true,3,14.1,0,5,32,false,true,true,false,false,false,false,Superior no universitaria completa,Mujer,PUNO,Sierra,Secano,Otro,Sin ventas,Secano
true,2,1.1,12.92,14,31,false,false,true,false,false,false,false,Secundaria incompleta,Hombre,SAN MARTIN,Selva,Secano,Autoconsumo,Comerciante mayorista,Secano
true,1,2.5,100,10,49,false,false,true,false,false,false,false,Secundaria completa,Hombre,SAN MARTIN,Selva,Secano,Venta,Comerciante mayorista,Secano
true,2,78.5,99.8,10,50,false,true,true,false,false,false,false,Superior universitaria completa,Hombre,SAN MARTIN,Selva,Gravedad,Venta,Comerciante minorista,Gravedad
true,1,8.6,0,3,37,false,false,false,false,false,false,false,Secundaria incompleta,Hombre,SAN MARTIN,Selva,Secano,Otro,Sin ventas,Secano
false,9,11,0,40,59,false,false,false,false,false,false,false,Secundaria incompleta,Hombre,TACNA,Sierra,Gravedad,Autoconsumo,Sin ventas,Gravedad
true,2,6.8,99.91,18,67,false,true,true,false,false,false,true,Superior no universitaria completa,Mujer,TACNA,Costa,Goteo,Venta,Acopiador,Goteo
true,1,2.28,99.5,23,44,false,false,true,false,false,false,false,Superior no universitaria completa,Hombre,TACNA,Costa,Goteo,Venta,Acopiador,Goteo
true,1,3.9,99.7,4,35,false,false,true,false,false,false,true,Superior no universitaria completa,Mujer,TACNA,Costa,Goteo,Venta,Comerciante mayorista,Goteo
true,2,9,97.73,14,63,false,false,false,false,false,false,false,Superior universitaria incompleta,Hombre,TACNA,Costa,Goteo,Venta,Acopiador,Goteo
true,1,6.5,100,40,74,false,false,true,false,false,false,false,Primaria incompleta,Hombre,TUMBES,Costa,No especificado,Venta,Acopiador,No especificado
false,2,20,100,15,56,false,false,true,false,false,false,false,Secundaria completa,Hombre,UCAYALI,Selva,Secano,Venta,Empresa/Agroindustria,Secano
true,6,11.65,99.74,40,62,false,false,true,false,false,false,false,Primaria completa,Hombre,AMAZONAS,Selva,Gravedad,Venta,Comerciante mayorista,Gravedad
false,1,8,46.67,9,29,false,false,false,false,false,false,false,Superior no universitaria completa,Hombre,AMAZONAS,Sierra,Otro,Venta,Comerciante mayorista,Otro
false,9,17,90.07,56,76,false,false,false,false,false,false,false,Superior universitaria completa,Hombre,ANCASH,Sierra,Aspersion,Venta,Consumidor final,Aspersion
true,4,44.05,100,38,69,false,false,true,false,false,false,false,Secundaria incompleta,Mujer,ANCASH,Costa,Mangas,Venta,Consumidor final,Mangas
true,10,2.42,25.77,40,63,false,true,false,false,false,true,false,Primaria completa,Hombre,APURIMAC,Sierra,Gravedad,Autoconsumo,Acopiador,Gravedad
true,2,1.33,0,27,50,false,false,true,false,false,false,false,Superior universitaria completa,Hombre,APURIMAC,Sierra,No especificado,Autoconsumo,Sin ventas,No especificado
true,7,5.51,0,23,42,false,false,true,false,false,false,false,Secundaria completa,Hombre,APURIMAC,Sierra,Gravedad,Autoconsumo,Sin ventas,Gravedad
true,4,1.5,38.1,19,48,false,false,true,false,false,false,false,Secundaria completa,Hombre,APURIMAC,Sierra,Otro,Autoconsumo,Acopiador,Otro
true,5,4.95,82.52,4,27,false,false,true,false,false,false,false,Secundaria completa,Hombre,APURIMAC,Sierra,Gravedad,Venta,Acopiador,Gravedad
false,3,0.6,100,55,20,false,false,true,false,false,false,false,Primaria incompleta,Mujer,AREQUIPA,Sierra,Gravedad,Venta,Consumidor final,Gravedad
false,1,0.66,0,40,64,false,false,false,false,false,false,false,Primaria completa,Hombre,AREQUIPA,Costa,Gravedad,Otro,Sin ventas,Gravedad
true,2,5.2,0,30,60,false,false,false,false,false,false,false,Superior universitaria completa,Hombre,AREQUIPA,Costa,Gravedad,Otro,Sin ventas,Gravedad
true,2,2,0,27,57,false,false,true,false,false,false,false,Secundaria completa,Hombre,AREQUIPA,Costa,Gravedad,Otro,Sin ventas,Gravedad
true,4,10.23,99.68,20,67,false,false,false,false,false,false,false,Superior universitaria incompleta,Mujer,AREQUIPA,Costa,Otro,Venta,Acopiador,Otro
false,1,1.5,100,12,50,false,false,true,false,false,false,false,Secundaria completa,Mujer,AREQUIPA,Costa,Gravedad,Venta,Comerciante mayorista,Gravedad
true,5,4,29.45,16,35,false,false,true,false,false,false,false,Secundaria incompleta,Hombre,AYACUCHO,Sierra,Aspersion,Autoconsumo,Acopiador,Aspersion
true,5,2.08,77.27,12,32,false,false,true,false,false,true,false,Secundaria completa,Hombre,AYACUCHO,Sierra,Gravedad,Venta,Acopiador,Gravedad
true,1,1.5,99.17,20,39,false,false,true,false,false,true,false,Secundaria incompleta,Hombre,AYACUCHO,Sierra,Gravedad,Venta,Acopiador,Gravedad
false,2,2.8,94.74,6,34,false,false,false,false,false,false,false,Primaria incompleta,Hombre,CAJAMARCA,Sierra,Gravedad,Venta,Consumidor final,Gravedad
true,3,7.35,81.82,25,43,false,false,false,false,false,false,false,Primaria incompleta,Hombre,CAJAMARCA,Sierra,Gravedad,Venta,Comerciante mayorista,Gravedad
true,2,70,0,50,71,false,false,false,false,false,false,false,Primaria incompleta,Hombre,CAJAMARCA,Sierra,Aspersion,Otro,Sin ventas,Aspersion
true,3,6.86,77.75,35,53,false,false,false,false,false,false,false,Secundaria completa,Mujer,CAJAMARCA,Costa,Gravedad,Venta,Comerciante minorista,Gravedad
true,5,5.1,64.92,47,62,false,false,false,false,false,false,false,Primaria completa,Hombre,CUSCO,Sierra,Aspersion,Venta,Consumidor final,Aspersion
true,7,4.5,93.79,45,64,false,false,true,false,false,false,false,Primaria completa,Hombre,HUANCAVELICA,Sierra,Aspersion,Venta,Comerciante mayorista,Aspersion
true,4,3.5,99.22,22,44,false,false,false,false,false,false,false,Primaria completa,Hombre,HUANUCO,Sierra,Secano,Venta,Comerciante mayorista,Secano
true,1,2.2,100,10,34,false,false,true,true,false,false,false,Superior universitaria completa,Hombre,ICA,Costa,Gravedad,Venta,Comerciante mayorista,Gravedad
true,2,6.1,100,3,37,false,false,true,true,false,false,false,Secundaria completa,Mujer,ICA,Costa,Gravedad,Venta,Acopiador,Gravedad
true,2,8.26,97.8,40,86,false,false,true,false,false,false,false,Secundaria incompleta,Hombre,ICA,Costa,Gravedad,Venta,Acopiador,Gravedad
true,8,6.4,94.47,25,48,false,false,true,false,false,false,false,Secundaria completa,Hombre,JUNIN,Sierra,Aspersion,Venta,Comerciante mayorista,Aspersion
true,10,5.45,0,30,74,false,false,true,false,false,false,false,Secundaria incompleta,Hombre,JUNIN,Sierra,Secano,Autoconsumo,Sin ventas,Secano
true,7,5.77,98.93,20,42,false,true,true,false,false,false,false,Secundaria completa,Hombre,JUNIN,Sierra,Gravedad,Venta,Comerciante minorista,Gravedad
true,1,0.73,92.31,30,62,false,false,true,false,false,false,false,Secundaria incompleta,Mujer,LA LIBERTAD,Costa,Secano,Venta,Acopiador,Secano
true,5,81.7,15.15,20,40,false,false,false,false,false,false,false,Secundaria completa,Hombre,LA LIBERTAD,Sierra,Aspersion,Autoconsumo,Comerciante minorista,Aspersion
true,3,8.1,0,20,41,false,false,true,false,false,false,false,Primaria completa,Hombre,LA LIBERTAD,Sierra,Secano,Otro,Sin ventas,Secano
true,3,7.1,88.4,20,42,false,false,true,false,false,false,false,Secundaria incompleta,Hombre,LAMBAYEQUE,Costa,Gravedad,Venta,Comerciante mayorista,Gravedad
true,1,2.39,100,40,70,false,false,true,false,false,false,false,Primaria incompleta,Hombre,LAMBAYEQUE,Costa,Gravedad,Venta,Empresa/Agroindustria,Gravedad
true,2,1,94.82,12,48,false,false,true,false,false,false,false,Secundaria completa,Hombre,LAMBAYEQUE,Costa,Gravedad,Venta,Comerciante mayorista,Gravedad
true,1,0.48,97.79,2,37,false,false,true,false,false,false,false,Secundaria completa,Mujer,LAMBAYEQUE,Costa,No especificado,Venta,Comerciante mayorista,No especificado
true,3,6.92,0,4,46,false,false,true,true,false,false,false,Superior universitaria completa,Hombre,LIMA,Costa,Gravedad,Otro,Sin ventas,Gravedad
true,1,3.4,88.21,28,58,false,false,true,false,false,false,false,Primaria completa,Hombre,LIMA,Costa,Gravedad,Venta,Comerciante mayorista,Gravedad
true,2,16.5,99.9,6,42,false,false,true,false,false,false,true,Secundaria completa,Hombre,LIMA,Costa,Gravedad,Venta,Acopiador,Gravedad
false,2,87,0,4,58,false,false,false,false,false,false,true,Secundaria incompleta,Mujer,LORETO,Selva,Secano,Otro,Sin ventas,Secano
true,10,16.25,99.88,23,46,false,false,true,false,false,false,false,Primaria completa,Hombre,PASCO,Sierra,Secano,Venta,Comerciante mayorista,Secano
true,5,3,98.9,33,58,false,false,true,true,false,false,false,Secundaria completa,Hombre,PIURA,Costa,Gravedad,Venta,Acopiador,Gravedad
true,4,4,98.65,20,62,false,false,true,true,false,false,false,Superior universitaria completa,Mujer,PIURA,Costa,Gravedad,Venta,Comerciante mayorista,Gravedad
true,2,5.33,100,1,49,false,false,true,true,false,false,false,Secundaria completa,Hombre,PIURA,Costa,Gravedad,Venta,Comerciante mayorista,Gravedad
true,2,4.5,96.27,18,58,false,false,true,false,false,false,false,Primaria incompleta,Hombre,PIURA,Costa,Gravedad,Venta,Comerciante mayorista,Gravedad
true,3,8,100,37,59,false,false,true,false,false,false,false,Primaria incompleta,Hombre,PIURA,Costa,Gravedad,Venta,Acopiador,Gravedad
true,2,9.3,99.98,19,65,false,false,true,false,false,false,false,Primaria incompleta,Hombre,PIURA,Costa,Gravedad,Venta,Acopiador,Gravedad
true,1,2,33.33,16,63,false,false,true,false,false,false,false,Primaria incompleta,Hombre,PIURA,Costa,Gravedad,Autoconsumo,Consumidor final,Gravedad
true,9,4.4,13.94,15,50,false,false,false,false,false,false,false,Secundaria incompleta,Hombre,PIURA,Sierra,Gravedad,Autoconsumo,Acopiador,Gravedad
true,12,28.29,0,43,63,false,true,false,false,false,false,false,Primaria completa,Hombre,PUNO,Sierra,Secano,Autoconsumo,Sin ventas,Secano
true,6,10.03,0,30,54,false,true,true,false,false,false,false,Primaria completa,Hombre,PUNO,Sierra,Secano,Otro,Sin ventas,Secano
true,2,3,0,20,49,false,false,true,false,false,false,false,Secundaria completa,Mujer,PUNO,Sierra,Secano,Autoconsumo,Sin ventas,Secano
true,3,16,100,40,63,false,false,true,false,false,false,false,Primaria completa,Hombre,SAN MARTIN,Selva,Secano,Venta,Empresa/Agroindustria,Secano
true,1,27,0,17,37,false,false,false,false,false,false,false,Primaria incompleta,Hombre,SAN MARTIN,Selva,Secano,Otro,Sin ventas,Secano
true,3,80.45,2.23,40,71,false,true,true,false,false,false,true,Secundaria completa,Hombre,SAN MARTIN,Selva,Secano,Autoconsumo,Comerciante minorista,Secano
true,1,4.8,100,50,67,false,true,true,false,false,false,true,Secundaria completa,Hombre,TACNA,Costa,Goteo,Venta,Acopiador,Goteo
false,1,2,97.71,10,55,false,true,true,false,false,false,false,Secundaria incompleta,Mujer,TACNA,Costa,Goteo,Venta,Acopiador,Goteo
true,3,43,99.87,30,53,false,false,true,false,false,false,false,Superior universitaria incompleta,Mujer,TACNA,Costa,Goteo,Venta,Acopiador,Goteo
true,1,5,99.93,10,48,false,false,true,false,false,false,false,Secundaria completa,Hombre,TUMBES,Costa,Gravedad,Venta,Acopiador,Gravedad
true,1,8.5,100,15,41,false,false,true,false,false,false,false,Superior no universitaria completa,Hombre,TUMBES,Costa,Gravedad,Venta,Acopiador,Gravedad
false,1,10,100,18,45,false,false,true,true,false,false,false,Secundaria completa,Hombre,TUMBES,Costa,Gravedad,Venta,Comerciante mayorista,Gravedad
true,2,7.9,100,25,55,false,false,true,true,false,false,false,Secundaria completa,Hombre,TUMBES,Costa,Gravedad,Venta,Acopiador,Gravedad
true,2,7.5,100,4,35,false,false,true,false,false,false,false,Primaria completa,Hombre,TUMBES,Costa,No especificado,Venta,Acopiador,No especificado
true,1,0.9,95.42,40,91,false,false,true,false,false,false,false,Primaria incompleta,Hombre,TUMBES,Costa,No especificado,Venta,Comerciante mayorista,No especificado
false,1,52,100,14,53,false,false,true,false,false,false,false,Primaria completa,Hombre,UCAYALI,Selva,Secano,Venta,Acopiador,Secano
true,1,14,99.07,10,54,false,true,true,false,false,false,false,Secundaria incompleta,Hombre,UCAYALI,Selva,Secano,Venta,Comerciante mayorista,Secano
true,2,2.1,100,24,42,false,false,false,false,false,false,false,Secundaria completa,Hombre,AMAZONAS,Selva,Gravedad,Venta,Acopiador,Gravedad
true,1,4.5,91.78,10,38,false,false,true,false,false,false,false,Superior no universitaria incompleta,Hombre,AMAZONAS,Selva,Secano,Venta,Acopiador,Secano
true,2,32,0,12,48,false,false,true,false,false,false,false,Superior universitaria completa,Hombre,AMAZONAS,Selva,Secano,Otro,Sin ventas,Secano
true,3,10,0,40,64,false,false,true,false,false,false,false,Secundaria completa,Hombre,AMAZONAS,Sierra,Secano,Otro,Sin ventas,Secano
true,3,9.5,68.74,19,39,false,true,true,false,false,false,false,Primaria completa,Hombre,AMAZONAS,Selva,Secano,Venta,Comerciante minorista,Secano
true,3,17.5,67.28,33,53,false,true,false,false,false,false,true,Secundaria completa,Hombre,AMAZONAS,Sierra,Gravedad,Venta,Comerciante mayorista,Gravedad
false,2,6.28,10.36,2,36,false,false,true,false,false,false,false,Superior no universitaria completa,Hombre,ANCASH,Costa,Gravedad,Autoconsumo,Acopiador,Gravedad
true,3,1.04,0,10,32,false,false,false,false,false,false,false,Secundaria completa,Hombre,APURIMAC,Sierra,Gravedad,Autoconsumo,Sin ventas,Gravedad
false,2,0.27,40.76,50,65,false,false,false,false,false,false,true,Primaria incompleta,Hombre,AREQUIPA,Costa,Gravedad,Autoconsumo,Consumidor final,Gravedad
true,5,2.02,0,11,40,false,false,true,false,false,false,false,Secundaria completa,Mujer,AREQUIPA,Sierra,Gravedad,Otro,Sin ventas,Gravedad
true,1,5.5,100,35,56,false,false,true,true,false,false,false,Primaria incompleta,Hombre,AREQUIPA,Costa,Goteo,Venta,Acopiador,Goteo
true,2,10,0,25,51,false,true,true,true,false,false,true,Superior universitaria incompleta,Hombre,AREQUIPA,Costa,Goteo,Otro,Sin ventas,Goteo
true,4,99.3,100,20,63,false,false,true,false,false,false,false,Superior universitaria completa,Hombre,AREQUIPA,Costa,No especificado,Venta,Empresa/Agroindustria,No especificado
true,1,14,100,36,55,false,false,true,false,false,false,false,Superior no universitaria incompleta,Hombre,AREQUIPA,Costa,Gravedad,Venta,Acopiador,Gravedad
true,2,13.8,100,10,52,false,false,true,false,false,false,false,Secundaria completa,Hombre,AREQUIPA,Costa,Gravedad,Venta,Comerciante mayorista,Gravedad
true,1,4.8,99.97,15,45,false,false,true,false,false,false,false,Secundaria completa,Hombre,AREQUIPA,Costa,Gravedad,Venta,Comerciante mayorista,Gravedad
true,4,5.7,99.69,30,70,false,false,true,false,false,false,false,Primaria incompleta,Hombre,AREQUIPA,Costa,Gravedad,Venta,Comerciante mayorista,Gravedad
true,2,1.73,99.05,30,63,false,false,true,false,false,false,false,Secundaria completa,Hombre,AREQUIPA,Costa,Goteo,Venta,Comerciante mayorista,Goteo
true,3,12.71,99.73,29,54,false,true,true,false,false,false,false,Secundaria incompleta,Hombre,AREQUIPA,Costa,Gravedad,Venta,Acopiador,Gravedad
true,2,7.5,87.36,23,44,false,true,true,false,false,false,false,Secundaria incompleta,Hombre,AYACUCHO,Selva,Secano,Venta,Comerciante mayorista,Secano
true,8,3.88,57.98,29,48,false,false,true,false,false,true,false,Primaria incompleta,Hombre,AYACUCHO,Sierra,No especificado,Venta,Acopiador,No especificado
true,4,1.28,98.54,3,21,false,false,true,false,false,false,false,Secundaria completa,Hombre,AYACUCHO,Sierra,Aspersion,Venta,Acopiador,Aspersion
true,5,1.9,90.23,15,36,false,false,true,false,false,false,false,Secundaria incompleta,Mujer,AYACUCHO,Sierra,Aspersion,Venta,Acopiador,Aspersion
true,2,0.9,0,8,35,false,false,false,true,false,false,false,Secundaria incompleta,Hombre,AYACUCHO,Sierra,Secano,Otro,Sin ventas,Secano
true,7,5.88,6.25,41,61,false,false,true,false,false,false,false,Primaria completa,Mujer,AYACUCHO,Sierra,Aspersion,Autoconsumo,Consumidor final,Aspersion
true,1,6.4,100,45,65,false,false,true,false,false,false,false,Primaria incompleta,Hombre,CAJAMARCA,Selva,Secano,Venta,Comerciante minorista,Secano
true,3,23.5,0,35,60,false,false,false,false,false,false,false,Primaria incompleta,Hombre,CAJAMARCA,Sierra,Secano,Autoconsumo,Sin ventas,Secano
true,2,6,45.45,30,67,false,false,true,false,false,false,false,Primaria incompleta,Hombre,CAJAMARCA,Sierra,Gravedad,Autoconsumo,Comerciante minorista,Gravedad
true,3,3.65,100,30,55,false,false,true,false,false,false,false,Primaria incompleta,Hombre,CAJAMARCA,Sierra,Gravedad,Venta,Acopiador,Gravedad
true,7,4.47,50,26,43,false,false,false,false,false,false,false,Primaria incompleta,Hombre,CUSCO,Sierra,Secano,Venta,Comerciante minorista,Secano
true,11,2.38,36.36,30,50,false,false,true,false,false,false,false,Primaria completa,Mujer,CUSCO,Sierra,Aspersion,Autoconsumo,Consumidor final,Aspersion
true,3,0.45,55,30,55,false,false,true,false,false,false,false,Sin nivel,Mujer,CUSCO,Sierra,No especificado,Venta,Consumidor final,No especificado
true,2,15.1,37,40,64,false,false,true,false,false,false,false,Primaria completa,Hombre,CUSCO,Sierra,Gravedad,Venta,Comerciante minorista,Gravedad
true,4,4.7,0,15,32,false,true,true,false,false,false,false,Secundaria completa,Mujer,CUSCO,Sierra,Gravedad,Otro,Sin ventas,Gravedad
false,2,17.05,97.22,25,49,false,false,false,false,false,false,false,Primaria incompleta,Hombre,HUANUCO,Selva,Secano,Venta,Acopiador,Secano
false,3,2,78.95,5,33,false,false,false,false,false,false,true,Secundaria completa,Mujer,HUANUCO,Sierra,Aspersion,Venta,Comerciante mayorista,Aspersion
true,1,5,97.49,19,38,false,false,true,false,false,false,false,Secundaria incompleta,Hombre,ICA,Costa,Gravedad,Venta,Consumidor final,Gravedad
true,1,3,100,13,65,false,false,true,false,false,false,false,Secundaria incompleta,Hombre,ICA,Costa,No especificado,Venta,Acopiador,No especificado
true,2,3.58,100,23,61,false,true,true,false,false,false,true,Primaria completa,Hombre,ICA,Costa,Gravedad,Venta,Acopiador,Gravedad
true,1,6,100,8,42,false,false,true,false,false,false,false,Secundaria completa,Hombre,ICA,Costa,Gravedad,Venta,Acopiador,Gravedad
true,1,3.5,85.48,5,50,false,false,true,false,false,false,false,Secundaria completa,Hombre,ICA,Costa,Gravedad,Venta,Acopiador,Gravedad
true,1,3,66.67,2,48,false,false,true,false,false,false,false,Secundaria completa,Hombre,ICA,Costa,Gravedad,Venta,Acopiador,Gravedad
true,1,8,85.86,10,38,false,true,false,false,false,false,false,Superior no universitaria completa,Mujer,JUNIN,Selva,Secano,Venta,Comerciante mayorista,Secano
true,3,2.9,95.72,30,53,false,false,true,false,false,false,false,Primaria incompleta,Hombre,JUNIN,Sierra,Secano,Venta,Acopiador,Secano
true,1,5.5,99.48,10,64,false,false,true,false,false,false,false,Secundaria incompleta,Hombre,JUNIN,Selva,Secano,Venta,Acopiador,Secano
true,5,16.84,95.83,20,51,false,false,true,false,false,true,false,Secundaria incompleta,Hombre,JUNIN,Selva,Secano,Venta,Comerciante mayorista,Secano
true,7,2.01,99.8,20,41,false,false,true,false,false,false,true,Secundaria completa,Mujer,JUNIN,Sierra,Aspersion,Venta,Comerciante mayorista,Aspersion
true,7,3.09,100,22,45,false,false,true,false,false,false,false,Secundaria completa,Mujer,JUNIN,Sierra,Aspersion,Venta,Acopiador,Aspersion
true,2,3.03,97.96,18,36,false,false,true,false,false,false,false,Primaria completa,Hombre,LA LIBERTAD,Costa,Secano,Venta,Acopiador,Secano
true,1,7.35,97.3,30,60,false,false,true,false,false,false,false,Secundaria completa,Hombre,LA LIBERTAD,Costa,Secano,Venta,Acopiador,Secano
true,1,6.25,99.72,14,70,false,false,true,false,false,false,true,Secundaria completa,Mujer,LA LIBERTAD,Costa,No especificado,Venta,Acopiador,No especificado
true,2,0.55,0,20,57,false,false,true,false,false,false,false,Primaria completa,Mujer,LAMBAYEQUE,Costa,Secano,Otro,Sin ventas,Secano
true,3,5.75,99.05,13,55,false,false,true,true,false,false,false,Secundaria completa,Hombre,LAMBAYEQUE,Costa,Otro,Venta,Comerciante mayorista,Otro
true,2,30,100,10,43,false,false,true,false,false,false,false,Secundaria completa,Hombre,LAMBAYEQUE,Costa,Gravedad,Venta,Empresa/Agroindustria,Gravedad
true,1,2.5,0,13,44,false,false,false,false,false,false,false,Secundaria incompleta,Hombre,LAMBAYEQUE,Costa,Gravedad,Autoconsumo,Sin ventas,Gravedad
true,4,5.8,100,30,60,false,false,true,false,false,false,false,Superior universitaria completa,Hombre,LIMA,Costa,Gravedad,Venta,Comerciante mayorista,Gravedad
false,4,1.63,56.08,30,80,false,false,false,false,false,false,false,Primaria completa,Hombre,LIMA,Sierra,Gravedad,Venta,Acopiador,Gravedad
true,1,35,89.38,47,62,false,false,true,false,false,false,false,Primaria completa,Hombre,LORETO,Selva,Secano,Venta,Comerciante minorista,Secano
true,23,6.2,35.11,25,48,false,false,false,false,false,false,false,Secundaria completa,Hombre,MOQUEGUA,Sierra,Gravedad,Autoconsumo,Acopiador,Gravedad
true,1,1,100,2,37,false,false,true,false,false,false,false,Secundaria completa,Hombre,MOQUEGUA,Costa,Gravedad,Venta,Comerciante minorista,Gravedad
true,2,2,0,30,62,false,false,true,false,false,false,false,Secundaria completa,Hombre,MOQUEGUA,Costa,Gravedad,Otro,Sin ventas,Gravedad
true,2,1.8,84.68,29,65,false,true,true,false,false,false,false,Secundaria incompleta,Hombre,MOQUEGUA,Costa,Gravedad,Venta,Comerciante minorista,Gravedad
false,0,0,0,20,40,false,false,false,false,false,false,false,Primaria incompleta,Mujer,PASCO,Sierra,Secano,Otro,Sin ventas,Secano
true,1,1,0,28,54,false,false,true,true,false,false,false,Primaria completa,Hombre,PIURA,Costa,Gravedad,Otro,Sin ventas,Gravedad
true,1,1,100,33,60,false,false,false,false,false,false,false,Superior no universitaria completa,Hombre,PIURA,Costa,No especificado,Venta,Acopiador,No especificado
true,3,19.31,0,22,47,false,false,true,false,false,false,false,Secundaria incompleta,Mujer,PUNO,Sierra,Secano,Otro,Sin ventas,Secano
true,4,36.34,0,20,31,false,false,true,false,false,false,false,Superior no universitaria completa,Hombre,PUNO,Sierra,Secano,Autoconsumo,Sin ventas,Secano
true,10,19.75,52.94,20,46,false,false,true,false,false,true,false,Secundaria completa,Mujer,PUNO,Sierra,Secano,Venta,Comerciante mayorista,Secano
true,1,6,98.33,3,49,false,false,true,true,false,false,false,Primaria incompleta,Hombre,SAN MARTIN,Selva,MicroAspersion,Venta,Acopiador,MicroAspersion
true,2,30,0,25,51,false,false,true,false,false,false,false,Secundaria completa,Hombre,SAN MARTIN,Selva,Secano,Otro,Sin ventas,Secano
true,1,15.6,25.86,50,70,false,false,true,false,false,false,false,Primaria completa,Hombre,SAN MARTIN,Selva,Secano,Autoconsumo,Comerciante mayorista,Secano
true,2,33,100,13,32,false,false,true,false,false,false,false,Secundaria incompleta,Hombre,SAN MARTIN,Selva,Secano,Venta,Acopiador,Secano
true,1,85,100,12,69,false,false,true,false,false,false,false,Superior universitaria incompleta,Hombre,TACNA,Costa,Goteo,Venta,Acopiador,Goteo
true,1,10,99.95,5,21,false,false,true,false,false,false,false,Superior no universitaria completa,Hombre,TACNA,Costa,Goteo,Venta,Acopiador,Goteo
true,1,15,99.91,25,48,false,true,true,false,false,false,false,Secundaria completa,Hombre,TACNA,Costa,Goteo,Venta,Comerciante mayorista,Goteo
true,1,1,99.95,38,61,false,true,false,false,false,false,false,Secundaria completa,Hombre,TUMBES,Costa,Gravedad,Venta,Acopiador,Gravedad
true,1,1.8,99.49,11,62,false,true,true,false,false,false,false,Primaria completa,Hombre,TUMBES,Costa,Gravedad,Venta,Acopiador,Gravedad
true,4,47.3,100,11,49,false,false,true,true,false,false,false,Secundaria completa,Hombre,TUMBES,Costa,Gravedad,Venta,Comerciante mayorista,Gravedad
true,2,7.6,100,4,53,false,false,true,false,false,false,false,Secundaria incompleta,Hombre,TUMBES,Costa,Gravedad,Venta,Comerciante mayorista,Gravedad
true,2,4.68,100,5,52,false,false,true,true,false,false,false,Primaria incompleta,Mujer,TUMBES,Costa,Gravedad,Venta,Comerciante mayorista,Gravedad
true,4,4.2,100,3,58,false,true,true,false,false,false,false,Primaria completa,Hombre,TUMBES,Costa,No especificado,Venta,Comerciante mayorista,No especificado
true,2,1,16.62,35,54,false,false,true,false,false,false,false,Primaria incompleta,Hombre,TUMBES,Costa,Gravedad,Autoconsumo,Acopiador,Gravedad
true,1,36.9,100,15,48,false,false,true,false,false,false,false,Secundaria incompleta,Hombre,UCAYALI,Selva,Secano,Venta,Acopiador,Secano
true,2,21,100,7,42,false,false,true,false,false,false,true,Superior no universitaria completa,Mujer,UCAYALI,Selva,Secano,Venta,Acopiador,Secano
false,2,5,100,15,35,false,false,true,false,false,false,true,Secundaria completa,Hombre,UCAYALI,Selva,Secano,Venta,Asociación/Cooperativa,Secano
true,2,30,91.01,35,55,false,true,true,false,false,false,false,Primaria completa,Hombre,AMAZONAS,Sierra,Secano,Venta,Comerciante minorista,Secano
true,2,3.5,78.67,23,48,false,false,true,false,false,false,false,Secundaria completa,Mujer,AMAZONAS,Selva,Gravedad,Venta,Comerciante mayorista,Gravedad
true,2,45,98.74,43,66,false,false,false,false,false,false,false,Primaria incompleta,Hombre,AMAZONAS,Sierra,Secano,Venta,Comerciante mayorista,Secano
true,1,2.5,79.11,30,50,false,true,true,false,false,false,false,Primaria completa,Hombre,AMAZONAS,Selva,Gravedad,Venta,Comerciante minorista,Gravedad
true,3,15.2,72.14,17,42,false,false,false,false,false,false,false,Secundaria completa,Hombre,AMAZONAS,Sierra,Secano,Venta,Comerciante minorista,Secano
true,7,10,85.47,30,53,false,false,false,false,false,false,false,Primaria completa,Hombre,AMAZONAS,Sierra,Secano,Venta,Comerciante minorista,Secano
true,6,5.75,99.5,9,27,false,false,true,false,false,false,false,Secundaria completa,Hombre,ANCASH,Sierra,Gravedad,Venta,Comerciante mayorista,Gravedad
true,4,3,88.79,50,55,false,false,true,false,false,false,false,Sin nivel,Mujer,ANCASH,Sierra,Gravedad,Venta,Consumidor final,Gravedad
true,3,0.42,0,20,60,false,false,false,false,false,false,false,Superior universitaria incompleta,Mujer,ANCASH,Sierra,Secano,Otro,Sin ventas,Secano
true,4,2.14,99.32,30,54,false,false,false,false,false,false,false,Secundaria completa,Hombre,ANCASH,Sierra,Gravedad,Venta,Comerciante mayorista,Gravedad
false,4,8.48,98.67,40,64,false,false,false,false,false,false,false,Secundaria completa,Mujer,ANCASH,Sierra,Gravedad,Venta,Comerciante mayorista,Gravedad
true,7,3.36,0,24,40,false,false,true,false,false,true,false,Secundaria completa,Mujer,APURIMAC,Sierra,Gravedad,Autoconsumo,Sin ventas,Gravedad
true,5,1.98,76.15,8,39,false,true,true,false,false,true,false,Secundaria completa,Hombre,APURIMAC,Sierra,Aspersion,Venta,Acopiador,Aspersion
true,9,2.1,98.25,30,50,false,false,true,false,false,false,false,Primaria incompleta,Hombre,APURIMAC,Sierra,Aspersion,Venta,Comerciante mayorista,Aspersion
true,2,14,98.09,6,43,false,true,true,false,false,false,true,Superior no universitaria completa,Mujer,AREQUIPA,Costa,Goteo,Venta,Acopiador,Goteo
false,2,0.79,0,20,52,false,false,true,false,false,false,false,Secundaria completa,Mujer,AREQUIPA,Sierra,No especificado,Autoconsumo,Sin ventas,No especificado
true,4,1.01,99.32,50,71,false,false,false,false,false,false,false,Secundaria incompleta,Hombre,AREQUIPA,Sierra,Gravedad,Venta,Consumidor final,Gravedad
true,3,2.31,99.99,20,40,false,false,false,false,false,false,false,Secundaria completa,Hombre,AREQUIPA,Sierra,Gravedad,Venta,Comerciante minorista,Gravedad
true,2,1.09,99.79,2,40,false,false,true,false,false,false,false,Secundaria completa,Hombre,AREQUIPA,Costa,Gravedad,Venta,Comerciante mayorista,Gravedad
true,3,3.22,97.48,17,68,false,false,true,false,false,false,false,Superior universitaria completa,Hombre,AREQUIPA,Costa,Gravedad,Venta,Acopiador,Gravedad
true,1,5.61,100,25,64,false,false,true,false,false,false,false,Secundaria completa,Hombre,AREQUIPA,Costa,Goteo,Venta,Acopiador,Goteo
true,4,3.88,100,10,52,false,false,true,false,false,false,false,Secundaria completa,Hombre,AREQUIPA,Sierra,Gravedad,Venta,Comerciante mayorista,Gravedad
true,1,4.95,98.44,17,49,false,false,true,false,false,false,false,Secundaria completa,Mujer,AREQUIPA,Sierra,Gravedad,Venta,Comerciante mayorista,Gravedad
true,2,11,100,16,60,false,false,true,false,false,false,false,Secundaria completa,Hombre,AREQUIPA,Costa,Goteo,Venta,Acopiador,Goteo
true,1,0.16,100,15,69,false,false,true,false,false,false,false,Superior universitaria completa,Hombre,AREQUIPA,Sierra,Gravedad,Venta,Consumidor final,Gravedad
true,1,0.19,100,25,63,false,false,false,false,false,false,false,Primaria completa,Mujer,AYACUCHO,Sierra,Gravedad,Venta,Acopiador,Gravedad
true,2,44,99.13,28,56,false,false,true,false,false,false,false,Superior universitaria incompleta,Mujer,AYACUCHO,Sierra,Gravedad,Venta,Comerciante mayorista,Gravedad
true,10,1.69,46.24,14,34,false,true,true,false,false,false,false,Secundaria completa,Hombre,AYACUCHO,Sierra,Gravedad,Autoconsumo,Comerciante minorista,Gravedad
true,5,4.2,95.83,22,40,false,false,true,false,false,false,false,Primaria incompleta,Hombre,AYACUCHO,Sierra,Aspersion,Venta,Comerciante mayorista,Aspersion
false,1,10,0,35,65,false,false,false,false,false,false,false,Sin nivel,Mujer,CAJAMARCA,Sierra,Secano,Autoconsumo,Sin ventas,Secano
true,4,11.3,70.59,40,58,false,false,true,false,false,false,false,Sin nivel,Mujer,CAJAMARCA,Sierra,Secano,Venta,Comerciante mayorista,Secano
true,2,16,75,40,61,false,true,true,false,false,false,false,Primaria completa,Hombre,CAJAMARCA,Sierra,Secano,Venta,Comerciante minorista,Secano
true,3,4.51,96.33,10,44,false,false,false,false,false,false,false,Superior universitaria completa,Hombre,CAJAMARCA,Selva,Goteo,Venta,Comerciante minorista,Goteo
false,3,2.81,0,8,29,false,false,false,false,false,false,false,Primaria completa,Hombre,CAJAMARCA,Sierra,Secano,Autoconsumo,Sin ventas,Secano
true,3,0.27,75,18,45,false,false,true,false,false,false,false,Primaria completa,Hombre,CUSCO,Sierra,Aspersion,Venta,Consumidor final,Aspersion
true,3,0.99,0,27,42,false,false,true,false,false,false,false,Superior no universitaria completa,Mujer,CUSCO,Sierra,No especificado,Otro,Sin ventas,No especificado
false,2,40,0,25,58,false,false,false,false,false,false,false,Secundaria completa,Mujer,HUANCAVELICA,Sierra,Secano,Otro,Sin ventas,Secano
true,2,112.86,0,30,59,false,false,false,false,false,false,false,Primaria incompleta,Hombre,HUANCAVELICA,Sierra,Secano,Otro,Sin ventas,Secano
true,3,2.6,0,15,34,false,false,true,false,false,false,false,Primaria completa,Hombre,HUANUCO,Sierra,Aspersion,Otro,Sin ventas,Aspersion
true,1,3.29,99.56,10,41,false,false,true,false,false,false,false,Superior universitaria completa,Hombre,ICA,Costa,Gravedad,Venta,Acopiador,Gravedad
true,1,3,100,3,36,false,false,true,true,false,false,false,Secundaria completa,Hombre,ICA,Costa,Gravedad,Venta,Acopiador,Gravedad
true,2,1.7,0,10,54,false,false,true,true,false,false,false,Secundaria completa,Mujer,ICA,Costa,Gravedad,Otro,Sin ventas,Gravedad
true,2,3.8,98.3,40,62,false,false,true,false,false,false,false,Primaria completa,Hombre,ICA,Costa,Gravedad,Venta,Comerciante minorista,Gravedad
true,6,5,79.82,40,57,false,false,false,false,false,false,false,Primaria incompleta,Mujer,JUNIN,Sierra,Secano,Venta,Comerciante mayorista,Secano
true,5,9.5,93.75,60,78,false,false,true,false,false,false,false,Secundaria completa,Hombre,JUNIN,Sierra,Aspersion,Venta,Comerciante mayorista,Aspersion
true,11,0.86,56,7,57,false,false,true,false,false,true,false,Primaria incompleta,Mujer,JUNIN,Sierra,Secano,Venta,Comerciante mayorista,Secano
true,1,1.4,76.92,20,54,false,false,true,true,false,false,false,Primaria completa,Mujer,LA LIBERTAD,Costa,Gravedad,Venta,Comerciante minorista,Gravedad
true,5,166.8,99.82,17,63,false,true,true,false,true,false,true,Secundaria completa,Hombre,LA LIBERTAD,Costa,Gravedad,Venta,Acopiador,Gravedad
true,1,7,88.54,50,86,false,false,true,false,false,false,false,Primaria incompleta,Hombre,LAMBAYEQUE,Costa,Gravedad,Venta,Comerciante mayorista,Gravedad
true,1,1.48,0,2,41,false,false,true,false,false,false,false,Secundaria completa,Mujer,LAMBAYEQUE,Costa,No especificado,Otro,Sin ventas,No especificado
true,2,4,100,25,59,false,false,true,false,false,false,false,Secundaria incompleta,Hombre,LAMBAYEQUE,Costa,Gravedad,Venta,Acopiador,Gravedad
true,1,0.67,100,13,56,false,true,true,false,true,false,true,Superior no universitaria completa,Hombre,LIMA,Costa,Goteo,Venta,Comerciante minorista,Goteo
true,2,12,100,20,40,false,false,true,false,false,false,false,Secundaria incompleta,Hombre,LIMA,Costa,Gravedad,Venta,Comerciante mayorista,Gravedad
true,2,26,80.33,8,35,false,false,true,false,false,false,false,Superior universitaria completa,Hombre,LORETO,Selva,Gravedad,Venta,Comerciante minorista,Gravedad
true,2,12.5,100,20,57,false,true,true,false,false,false,true,Superior universitaria completa,Hombre,LORETO,Selva,Secano,Venta,Asociación/Cooperativa,Secano
true,2,4.5,0,2,51,false,false,false,false,false,false,false,Superior universitaria completa,Mujer,MADRE DE DIOS,Selva,Secano,Autoconsumo,Sin ventas,Secano
false,7,4.66,0,50,78,false,true,false,false,false,false,false,Primaria completa,Hombre,MOQUEGUA,Sierra,Gravedad,Otro,Sin ventas,Gravedad
true,1,2,95.77,45,70,false,false,true,true,false,false,false,Primaria incompleta,Hombre,PIURA,Costa,Gravedad,Venta,Comerciante mayorista,Gravedad
true,5,6,98.62,20,60,false,false,true,true,false,false,false,Secundaria completa,Hombre,PIURA,Costa,Gravedad,Venta,Comerciante mayorista,Gravedad
true,2,1.8,100,24,43,false,false,true,false,false,false,false,Secundaria incompleta,Hombre,PIURA,Costa,No especificado,Venta,Comerciante mayorista,No especificado
true,1,2,0,10,62,false,true,false,false,false,false,false,Primaria incompleta,Hombre,PIURA,Costa,Gravedad,Autoconsumo,Sin ventas,Gravedad
true,4,4.56,98.33,15,68,false,false,true,false,false,false,false,Primaria incompleta,Hombre,PIURA,Costa,Gravedad,Venta,Acopiador,Gravedad
true,1,8.4,69.5,50,77,false,true,false,false,false,false,false,Primaria completa,Hombre,PUNO,Selva,Secano,Venta,Acopiador,Secano
true,7,7.73,0,20,60,false,false,true,false,false,false,false,Secundaria completa,Hombre,PUNO,Sierra,Secano,Otro,Sin ventas,Secano
true,3,10.5,0,32,50,false,false,true,false,false,false,false,Primaria completa,Mujer,PUNO,Sierra,Secano,Autoconsumo,Sin ventas,Secano
true,6,13.3,0,15,41,false,true,true,false,false,false,false,Superior no universitaria completa,Hombre,PUNO,Sierra,Secano,Otro,Sin ventas,Secano
true,16,1.32,0,27,48,false,false,true,false,false,false,false,Secundaria completa,Hombre,PUNO,Sierra,Secano,Autoconsumo,Sin ventas,Secano
true,8,1.5,0,30,50,false,true,true,false,false,false,false,Primaria completa,Mujer,PUNO,Sierra,Secano,Autoconsumo,Sin ventas,Secano
true,2,12,0,32,58,false,false,true,false,false,false,false,Secundaria completa,Hombre,PUNO,Sierra,Gravedad,Otro,Sin ventas,Gravedad
true,2,3.8,69.23,19,38,false,false,true,false,false,false,false,Secundaria incompleta,Hombre,SAN MARTIN,Selva,Secano,Venta,Acopiador,Secano
true,4,12.5,100,28,46,false,false,true,false,false,false,false,Secundaria completa,Hombre,SAN MARTIN,Selva,Gravedad,Venta,Acopiador,Gravedad
true,2,60,62.11,25,44,false,false,true,false,false,false,false,Primaria completa,Hombre,SAN MARTIN,Selva,Secano,Venta,Comerciante minorista,Secano
true,3,7.1,100,41,69,false,true,true,false,false,false,true,Primaria incompleta,Hombre,SAN MARTIN,Selva,Secano,Venta,Asociación/Cooperativa,Secano
true,0,0,0,15,38,false,false,false,false,false,false,false,Primaria incompleta,Mujer,TACNA,Sierra,Secano,Otro,Sin ventas,Secano
true,7,3.35,0,20,41,false,false,false,false,false,false,false,Primaria completa,Hombre,TACNA,Sierra,Gravedad,Autoconsumo,Sin ventas,Gravedad
true,1,10,98.89,10,39,false,false,true,false,false,false,false,Primaria incompleta,Hombre,TACNA,Costa,Goteo,Venta,Acopiador,Goteo
true,2,10,99.47,20,50,false,false,true,false,false,false,false,Secundaria completa,Hombre,TACNA,Costa,Goteo,Venta,Acopiador,Goteo
false,1,10.5,99.91,28,66,false,false,true,false,false,false,true,Secundaria completa,Hombre,TACNA,Costa,Goteo,Venta,Acopiador,Goteo
true,5,17.5,100,30,51,false,true,true,false,false,false,false,Primaria incompleta,Hombre,TUMBES,Costa,Gravedad,Venta,Acopiador,Gravedad
true,1,1,0,25,47,false,false,true,true,false,false,false,Secundaria completa,Hombre,TUMBES,Costa,Gravedad,Otro,Sin ventas,Gravedad
true,5,114.4,100,20,51,false,false,true,false,false,false,false,Secundaria completa,Hombre,TUMBES,Costa,No especificado,Venta,Acopiador,No especificado
true,2,5,99.1,20,51,false,false,true,false,false,false,false,Primaria completa,Hombre,TUMBES,Costa,Gravedad,Venta,Comerciante minorista,Gravedad
true,1,2,99.24,13,39,false,true,true,false,false,false,false,Superior universitaria completa,Hombre,TUMBES,Costa,Aspersion,Venta,Comerciante mayorista,Aspersion
true,3,16.6,100,40,58,false,true,true,false,false,false,false,Primaria completa,Hombre,AMAZONAS,Selva,Gravedad,Venta,Comerciante mayorista,Gravedad
true,2,11,7.83,15,72,false,false,false,false,false,false,false,Superior no universitaria completa,Hombre,AMAZONAS,Sierra,Secano,Autoconsumo,Comerciante mayorista,Secano
true,2,2,93,2,24,false,false,true,true,false,false,true,Secundaria completa,Mujer,ANCASH,Sierra,Gravedad,Venta,Acopiador,Gravedad
true,1,5,99.15,4,50,false,false,true,false,false,false,true,Superior universitaria completa,Mujer,ANCASH,Costa,Goteo,Venta,Acopiador,Goteo
true,3,6,99.78,42,65,false,false,true,false,false,false,false,Secundaria incompleta,Hombre,ANCASH,Costa,Gravedad,Venta,Acopiador,Gravedad
true,4,0.74,0,38,64,false,false,false,false,false,false,false,Primaria completa,Hombre,ANCASH,Sierra,Aspersion,Autoconsumo,Sin ventas,Aspersion
true,7,2.28,73.51,9,26,false,false,true,false,false,false,true,Secundaria completa,Hombre,APURIMAC,Sierra,Gravedad,Venta,Acopiador,Gravedad
true,5,8.9,74.06,48,62,false,true,true,false,false,false,true,Secundaria incompleta,Hombre,APURIMAC,Sierra,Gravedad,Venta,Consumidor final,Gravedad
true,2,2.2,83.49,18,38,false,false,false,false,false,false,false,Secundaria incompleta,Hombre,APURIMAC,Sierra,Gravedad,Venta,Acopiador,Gravedad
true,2,10.1,100,35,77,false,false,true,false,false,false,false,Secundaria incompleta,Hombre,AREQUIPA,Costa,Gravedad,Venta,Comerciante mayorista,Gravedad
true,1,0.66,100,10,47,false,false,true,false,false,false,true,Secundaria completa,Hombre,AREQUIPA,Costa,Gravedad,Venta,Comerciante mayorista,Gravedad
true,3,18.65,97.6,25,52,false,false,true,false,false,false,false,Secundaria incompleta,Hombre,AREQUIPA,Costa,Gravedad,Venta,Acopiador,Gravedad
true,1,1.32,100,20,60,false,false,true,false,false,false,false,Primaria completa,Hombre,AREQUIPA,Costa,Gravedad,Venta,Acopiador,Gravedad
false,3,25,73.83,35,58,false,false,true,false,false,false,false,Secundaria incompleta,Hombre,AYACUCHO,Sierra,Secano,Venta,Acopiador,Secano
true,9,4.5,100,50,53,false,false,false,false,false,false,true,Secundaria incompleta,Hombre,AYACUCHO,Sierra,Aspersion,Venta,Consumidor final,Aspersion
true,2,5.5,66.91,10,47,false,false,true,false,false,false,false,Secundaria incompleta,Mujer,AYACUCHO,Sierra,Gravedad,Venta,Comerciante mayorista,Gravedad
true,8,8.93,83.83,40,60,false,false,true,false,false,false,false,Primaria incompleta,Hombre,AYACUCHO,Sierra,No especificado,Venta,Acopiador,No especificado
true,1,8.8,80.29,26,51,false,false,true,false,false,true,false,Secundaria completa,Hombre,AYACUCHO,Sierra,Aspersion,Venta,Acopiador,Aspersion
true,4,0.88,0,10,39,false,false,true,false,false,true,false,Secundaria completa,Hombre,AYACUCHO,Sierra,Secano,Autoconsumo,Sin ventas,Secano
true,4,17,61.71,10,47,false,false,true,false,false,false,false,Superior no universitaria completa,Hombre,CAJAMARCA,Selva,Secano,Venta,Comerciante minorista,Secano
true,4,7.4,99.97,25,54,false,false,false,false,false,false,false,Primaria incompleta,Hombre,HUANUCO,Selva,Secano,Venta,Acopiador,Secano
true,2,286,0,8,25,false,false,false,false,false,false,false,Secundaria completa,Hombre,HUANUCO,Selva,Secano,Otro,Sin ventas,Secano
true,7,5.65,100,16,33,false,false,false,false,false,false,false,Primaria incompleta,Hombre,HUANUCO,Sierra,Secano,Venta,Comerciante mayorista,Secano
true,1,7.08,87.55,20,50,false,false,true,false,false,false,false,Superior no universitaria incompleta,Hombre,ICA,Costa,Gravedad,Venta,Acopiador,Gravedad
true,5,32.35,100,4,23,false,false,true,false,false,false,false,Superior universitaria completa,Hombre,ICA,Costa,Gravedad,Venta,Acopiador,Gravedad
true,1,4.2,99.5,2,47,false,false,true,false,false,false,true,Superior no universitaria completa,Hombre,ICA,Costa,No especificado,Venta,Acopiador,No especificado
true,3,4.8,99.86,35,54,false,false,false,false,false,false,false,Secundaria completa,Hombre,ICA,Costa,Mangas,Venta,Acopiador,Mangas
true,2,5.05,99.56,10,52,false,false,true,false,false,false,false,Secundaria completa,Hombre,ICA,Costa,Gravedad,Venta,Acopiador,Gravedad
true,2,10,100,12,38,false,false,true,false,false,false,false,Superior universitaria completa,Hombre,ICA,Costa,Goteo,Venta,Acopiador,Goteo
true,1,22,99.9,60,83,false,true,true,false,true,false,false,Secundaria completa,Hombre,JUNIN,Selva,Secano,Venta,Acopiador,Secano
true,2,11.7,100,28,46,false,false,true,false,false,false,false,Secundaria incompleta,Hombre,JUNIN,Selva,Secano,Venta,Acopiador,Secano
true,5,8,89.27,55,73,false,false,true,false,false,false,false,Primaria incompleta,Hombre,JUNIN,Sierra,Aspersion,Venta,Acopiador,Aspersion
false,1,65.5,0,50,64,false,false,true,false,false,false,true,Superior universitaria completa,Hombre,LA LIBERTAD,Sierra,No especificado,Otro,Sin ventas,No especificado
true,3,99,47.24,46,63,false,false,true,false,false,false,false,Primaria completa,Hombre,LA LIBERTAD,Sierra,Gravedad,Venta,Comerciante minorista,Gravedad
true,1,0.25,0,40,65,false,false,false,false,false,false,false,Secundaria incompleta,Mujer,LA LIBERTAD,Costa,Secano,Otro,Sin ventas,Secano
true,1,4,0,10,30,false,false,true,false,false,false,false,Superior no universitaria completa,Hombre,LAMBAYEQUE,Costa,Gravedad,Otro,Sin ventas,Gravedad
true,2,3.18,99.17,34,60,false,false,true,false,false,false,false,Primaria completa,Hombre,LAMBAYEQUE,Sierra,Gravedad,Venta,Empresa/Agroindustria,Gravedad
true,1,3,0,20,37,false,false,true,false,false,false,false,Secundaria completa,Hombre,LAMBAYEQUE,Costa,Gravedad,Otro,Sin ventas,Gravedad
true,2,23.5,0,16,31,false,false,true,true,false,false,false,Superior no universitaria completa,Hombre,LAMBAYEQUE,Costa,Otro,Otro,Sin ventas,Otro
true,2,11,91.5,32,56,false,false,true,false,false,false,false,Secundaria completa,Hombre,LAMBAYEQUE,Costa,Gravedad,Venta,Comerciante mayorista,Gravedad
true,1,7.05,80.43,40,61,false,false,true,false,false,false,false,Primaria completa,Hombre,LAMBAYEQUE,Costa,Gravedad,Venta,Acopiador,Gravedad
true,1,5,0,43,62,false,false,true,false,false,false,false,Primaria incompleta,Hombre,LAMBAYEQUE,Costa,Gravedad,Otro,Sin ventas,Gravedad
true,3,0.88,100,50,68,false,false,true,false,false,false,false,Secundaria completa,Hombre,LIMA,Costa,Gravedad,Venta,Comerciante mayorista,Gravedad
true,1,3.5,0,10,50,false,false,true,false,false,false,false,Secundaria completa,Mujer,LIMA,Costa,Gravedad,Otro,Sin ventas,Gravedad
true,1,4.4,0,28,75,false,false,true,false,false,false,false,Primaria completa,Hombre,LIMA,Costa,Gravedad,Otro,Sin ventas,Gravedad
false,1,83,100,31,66,false,false,false,false,false,false,false,Primaria incompleta,Hombre,MADRE DE DIOS,Selva,Secano,Venta,Comerciante mayorista,Secano
false,1,18.06,0,30,67,false,false,false,false,false,false,false,Primaria incompleta,Hombre,MADRE DE DIOS,Selva,Secano,Otro,Sin ventas,Secano
false,1,18,99.76,9,37,false,false,false,false,false,false,false,Secundaria completa,Mujer,MADRE DE DIOS,Selva,Secano,Venta,Acopiador,Secano
true,1,0.1,0,44,64,false,false,false,false,false,false,false,Primaria incompleta,Mujer,MOQUEGUA,Sierra,Gravedad,Otro,Sin ventas,Gravedad
true,1,5.15,0,35,56,false,false,false,false,false,false,false,Primaria incompleta,Mujer,MOQUEGUA,Costa,Aspersion,Autoconsumo,Sin ventas,Aspersion
true,1,5.6,97.9,26,49,false,true,true,false,false,false,false,Superior no universitaria completa,Mujer,MOQUEGUA,Costa,Gravedad,Venta,Comerciante minorista,Gravedad
true,2,23.2,100,10,34,false,false,true,false,false,false,false,Secundaria incompleta,Hombre,PASCO,Sierra,Secano,Venta,Acopiador,Secano
true,2,7.5,89.2,28,58,false,false,true,false,false,false,false,Secundaria incompleta,Hombre,PIURA,Costa,Gravedad,Venta,Comerciante mayorista,Gravedad
true,2,4,97.94,10,54,false,false,true,false,false,false,false,Primaria incompleta,Hombre,PIURA,Costa,No especificado,Venta,Comerciante mayorista,No especificado
false,1,2,100,20,63,false,false,true,false,false,false,false,Superior universitaria completa,Hombre,PIURA,Costa,No especificado,Venta,Comerciante mayorista,No especificado
true,5,29.02,0,41,61,false,false,true,false,false,false,false,Primaria incompleta,Mujer,PUNO,Sierra,Secano,Autoconsumo,Sin ventas,Secano
true,2,198,0,30,55,false,true,false,false,false,false,false,Superior no universitaria completa,Hombre,PUNO,Sierra,Secano,Otro,Sin ventas,Secano
true,6,4,0,14,39,false,false,true,false,false,false,false,Primaria incompleta,Mujer,PUNO,Sierra,Secano,Otro,Sin ventas,Secano
true,13,18.85,0,33,54,false,false,true,false,false,false,false,Primaria incompleta,Mujer,PUNO,Sierra,Secano,Autoconsumo,Sin ventas,Secano
true,1,3.7,0,40,64,false,false,true,false,false,false,false,Secundaria incompleta,Hombre,PUNO,Sierra,Secano,Autoconsumo,Sin ventas,Secano
true,2,55,100,29,47,false,true,true,false,false,false,false,Secundaria incompleta,Hombre,SAN MARTIN,Selva,Secano,Venta,Acopiador,Secano
true,1,2,100,40,57,false,false,true,true,false,false,false,Primaria completa,Hombre,SAN MARTIN,Selva,Gravedad,Venta,Comerciante mayorista,Gravedad
true,2,6,100,2,37,false,false,true,true,false,false,false,Secundaria incompleta,Hombre,SAN MARTIN,Selva,Gravedad,Venta,Comerciante mayorista,Gravedad
true,1,3,98.07,21,41,false,false,true,false,false,false,true,Primaria completa,Hombre,SAN MARTIN,Selva,Secano,Venta,Comerciante minorista,Secano
true,1,34,98.74,20,57,false,false,true,false,false,false,false,Primaria incompleta,Hombre,UCAYALI,Selva,Mangas,Venta,Comerciante mayorista,Mangas
true,3,100,100,23,62,false,false,true,false,false,false,true,Superior universitaria incompleta,Hombre,UCAYALI,Selva,Secano,Venta,Empresa/Agroindustria,Secano
true,2,712.06,0,22,45,false,false,true,false,false,false,false,Secundaria completa,Hombre,PASCO,Selva,Secano,Otro,Sin ventas,Secano
true,2,3.5,0,26,46,false,false,false,false,false,false,false,Primaria completa,Hombre,AMAZONAS,Selva,Secano,Otro,Sin ventas,Secano
true,1,3,60.49,29,47,false,false,true,false,false,false,false,Superior universitaria completa,Hombre,AMAZONAS,Selva,Gravedad,Venta,Comerciante mayorista,Gravedad
false,1,1,9.05,30,50,false,false,false,false,false,false,false,Primaria completa,Hombre,AMAZONAS,Selva,Secano,Autoconsumo,Comerciante mayorista,Secano
true,7,3,75.56,19,36,false,false,true,false,false,false,false,Primaria incompleta,Hombre,APURIMAC,Sierra,Aspersion,Venta,Acopiador,Aspersion
false,2,2.31,81.82,50,72,false,false,false,false,false,false,false,Secundaria completa,Mujer,AREQUIPA,Sierra,Secano,Venta,Consumidor final,Secano
true,1,2.5,100,55,75,false,true,true,false,false,false,false,Primaria completa,Hombre,AREQUIPA,Costa,Gravedad,Venta,Acopiador,Gravedad
true,1,3.6,0,35,53,false,false,true,false,false,false,false,Superior universitaria completa,Hombre,AREQUIPA,Sierra,Gravedad,Otro,Sin ventas,Gravedad
false,1,1.5,0,40,71,false,false,false,false,false,false,false,Secundaria completa,Mujer,AREQUIPA,Costa,Goteo,Otro,Sin ventas,Goteo
true,2,1.16,96.6,6,42,false,false,true,false,false,false,false,Secundaria completa,Hombre,AREQUIPA,Sierra,Gravedad,Venta,Comerciante mayorista,Gravedad
true,1,0.66,0,1,45,false,false,true,false,false,false,false,Superior no universitaria completa,Hombre,AREQUIPA,Costa,Gravedad,Otro,Sin ventas,Gravedad
false,2,6,98.64,45,74,false,false,true,false,false,false,false,Sin nivel,Hombre,AYACUCHO,Selva,Secano,Venta,Comerciante mayorista,Secano
true,1,0.6,96.1,40,56,false,false,false,false,false,false,false,Primaria incompleta,Hombre,AYACUCHO,Selva,Secano,Venta,Comerciante mayorista,Secano
true,3,9.25,100,43,65,false,false,true,false,false,true,true,Secundaria incompleta,Hombre,AYACUCHO,Selva,Secano,Venta,Acopiador,Secano
true,3,6.3,99.62,35,56,false,false,true,false,false,true,false,Primaria incompleta,Hombre,AYACUCHO,Sierra,Gravedad,Venta,Acopiador,Gravedad
true,4,4.2,90.73,35,55,false,true,false,false,false,false,false,Secundaria incompleta,Hombre,AYACUCHO,Sierra,Gravedad,Venta,Acopiador,Gravedad
true,7,2.33,45.81,25,39,false,false,true,false,false,false,false,Secundaria completa,Hombre,AYACUCHO,Sierra,Secano,Venta,Comerciante minorista,Secano
true,3,1.9,100,23,45,false,false,true,false,false,false,false,Primaria incompleta,Hombre,AYACUCHO,Sierra,No especificado,Venta,Comerciante mayorista,No especificado
true,12,10.79,84.16,25,46,false,false,true,false,false,false,false,Secundaria completa,Hombre,AYACUCHO,Sierra,Gravedad,Venta,Acopiador,Gravedad
true,4,7.5,28.92,40,56,false,false,true,false,false,false,false,Primaria incompleta,Hombre,AYACUCHO,Sierra,Gravedad,Autoconsumo,Comerciante minorista,Gravedad
true,6,5.8,0,45,63,false,false,true,false,false,false,false,Primaria completa,Hombre,AYACUCHO,Sierra,Gravedad,Autoconsumo,Sin ventas,Gravedad
true,6,5.15,0,30,48,false,false,true,false,false,false,false,Secundaria incompleta,Hombre,AYACUCHO,Sierra,No especificado,Autoconsumo,Sin ventas,No especificado
true,3,6.25,96.35,12,35,false,true,true,false,false,false,true,Primaria completa,Mujer,CAJAMARCA,Selva,Secano,Venta,Asociación/Cooperativa,Secano
true,2,13,0,40,59,false,false,false,false,false,false,false,Primaria completa,Hombre,CAJAMARCA,Sierra,Aspersion,Autoconsumo,Sin ventas,Aspersion
true,3,6.11,0,23,48,false,false,false,false,false,false,false,Primaria incompleta,Mujer,CAJAMARCA,Sierra,Secano,Otro,Sin ventas,Secano
true,7,0.39,61.54,30,58,false,false,false,false,false,false,false,Primaria incompleta,Mujer,CUSCO,Sierra,Aspersion,Venta,Acopiador,Aspersion
true,2,7,98.93,35,51,false,false,false,false,false,false,false,Primaria completa,Hombre,HUANUCO,Selva,Secano,Venta,Comerciante mayorista,Secano
true,1,24,92.59,30,63,false,false,true,false,false,false,true,Primaria completa,Hombre,HUANUCO,Selva,Secano,Venta,Acopiador,Secano
true,2,620,0,25,64,false,false,true,false,false,false,false,Secundaria incompleta,Hombre,HUANUCO,Selva,Secano,Otro,Sin ventas,Secano
true,2,30,100,19,64,false,true,false,false,false,false,true,Secundaria completa,Mujer,HUANUCO,Selva,Secano,Venta,Consumidor final,Secano
true,1,8,87.98,30,54,false,false,true,false,false,false,false,Secundaria completa,Hombre,HUANUCO,Sierra,Secano,Venta,Comerciante mayorista,Secano
true,4,16.5,100,10,47,false,false,true,true,false,false,false,Primaria completa,Hombre,ICA,Costa,Gravedad,Venta,Acopiador,Gravedad
false,2,5,100,15,51,false,false,true,true,false,false,false,Primaria completa,Mujer,ICA,Costa,Gravedad,Venta,Acopiador,Gravedad
true,1,17,0,10,54,false,false,false,false,false,false,false,Secundaria completa,Mujer,ICA,Costa,No especificado,Otro,Sin ventas,No especificado
true,2,23,98.64,10,30,false,false,true,false,false,false,false,Secundaria completa,Hombre,JUNIN,Selva,Secano,Venta,Acopiador,Secano
true,1,18.5,95.6,23,53,false,false,false,false,false,false,false,Secundaria completa,Hombre,JUNIN,Sierra,Gravedad,Venta,Comerciante mayorista,Gravedad
true,2,5.5,0,33,50,false,false,true,false,false,false,false,Primaria incompleta,Mujer,JUNIN,Sierra,Secano,Autoconsumo,Sin ventas,Secano
true,2,1.4,99.04,17,35,false,false,true,false,false,false,false,Secundaria completa,Hombre,JUNIN,Sierra,Secano,Venta,Acopiador,Secano
true,1,0.26,0,20,48,false,false,false,false,false,false,false,Secundaria completa,Mujer,JUNIN,Sierra,Gravedad,Autoconsumo,Sin ventas,Gravedad
true,6,1.24,77.97,17,37,false,true,true,false,false,true,false,Secundaria completa,Hombre,JUNIN,Sierra,Secano,Venta,Comerciante mayorista,Secano
true,2,2,0,25,43,false,false,true,false,false,false,false,Secundaria incompleta,Hombre,JUNIN,Sierra,Gravedad,Otro,Sin ventas,Gravedad
false,4,6.3,0,47,69,false,false,true,false,false,false,false,Sin nivel,Hombre,LA LIBERTAD,Sierra,Secano,Autoconsumo,Sin ventas,Secano
false,2,3.7,0,30,63,false,false,true,false,false,false,false,Superior universitaria completa,Hombre,LA LIBERTAD,Costa,Gravedad,Otro,Sin ventas,Gravedad
true,4,15.02,100,14,57,false,false,true,true,false,false,false,Primaria completa,Hombre,LA LIBERTAD,Costa,Gravedad,Venta,Empresa/Agroindustria,Gravedad
true,1,4.24,100,21,37,false,false,false,true,false,false,true,Primaria completa,Hombre,LAMBAYEQUE,Sierra,Gravedad,Venta,Comerciante mayorista,Gravedad
true,1,4,0,44,64,false,false,true,false,false,false,false,Primaria completa,Mujer,LAMBAYEQUE,Costa,Gravedad,Otro,Sin ventas,Gravedad
true,2,5.26,100,15,56,false,false,true,false,false,false,false,Primaria completa,Hombre,LAMBAYEQUE,Costa,Gravedad,Venta,Empresa/Agroindustria,Gravedad
true,3,8,100,5,27,false,false,true,true,false,false,true,Primaria completa,Hombre,LIMA,Costa,Gravedad,Venta,Comerciante mayorista,Gravedad
true,2,40,100,15,56,false,false,true,false,false,false,false,Superior universitaria completa,Hombre,LIMA,Sierra,Goteo,Venta,Comerciante mayorista,Goteo
false,5,0.53,100,30,60,false,false,false,false,false,false,false,Secundaria completa,Hombre,LIMA,Sierra,Gravedad,Venta,Comerciante mayorista,Gravedad
true,4,1.3,94.74,3,27,false,false,true,false,false,false,false,Superior no universitaria completa,Hombre,LIMA,Costa,Gravedad,Venta,Comerciante mayorista,Gravedad
true,1,29,100,30,71,false,false,true,false,false,false,false,Primaria completa,Hombre,MADRE DE DIOS,Selva,Secano,Venta,Acopiador,Secano
true,6,2.06,40,33,56,false,false,true,false,false,false,false,Secundaria completa,Hombre,MOQUEGUA,Sierra,Gravedad,Autoconsumo,Comerciante minorista,Gravedad
true,3,10.5,98.56,19,70,false,true,true,false,true,false,true,Primaria incompleta,Hombre,MOQUEGUA,Costa,Goteo,Venta,Consumidor final,Goteo
true,2,5,89.56,15,40,false,false,false,false,false,false,false,Superior universitaria completa,Mujer,PIURA,Costa,Gravedad,Venta,Acopiador,Gravedad
true,2,1.25,100,15,47,false,false,true,false,false,false,false,Secundaria completa,Hombre,PIURA,Costa,No especificado,Venta,Comerciante mayorista,No especificado
true,5,7,97.21,50,76,false,false,false,false,false,false,false,Primaria incompleta,Hombre,PIURA,Costa,Gravedad,Venta,Acopiador,Gravedad
true,1,0.08,0,4,25,false,false,false,false,false,false,false,Superior universitaria completa,Hombre,PIURA,Costa,Secano,Otro,Sin ventas,Secano
true,5,5.5,96.53,3,35,false,false,true,false,false,false,false,Secundaria incompleta,Hombre,PIURA,Costa,Gravedad,Venta,Comerciante mayorista,Gravedad
true,3,13,84.82,35,65,false,false,true,false,false,false,false,Primaria completa,Hombre,PIURA,Costa,Gravedad,Venta,Comerciante mayorista,Gravedad
true,1,15,20.71,20,47,false,false,true,false,false,false,false,Primaria completa,Hombre,PIURA,Costa,Secano,Autoconsumo,Comerciante mayorista,Secano
true,3,4.5,100,8,50,false,false,true,false,false,false,false,Primaria incompleta,Hombre,PIURA,Costa,Gravedad,Venta,Acopiador,Gravedad
true,8,3.4,0,33,47,false,false,true,false,false,false,false,Primaria incompleta,Mujer,PUNO,Sierra,Secano,Autoconsumo,Sin ventas,Secano
true,3,13.25,0,33,58,false,false,true,false,false,false,false,Primaria incompleta,Hombre,PUNO,Sierra,Secano,Autoconsumo,Sin ventas,Secano
true,1,27.5,78.41,50,77,false,false,true,false,false,false,false,Primaria incompleta,Hombre,SAN MARTIN,Selva,No especificado,Venta,Acopiador,No especificado
true,1,5.5,0,36,53,false,false,false,false,false,false,false,Primaria incompleta,Hombre,SAN MARTIN,Selva,Secano,Otro,Sin ventas,Secano
true,1,35.9,0,8,36,false,false,false,false,false,false,false,Superior universitaria completa,Hombre,SAN MARTIN,Selva,Secano,Otro,Sin ventas,Secano
true,3,85,84.82,42,62,false,false,true,false,false,false,false,Primaria incompleta,Hombre,SAN MARTIN,Selva,Secano,Venta,Comerciante minorista,Secano
true,2,15,97.34,10,31,false,true,true,false,false,false,false,Secundaria completa,Hombre,SAN MARTIN,Selva,Secano,Venta,Comerciante minorista,Secano
true,3,13.25,100,28,68,false,true,true,false,false,false,true,Primaria completa,Hombre,SAN MARTIN,Selva,Secano,Venta,Empresa/Agroindustria,Secano
true,2,65,62.89,28,53,false,true,true,false,false,false,true,Primaria incompleta,Hombre,SAN MARTIN,Selva,Secano,Venta,Acopiador,Secano
true,1,6.7,0,45,63,false,false,true,false,false,false,false,Secundaria incompleta,Hombre,TACNA,Sierra,Gravedad,Autoconsumo,Sin ventas,Gravedad
true,8,6.15,98.68,39,55,false,false,true,false,false,false,true,Primaria incompleta,Mujer,TACNA,Costa,Gravedad,Venta,Acopiador,Gravedad
true,5,1.68,75.68,16,41,false,false,true,false,false,false,false,Superior no universitaria completa,Mujer,TACNA,Sierra,Gravedad,Venta,Acopiador,Gravedad
true,1,5.5,100,5,50,false,false,true,false,false,false,false,Secundaria completa,Mujer,TACNA,Costa,Gravedad,Venta,Acopiador,Gravedad
true,2,23,100,3,53,false,false,true,true,false,false,true,Superior no universitaria completa,Hombre,TUMBES,Costa,Gravedad,Venta,Acopiador,Gravedad
true,2,4.7,100,30,68,false,true,true,false,false,false,false,Primaria incompleta,Hombre,TUMBES,Costa,No especificado,Venta,Comerciante mayorista,No especificado
true,4,72,100,23,54,false,true,true,false,false,false,true,Secundaria completa,Hombre,UCAYALI,Selva,Secano,Venta,Asociación/Cooperativa,Secano
true,2,32.35,100,20,63,false,true,true,false,false,false,true,Secundaria completa,Hombre,UCAYALI,Selva,Secano,Venta,Empresa/Agroindustria,Secano
true,1,133.25,94.9,30,61,false,true,true,false,false,false,true,Secundaria completa,Mujer,PASCO,Selva,Secano,Venta,Comerciante minorista,Secano
true,6,4.87,90.68,41,59,false,true,true,false,false,false,false,Primaria completa,Hombre,AMAZONAS,Selva,Secano,Venta,Asociación/Cooperativa,Secano
true,2,2.9,100,25,54,false,false,true,false,false,false,false,Secundaria completa,Hombre,AMAZONAS,Selva,Gravedad,Venta,Comerciante mayorista,Gravedad
true,9,2.63,98.87,22,39,false,false,true,false,false,false,false,Primaria incompleta,Hombre,ANCASH,Sierra,Gravedad,Venta,Acopiador,Gravedad
true,10,4.3,87.01,5,25,false,false,false,false,false,false,false,Superior universitaria incompleta,Hombre,APURIMAC,Sierra,Gravedad,Venta,Consumidor final,Gravedad
true,4,9.9,100,27,56,false,false,true,false,false,false,false,Secundaria completa,Hombre,AREQUIPA,Sierra,Gravedad,Venta,Acopiador,Gravedad
true,1,5,100,25,53,false,true,true,false,false,false,true,Superior universitaria completa,Hombre,AREQUIPA,Costa,Goteo,Venta,Acopiador,Goteo
true,2,1.75,93.57,15,34,false,false,false,false,false,false,false,Secundaria incompleta,Mujer,AYACUCHO,Selva,Secano,Venta,Acopiador,Secano
true,6,58,77.85,14,32,false,false,true,false,false,false,false,Primaria incompleta,Hombre,AYACUCHO,Sierra,Aspersion,Venta,Comerciante mayorista,Aspersion
true,8,2.78,87.66,17,35,false,false,true,false,false,false,false,Secundaria incompleta,Hombre,AYACUCHO,Sierra,No especificado,Venta,Acopiador,No especificado
false,1,0.75,93.92,28,56,false,false,true,false,false,true,false,Primaria incompleta,Mujer,AYACUCHO,Sierra,Gravedad,Venta,Comerciante minorista,Gravedad
true,3,2,94.34,20,41,false,false,true,false,false,false,false,Secundaria completa,Mujer,AYACUCHO,Sierra,Secano,Venta,Acopiador,Secano
true,1,5,90.57,30,63,false,true,false,false,false,false,false,Sin nivel,Mujer,CAJAMARCA,Selva,Secano,Venta,Comerciante mayorista,Secano
true,2,2,2.81,43,61,false,true,true,false,true,false,true,Secundaria incompleta,Hombre,CAJAMARCA,Selva,Secano,Autoconsumo,Asociación/Cooperativa,Secano
true,1,3,100,10,32,false,true,true,false,false,false,false,Primaria completa,Hombre,CAJAMARCA,Selva,Secano,Venta,Consumidor final,Secano
true,2,2.55,99.35,30,49,false,false,true,false,false,false,false,Primaria incompleta,Mujer,CAJAMARCA,Sierra,Secano,Venta,Consumidor final,Secano
true,2,2.05,70.59,6,38,false,false,false,false,false,false,false,Primaria completa,Mujer,CAJAMARCA,Selva,Secano,Venta,Consumidor final,Secano
true,1,2,35.29,25,54,false,false,true,false,false,false,false,Superior no universitaria incompleta,Hombre,CAJAMARCA,Costa,Gravedad,Autoconsumo,Acopiador,Gravedad
true,4,9,99.77,37,56,false,false,true,false,false,false,false,Superior no universitaria incompleta,Hombre,CAJAMARCA,Costa,Gravedad,Venta,Comerciante mayorista,Gravedad
true,1,31.46,54.05,50,70,false,false,true,false,false,false,false,Primaria incompleta,Hombre,CUSCO,Sierra,Secano,Venta,Comerciante minorista,Secano
true,19,1.57,28.57,35,58,false,true,true,false,false,false,false,Secundaria completa,Hombre,CUSCO,Sierra,Aspersion,Autoconsumo,Consumidor final,Aspersion
true,3,2.7,16.95,25,46,false,false,true,false,false,false,false,Secundaria completa,Hombre,HUANCAVELICA,Sierra,Aspersion,Autoconsumo,Consumidor final,Aspersion
true,2,11,100,4,22,false,true,true,false,false,false,true,Superior universitaria completa,Mujer,HUANUCO,Selva,Secano,Venta,Acopiador,Secano
true,3,154.8,3.83,9,59,false,false,true,false,false,false,false,Secundaria incompleta,Mujer,HUANUCO,Selva,Secano,Autoconsumo,Acopiador,Secano
true,3,330,91.95,24,47,false,false,true,false,false,true,false,Secundaria completa,Hombre,HUANUCO,Selva,Secano,Venta,Acopiador,Secano
true,2,1.5,98.36,10,31,false,false,false,false,false,false,false,Primaria completa,Hombre,HUANUCO,Sierra,Secano,Venta,Comerciante mayorista,Secano
true,1,6.5,100,8,52,false,false,true,true,false,false,false,Primaria completa,Mujer,ICA,Costa,Gravedad,Venta,Acopiador,Gravedad
true,2,6,100,15,47,false,false,true,false,false,false,false,Secundaria incompleta,Hombre,ICA,Costa,Gravedad,Venta,Acopiador,Gravedad
false,2,5.66,69.75,15,38,false,false,true,false,false,false,false,Secundaria completa,Hombre,ICA,Costa,Gravedad,Venta,Acopiador,Gravedad
true,3,13,99.84,23,52,false,false,true,false,false,false,false,Primaria completa,Hombre,JUNIN,Selva,Secano,Venta,Acopiador,Secano
true,1,40,85.71,48,71,false,false,true,false,false,false,false,Secundaria completa,Hombre,JUNIN,Selva,Secano,Venta,Comerciante mayorista,Secano
true,3,527.5,97.47,38,62,false,false,true,false,false,false,false,Primaria completa,Hombre,JUNIN,Sierra,Secano,Venta,Comerciante mayorista,Secano
true,2,2.02,55.56,18,48,false,false,false,false,false,false,false,Superior universitaria incompleta,Mujer,JUNIN,Sierra,Secano,Venta,Comerciante mayorista,Secano
true,3,11.57,98.88,52,77,false,true,true,false,false,false,false,Secundaria completa,Hombre,JUNIN,Selva,Secano,Venta,Acopiador,Secano
false,1,0.01,0,20,38,false,false,false,false,false,false,false,Primaria incompleta,Hombre,JUNIN,Sierra,Gravedad,Autoconsumo,Sin ventas,Gravedad
true,6,0.75,0,35,55,false,false,true,false,false,false,false,Primaria incompleta,Mujer,JUNIN,Sierra,Gravedad,Otro,Sin ventas,Gravedad
true,2,7.8,98.33,40,54,false,false,true,false,false,false,false,Primaria incompleta,Hombre,LA LIBERTAD,Costa,Gravedad,Venta,Acopiador,Gravedad
true,2,4.5,28.4,40,63,false,true,true,false,false,false,true,Secundaria incompleta,Hombre,LA LIBERTAD,Costa,Gravedad,Autoconsumo,Comerciante mayorista,Gravedad
true,1,1.5,100,3,49,false,false,true,false,false,false,false,Superior no universitaria completa,Hombre,LAMBAYEQUE,Costa,Gravedad,Venta,Comerciante mayorista,Gravedad
true,2,9,100,6,30,false,false,true,true,false,false,false,Secundaria completa,Hombre,LIMA,Costa,Gravedad,Venta,Comerciante mayorista,Gravedad
true,3,8.4,100,17,60,false,false,true,false,false,false,false,Secundaria completa,Hombre,LIMA,Costa,Gravedad,Venta,Comerciante mayorista,Gravedad
false,1,3.1,0,30,62,false,false,false,false,false,false,false,Superior no universitaria incompleta,Hombre,LIMA,Sierra,No especificado,Otro,Sin ventas,No especificado
false,2,14.8,90.91,20,61,false,false,true,false,false,false,false,Superior universitaria completa,Hombre,LORETO,Selva,Secano,Venta,Comerciante minorista,Secano
false,1,1.12,0,15,53,false,false,true,false,false,false,false,Superior universitaria completa,Hombre,MOQUEGUA,Sierra,Gravedad,Autoconsumo,Sin ventas,Gravedad
false,2,7.5,100,12,32,false,false,true,false,false,false,false,Secundaria completa,Hombre,PASCO,Selva,Secano,Venta,Comerciante mayorista,Secano
true,2,1.75,95.51,28,51,false,false,true,true,false,false,false,Secundaria completa,Hombre,PIURA,Costa,Gravedad,Venta,Acopiador,Gravedad
true,1,6,96.67,30,69,false,false,false,false,false,false,false,Sin nivel,Hombre,PIURA,Costa,Gravedad,Venta,Comerciante mayorista,Gravedad
true,3,0.58,83.05,6,49,false,false,true,false,false,false,false,Primaria completa,Hombre,PIURA,Costa,Gravedad,Venta,Acopiador,Gravedad
true,4,6.55,98.6,20,60,false,false,true,false,false,false,false,Primaria incompleta,Hombre,PIURA,Costa,No especificado,Venta,Acopiador,No especificado
true,5,9.63,0,45,59,false,false,true,false,false,false,false,Primaria completa,Mujer,PUNO,Sierra,Secano,Otro,Sin ventas,Secano
true,5,27,0,9,41,false,true,true,false,false,false,true,Secundaria completa,Hombre,PUNO,Sierra,Gravedad,Autoconsumo,Sin ventas,Gravedad
false,6,51.8,0,23,52,false,false,true,false,false,false,false,Superior universitaria completa,Hombre,PUNO,Sierra,Secano,Otro,Sin ventas,Secano
false,12,16.5,0,40,59,false,false,true,false,false,false,false,Secundaria completa,Hombre,PUNO,Sierra,Secano,Autoconsumo,Sin ventas,Secano
true,1,3,100,3,27,false,false,true,true,false,false,false,Secundaria completa,Hombre,SAN MARTIN,Selva,Gravedad,Venta,Acopiador,Gravedad
true,1,3,0,18,38,false,false,false,false,false,false,false,Primaria completa,Hombre,SAN MARTIN,Selva,Secano,Autoconsumo,Sin ventas,Secano
true,1,4,99.67,40,59,false,false,false,false,false,false,false,Primaria completa,Hombre,SAN MARTIN,Selva,Secano,Venta,Comerciante minorista,Secano
true,2,32,99.84,30,53,false,false,true,false,false,false,false,Primaria incompleta,Hombre,SAN MARTIN,Selva,Secano,Venta,Acopiador,Secano
true,2,12,0,2,61,false,false,true,false,false,false,false,Secundaria completa,Hombre,SAN MARTIN,Selva,No especificado,Otro,Sin ventas,No especificado
true,1,15,100,28,46,false,true,true,false,false,false,false,Superior no universitaria completa,Mujer,SAN MARTIN,Selva,Secano,Venta,Empresa/Agroindustria,Secano
true,1,36.5,100,30,66,false,true,true,false,false,false,false,Secundaria completa,Hombre,SAN MARTIN,Selva,Gravedad,Venta,Acopiador,Gravedad
true,1,0.38,0,10,80,false,false,false,false,false,false,false,Superior universitaria completa,Mujer,TACNA,Costa,Otro,Otro,Sin ventas,Otro
true,1,11,99.95,30,64,false,true,true,false,false,false,false,Secundaria incompleta,Hombre,TACNA,Costa,Goteo,Venta,Acopiador,Goteo
true,6,60,100,20,52,false,true,true,false,false,false,false,Superior universitaria completa,Mujer,TACNA,Costa,Goteo,Venta,Acopiador,Goteo
true,2,11,100,10,24,false,false,true,false,false,false,false,Primaria completa,Hombre,TUMBES,Costa,Gravedad,Venta,Acopiador,Gravedad
true,2,2,0,15,41,false,false,true,false,false,false,false,Primaria completa,Hombre,TUMBES,Costa,Gravedad,Autoconsumo,Sin ventas,Gravedad
true,4,14.5,82.61,40,56,false,true,false,false,false,false,false,Primaria completa,Hombre,AMAZONAS,Sierra,Secano,Venta,Comerciante mayorista,Secano
true,7,73,95.41,18,38,false,false,true,false,false,false,false,Primaria incompleta,Hombre,AMAZONAS,Sierra,Secano,Venta,Comerciante minorista,Secano
true,1,5,99.49,16,52,false,true,true,false,true,false,true,Superior universitaria completa,Hombre,ANCASH,Costa,Goteo,Venta,Empresa/Agroindustria,Goteo
true,4,5.46,64.13,17,40,false,false,false,false,false,false,false,Secundaria incompleta,Hombre,ANCASH,Sierra,Secano,Venta,Consumidor final,Secano
true,5,2.34,98.95,5,38,false,false,false,false,false,false,false,Secundaria completa,Hombre,ANCASH,Sierra,Secano,Venta,Consumidor final,Secano
true,3,77,45.45,35,57,false,false,false,false,false,false,false,Primaria completa,Hombre,ANCASH,Sierra,Gravedad,Autoconsumo,Comerciante minorista,Gravedad
true,2,3.7,0,2,61,false,false,true,false,false,false,false,Primaria completa,Mujer,ANCASH,Costa,Gravedad,Otro,Sin ventas,Gravedad
true,5,6.65,98.91,40,61,false,true,true,false,false,true,false,Primaria completa,Hombre,APURIMAC,Sierra,Gravedad,Venta,Comerciante minorista,Gravedad
true,2,0.13,100,7,26,false,false,false,false,false,false,false,Secundaria completa,Mujer,APURIMAC,Sierra,Aspersion,Venta,Consumidor final,Aspersion
true,13,6.09,93.46,13,34,false,true,true,false,false,false,true,Superior no universitaria incompleta,Hombre,APURIMAC,Sierra,Goteo,Venta,Acopiador,Goteo
true,1,2.97,100,40,65,false,false,true,false,false,false,false,Primaria completa,Hombre,AREQUIPA,Costa,Gravedad,Venta,Acopiador,Gravedad
true,1,1.85,100,2,58,false,false,true,false,false,false,false,Primaria incompleta,Hombre,AREQUIPA,Costa,Gravedad,Venta,Consumidor final,Gravedad
true,1,5.5,100,6,53,false,false,true,true,false,false,false,Secundaria completa,Hombre,AREQUIPA,Costa,Goteo,Venta,Comerciante mayorista,Goteo
true,1,5.12,99.51,15,50,false,false,true,false,false,false,false,Secundaria incompleta,Hombre,AREQUIPA,Costa,Gravedad,Venta,Acopiador,Gravedad
true,1,6,0,10,64,false,false,true,false,false,false,false,Secundaria incompleta,Hombre,AREQUIPA,Costa,Gravedad,Otro,Sin ventas,Gravedad
true,3,4.15,100,20,60,false,false,true,false,false,false,false,Secundaria incompleta,Hombre,AREQUIPA,Costa,Gravedad,Venta,Comerciante mayorista,Gravedad
false,4,0.58,0,40,56,false,false,false,false,false,false,false,Primaria incompleta,Hombre,AYACUCHO,Sierra,Aspersion,Otro,Sin ventas,Aspersion
true,2,1.23,88.89,43,72,false,false,true,false,false,false,false,Primaria incompleta,Hombre,AYACUCHO,Sierra,Aspersion,Venta,Acopiador,Aspersion
true,1,22,91.21,28,60,false,true,true,false,false,false,false,Primaria incompleta,Hombre,CAJAMARCA,Selva,Secano,Venta,Comerciante mayorista,Secano
true,5,3.37,70.89,12,49,false,false,true,false,false,false,false,Secundaria completa,Hombre,CAJAMARCA,Sierra,Gravedad,Venta,Comerciante minorista,Gravedad
true,2,20,76.19,30,61,false,true,true,false,false,false,false,Primaria incompleta,Hombre,CAJAMARCA,Sierra,Gravedad,Venta,Comerciante minorista,Gravedad
true,5,1.2,88.07,18,38,false,false,true,false,false,false,false,Primaria completa,Hombre,CAJAMARCA,Sierra,Gravedad,Venta,Comerciante mayorista,Gravedad
true,3,2.75,92.27,33,69,false,true,true,false,false,false,true,Secundaria completa,Hombre,CAJAMARCA,Sierra,Gravedad,Venta,Comerciante minorista,Gravedad
false,2,4.1,75.63,31,51,false,false,true,false,false,false,false,Primaria incompleta,Hombre,CUSCO,Sierra,Aspersion,Venta,Comerciante minorista,Aspersion
true,1,1.5,0,5,22,false,true,true,false,false,false,false,Primaria completa,Mujer,CUSCO,Sierra,Gravedad,Autoconsumo,Sin ventas,Gravedad
true,8,4.95,69.97,28,53,false,false,true,false,false,false,false,Secundaria incompleta,Hombre,CUSCO,Sierra,Aspersion,Venta,Consumidor final,Aspersion
true,4,4.7,0,8,30,false,true,true,false,false,false,false,Secundaria incompleta,Mujer,CUSCO,Sierra,Gravedad,Otro,Sin ventas,Gravedad
true,10,139.55,96.82,50,75,false,false,true,false,false,false,false,Primaria incompleta,Hombre,HUANCAVELICA,Sierra,Gravedad,Venta,Acopiador,Gravedad
true,1,74,0,30,50,false,true,false,false,false,false,false,Secundaria incompleta,Hombre,HUANUCO,Selva,Secano,Autoconsumo,Sin ventas,Secano
true,5,6,95.45,22,45,false,false,true,false,false,false,false,Primaria incompleta,Hombre,HUANUCO,Sierra,Secano,Venta,Comerciante mayorista,Secano
true,2,6,100,37,72,false,false,true,false,false,false,false,Secundaria completa,Hombre,ICA,Costa,No especificado,Venta,Acopiador,No especificado
true,1,3.3,100,6,47,false,false,true,false,false,false,false,Secundaria completa,Hombre,ICA,Costa,No especificado,Venta,Acopiador,No especificado
true,2,1.3,100,20,54,false,false,true,false,false,false,false,Primaria completa,Hombre,ICA,Costa,Gravedad,Venta,Acopiador,Gravedad
true,1,4.1,99.25,33,59,false,false,true,false,false,false,false,Secundaria completa,Hombre,ICA,Costa,Gravedad,Venta,Acopiador,Gravedad
true,3,10.5,99.4,3,27,false,false,true,false,false,false,false,Superior universitaria incompleta,Hombre,JUNIN,Selva,Secano,Venta,Acopiador,Secano
true,4,0.6,91.78,20,64,false,false,false,false,false,false,false,Primaria incompleta,Hombre,JUNIN,Sierra,Secano,Venta,Comerciante mayorista,Secano
true,7,1.16,99.45,20,48,false,false,true,true,false,false,false,Superior no universitaria incompleta,Hombre,JUNIN,Sierra,Gravedad,Venta,Acopiador,Gravedad
true,1,3.7,100,10,50,false,false,true,false,false,false,false,Primaria completa,Hombre,JUNIN,Selva,Secano,Venta,Acopiador,Secano
true,3,3.05,98.84,25,62,false,false,true,false,false,false,false,Superior universitaria completa,Mujer,JUNIN,Sierra,Secano,Venta,Acopiador,Secano
true,4,5.7,100,42,61,false,false,true,false,false,false,false,Primaria completa,Hombre,LA LIBERTAD,Costa,Gravedad,Venta,Comerciante minorista,Gravedad
true,4,3.57,92.78,38,56,false,false,true,true,false,false,false,Secundaria completa,Hombre,LAMBAYEQUE,Costa,Gravedad,Venta,Acopiador,Gravedad
true,2,6.1,100,30,73,false,false,true,true,false,false,false,Primaria completa,Hombre,LIMA,Costa,Gravedad,Venta,Comerciante mayorista,Gravedad
false,1,0.94,70.86,30,56,false,false,true,false,false,false,false,Secundaria completa,Hombre,LIMA,Costa,Gravedad,Venta,Comerciante mayorista,Gravedad
true,1,4.4,99.97,23,43,false,false,true,false,true,false,true,Secundaria completa,Hombre,LIMA,Costa,Gravedad,Venta,Empresa/Agroindustria,Gravedad
true,4,6.37,100,3,34,false,false,true,false,false,false,false,Secundaria completa,Hombre,LIMA,Costa,Goteo,Venta,Comerciante mayorista,Goteo
true,4,22,98.78,22,41,false,false,true,false,false,false,true,Secundaria completa,Hombre,LIMA,Costa,Gravedad,Venta,Comerciante mayorista,Gravedad
true,1,14.9,97.05,23,56,false,false,true,false,false,false,false,Superior universitaria completa,Mujer,LORETO,Selva,Secano,Venta,Comerciante minorista,Secano
true,1,1,0,20,62,false,false,false,false,false,false,false,Primaria incompleta,Hombre,MOQUEGUA,Costa,Otro,Autoconsumo,Sin ventas,Otro
true,1,3.2,0,40,53,false,false,true,false,false,false,false,Secundaria completa,Hombre,MOQUEGUA,Costa,Gravedad,Autoconsumo,Sin ventas,Gravedad
true,6,114.3,0,35,57,false,false,true,false,false,false,false,Primaria incompleta,Hombre,PUNO,Sierra,Secano,Otro,Sin ventas,Secano
true,8,4.55,0,25,48,false,false,false,false,false,false,false,Secundaria completa,Mujer,PUNO,Sierra,Secano,Autoconsumo,Sin ventas,Secano
true,10,16.4,0,38,57,false,true,true,false,false,false,false,Secundaria completa,Mujer,PUNO,Sierra,Secano,Autoconsumo,Sin ventas,Secano
true,5,8.59,2.33,21,39,false,false,true,false,false,false,false,Secundaria completa,Hombre,PUNO,Sierra,Secano,Autoconsumo,Comerciante minorista,Secano
true,1,5.5,79.3,50,68,false,false,true,false,false,false,false,Primaria incompleta,Hombre,SAN MARTIN,Selva,Secano,Venta,Consumidor final,Secano
false,2,75.17,98.06,20,40,false,false,false,false,false,false,false,Primaria incompleta,Hombre,SAN MARTIN,Selva,Secano,Venta,Comerciante minorista,Secano
true,2,4,1.97,19,57,false,false,false,false,false,false,true,Superior no universitaria completa,Hombre,SAN MARTIN,Selva,Secano,Autoconsumo,Consumidor final,Secano
true,3,26.57,98.58,33,52,false,true,true,false,false,false,false,Primaria completa,Hombre,SAN MARTIN,Selva,Secano,Venta,Comerciante minorista,Secano
true,2,11,95.94,39,58,false,false,true,false,false,false,false,Primaria completa,Hombre,SAN MARTIN,Selva,Secano,Venta,Comerciante minorista,Secano
true,1,6.6,67.46,13,37,false,false,true,false,false,false,true,Superior universitaria incompleta,Hombre,SAN MARTIN,Selva,Secano,Venta,Acopiador,Secano
true,4,129,98.47,46,64,false,false,true,false,false,false,false,Superior universitaria completa,Hombre,SAN MARTIN,Selva,Secano,Venta,Comerciante minorista,Secano
true,4,23,99.46,34,54,false,false,true,false,false,false,true,Secundaria completa,Hombre,SAN MARTIN,Selva,Secano,Venta,Comerciante minorista,Secano
true,2,0.83,0,15,35,false,true,true,false,false,false,false,Secundaria completa,Mujer,TACNA,Sierra,Gravedad,Otro,Sin ventas,Gravedad
true,1,6,100,3,31,false,false,true,false,false,false,false,Secundaria completa,Hombre,TACNA,Costa,Gravedad,Venta,Acopiador,Gravedad
true,1,3.23,100,8,42,false,false,false,false,false,false,false,Superior universitaria completa,Mujer,TACNA,Costa,Goteo,Venta,Acopiador,Goteo
false,1,7,97.22,15,40,false,true,true,false,false,false,false,Secundaria completa,Hombre,TACNA,Costa,Goteo,Venta,Acopiador,Goteo
true,1,2.5,96.71,3,52,false,false,true,false,false,false,false,Primaria completa,Hombre,TUMBES,Costa,Gravedad,Venta,Consumidor final,Gravedad
true,1,19,100,21,63,false,false,true,false,false,false,false,Superior universitaria completa,Hombre,TUMBES,Costa,Gravedad,Venta,Comerciante mayorista,Gravedad
true,3,4.6,99.86,8,38,false,false,true,false,false,false,false,Secundaria completa,Hombre,TUMBES,Costa,Gravedad,Venta,Acopiador,Gravedad
true,2,10,100,25,60,false,false,true,false,false,false,false,Secundaria completa,Hombre,TUMBES,Costa,Gravedad,Venta,Comerciante mayorista,Gravedad
true,1,2.8,100,20,62,false,false,true,false,false,false,false,Secundaria completa,Hombre,TUMBES,Costa,No especificado,Venta,Acopiador,No especificado
true,1,0.23,99.98,5,67,false,false,true,false,false,false,false,Secundaria incompleta,Hombre,TUMBES,Costa,Gravedad,Venta,Comerciante minorista,Gravedad
true,1,25,100,30,65,false,true,true,false,false,false,false,Primaria completa,Hombre,UCAYALI,Selva,Secano,Venta,Empresa/Agroindustria,Secano
true,4,5,95.45,30,49,false,false,true,false,false,false,false,Primaria completa,Hombre,AMAZONAS,Selva,Secano,Venta,Comerciante mayorista,Secano
true,2,0.74,44.99,4,44,false,false,false,false,false,false,false,Superior universitaria completa,Hombre,AMAZONAS,Selva,Gravedad,Autoconsumo,Consumidor final,Gravedad
true,1,3.8,92.31,13,53,false,false,true,false,false,false,false,Secundaria completa,Hombre,ANCASH,Costa,Gravedad,Venta,Acopiador,Gravedad
false,2,19.5,100,33,53,false,false,true,true,false,false,false,Secundaria completa,Hombre,ANCASH,Costa,Gravedad,Venta,Acopiador,Gravedad
true,1,3,100,5,46,false,false,true,true,false,false,false,Secundaria completa,Mujer,ANCASH,Costa,Gravedad,Venta,Acopiador,Gravedad
true,1,2.5,98.34,18,74,false,false,true,false,false,false,false,Superior universitaria completa,Mujer,ANCASH,Costa,Goteo,Venta,Comerciante mayorista,Goteo
true,2,1,0,22,41,false,false,false,false,false,false,false,Superior no universitaria completa,Hombre,ANCASH,Sierra,Secano,Autoconsumo,Sin ventas,Secano
true,2,1.8,99.19,39,57,false,false,true,false,false,false,false,Primaria incompleta,Hombre,ANCASH,Sierra,Goteo,Venta,Comerciante minorista,Goteo
false,2,0.08,0,2,24,false,false,false,false,false,false,false,Secundaria incompleta,Hombre,ANCASH,Sierra,Gravedad,Autoconsumo,Sin ventas,Gravedad
true,7,0.81,0,25,57,false,false,false,false,false,true,false,Superior no universitaria incompleta,Hombre,APURIMAC,Sierra,Aspersion,Autoconsumo,Sin ventas,Aspersion
true,1,0.52,0,30,66,false,false,true,false,false,false,false,Primaria completa,Hombre,APURIMAC,Sierra,Gravedad,Autoconsumo,Sin ventas,Gravedad
true,1,1.7,100,15,41,false,false,false,false,false,false,false,Superior no universitaria incompleta,Mujer,AREQUIPA,Costa,Gravedad,Venta,Comerciante mayorista,Gravedad
true,4,1.82,0,20,51,false,false,true,false,false,false,false,Secundaria completa,Hombre,AREQUIPA,Sierra,Gravedad,Otro,Sin ventas,Gravedad
true,4,16.37,70,30,62,false,false,true,false,false,false,false,Superior universitaria incompleta,Hombre,AREQUIPA,Sierra,Gravedad,Venta,Acopiador,Gravedad
true,3,1.32,100,20,43,false,false,true,false,false,false,false,Secundaria incompleta,Hombre,AREQUIPA,Sierra,Gravedad,Venta,Consumidor final,Gravedad
true,2,1.26,0,31,48,false,false,false,false,false,false,false,Superior no universitaria completa,Hombre,AREQUIPA,Costa,Gravedad,Otro,Sin ventas,Gravedad
true,2,3.1,99.48,3,46,false,false,true,false,false,false,false,Superior universitaria completa,Hombre,AREQUIPA,Costa,No especificado,Venta,Acopiador,No especificado
true,3,8.58,99.63,20,22,false,false,true,false,false,false,false,Superior universitaria incompleta,Hombre,AREQUIPA,Costa,Otro,Venta,Acopiador,Otro
true,1,3,0,20,60,false,false,true,false,false,false,false,Secundaria completa,Hombre,AREQUIPA,Costa,Aspersion,Otro,Sin ventas,Aspersion
true,1,2.97,100,50,76,false,false,true,false,false,false,false,Primaria incompleta,Hombre,AREQUIPA,Costa,Gravedad,Venta,Acopiador,Gravedad
false,1,2.2,99.57,10,42,false,false,true,false,false,false,false,Secundaria completa,Hombre,AYACUCHO,Selva,Secano,Venta,Acopiador,Secano
true,7,8.6,90.51,37,54,false,false,true,false,false,true,true,Primaria completa,Hombre,AYACUCHO,Sierra,Gravedad,Venta,Comerciante mayorista,Gravedad
false,2,1.75,97.75,7,55,false,false,true,false,false,false,false,Secundaria completa,Hombre,AYACUCHO,Sierra,Aspersion,Venta,Comerciante mayorista,Aspersion
false,1,2,95.65,18,53,false,false,true,false,false,true,false,Superior universitaria completa,Hombre,AYACUCHO,Sierra,Aspersion,Venta,Acopiador,Aspersion
true,6,2.63,91.2,36,59,false,false,false,false,false,false,true,Secundaria incompleta,Hombre,AYACUCHO,Sierra,Gravedad,Venta,Consumidor final,Gravedad
true,6,4.55,99.37,25,45,false,false,true,false,false,false,false,Secundaria completa,Hombre,AYACUCHO,Sierra,Secano,Venta,Comerciante mayorista,Secano
true,10,176.25,0,34,54,false,true,true,false,false,true,false,Secundaria incompleta,Mujer,AYACUCHO,Sierra,Gravedad,Autoconsumo,Sin ventas,Gravedad
true,4,24.6,2.18,10,43,false,false,true,false,false,false,false,Primaria incompleta,Hombre,CAJAMARCA,Sierra,Gravedad,Autoconsumo,Acopiador,Gravedad
true,11,1,0,28,56,false,false,false,false,false,false,false,Secundaria incompleta,Hombre,CUSCO,Sierra,Aspersion,Autoconsumo,Sin ventas,Aspersion
true,1,0.05,85.71,5,40,false,false,false,false,false,false,false,Primaria completa,Mujer,CUSCO,Sierra,Otro,Venta,Acopiador,Otro
true,3,0.46,0,38,55,false,false,true,false,false,false,false,Primaria incompleta,Hombre,CUSCO,Sierra,Aspersion,Otro,Sin ventas,Aspersion
true,4,6.42,100,30,59,false,true,true,false,false,true,true,Secundaria completa,Hombre,ICA,Costa,Goteo,Venta,Acopiador,Goteo
true,3,8.1,97.97,30,41,false,false,true,false,false,false,false,Secundaria completa,Hombre,ICA,Costa,Gravedad,Venta,Acopiador,Gravedad
true,1,17.14,99.85,30,61,false,false,true,false,false,false,false,Secundaria completa,Hombre,ICA,Costa,Goteo,Venta,Acopiador,Goteo
true,1,0.85,100,30,52,false,false,false,false,false,false,false,Secundaria completa,Hombre,ICA,Costa,Gravedad,Venta,Acopiador,Gravedad
true,2,6.44,97.73,10,50,false,false,true,false,false,false,false,Superior universitaria completa,Hombre,ICA,Costa,Gravedad,Venta,Acopiador,Gravedad
true,1,4,100,20,47,false,false,true,false,true,false,false,Superior universitaria completa,Hombre,ICA,Costa,Gravedad,Venta,Empresa/Agroindustria,Gravedad
true,3,5.2,99.46,7,25,false,false,true,false,false,false,true,Superior universitaria completa,Hombre,ICA,Costa,Gravedad,Venta,Empresa/Agroindustria,Gravedad
true,1,4.7,95,5,46,false,false,true,false,false,false,false,Secundaria completa,Hombre,JUNIN,Selva,Secano,Venta,Comerciante mayorista,Secano
true,1,5.54,100,20,52,false,false,true,false,false,false,false,Secundaria completa,Hombre,LAMBAYEQUE,Costa,Otro,Venta,Comerciante mayorista,Otro
true,2,1.3,97.87,20,50,false,false,true,false,false,false,false,Secundaria completa,Hombre,LIMA,Costa,Gravedad,Venta,Comerciante mayorista,Gravedad
false,4,1.73,95.63,50,71,false,true,true,false,false,false,false,Secundaria incompleta,Hombre,LIMA,Costa,Gravedad,Venta,Comerciante mayorista,Gravedad
true,2,4.8,100,10,54,false,false,true,false,false,false,false,Primaria completa,Hombre,LIMA,Costa,Gravedad,Venta,Acopiador,Gravedad
true,2,5.34,0,15,54,false,true,true,false,false,false,true,Superior universitaria completa,Hombre,LIMA,Costa,Gravedad,Otro,Sin ventas,Gravedad
true,5,11.6,100,11,43,false,false,true,false,false,false,false,Primaria incompleta,Hombre,LIMA,Costa,Gravedad,Venta,Comerciante mayorista,Gravedad
true,5,36.25,100,25,52,false,false,true,false,false,false,false,Secundaria completa,Hombre,LIMA,Costa,Gravedad,Venta,Comerciante mayorista,Gravedad
false,4,6.2,100,30,58,false,false,false,false,false,false,false,Secundaria incompleta,Hombre,LIMA,Sierra,Gravedad,Venta,Comerciante minorista,Gravedad
true,1,2.5,36.98,37,57,false,false,true,false,false,false,false,Secundaria completa,Hombre,LIMA,Costa,Gravedad,Autoconsumo,Acopiador,Gravedad
true,2,10.2,99.85,15,44,false,false,true,false,true,false,false,Superior universitaria completa,Hombre,LIMA,Costa,Gravedad,Venta,Comerciante mayorista,Gravedad
true,2,20.85,73.95,12,34,false,true,true,false,false,false,true,Secundaria incompleta,Hombre,LORETO,Selva,No especificado,Venta,Comerciante mayorista,No especificado
true,1,4.56,82.72,40,75,false,true,false,false,false,false,false,Secundaria completa,Hombre,PASCO,Selva,Secano,Venta,Comerciante mayorista,Secano
true,3,1.52,0,4,26,false,false,true,false,false,false,false,Secundaria completa,Hombre,PASCO,Sierra,Gravedad,Otro,Sin ventas,Gravedad
true,1,5.5,0,27,81,false,false,false,false,false,false,false,Superior universitaria completa,Hombre,PIURA,Costa,Secano,Otro,Sin ventas,Secano
true,2,5.5,86.96,35,66,false,false,true,false,false,false,false,Primaria incompleta,Hombre,PIURA,Costa,Secano,Venta,Comerciante minorista,Secano
true,3,2.25,97.47,2,50,false,false,true,false,false,false,false,Primaria completa,Hombre,PIURA,Costa,Gravedad,Venta,Acopiador,Gravedad
true,2,1.87,0,35,62,false,false,false,false,false,false,false,Primaria incompleta,Hombre,PIURA,Costa,Secano,Otro,Sin ventas,Secano
true,1,0.75,0,35,61,false,false,true,false,false,false,false,Primaria incompleta,Mujer,PIURA,Costa,Gravedad,Autoconsumo,Sin ventas,Gravedad
true,1,0.75,93.94,3,48,false,false,true,false,false,false,false,Primaria completa,Mujer,PIURA,Costa,Gravedad,Venta,Acopiador,Gravedad
true,3,3,6.31,5,39,false,false,true,false,false,false,false,Superior no universitaria completa,Hombre,PIURA,Costa,Gravedad,Autoconsumo,Comerciante mayorista,Gravedad
true,4,21.35,0,18,39,false,false,true,false,false,false,false,Secundaria incompleta,Mujer,PUNO,Sierra,Secano,Otro,Sin ventas,Secano
true,12,11.67,0,10,41,false,true,true,false,false,false,false,Superior no universitaria completa,Hombre,PUNO,Sierra,Secano,Autoconsumo,Sin ventas,Secano
true,8,28.5,0,35,68,false,false,true,false,false,false,false,Primaria incompleta,Hombre,PUNO,Sierra,Secano,Autoconsumo,Sin ventas,Secano
true,43,1.07,0,23,45,false,false,true,false,false,true,false,Primaria completa,Mujer,PUNO,Sierra,Secano,Autoconsumo,Sin ventas,Secano
true,1,6,0,12,32,false,false,false,false,false,false,false,Primaria completa,Hombre,SAN MARTIN,Selva,Secano,Otro,Sin ventas,Secano
true,2,4.22,14.22,45,63,false,false,true,false,false,false,false,Primaria completa,Hombre,SAN MARTIN,Selva,Gravedad,Autoconsumo,Acopiador,Gravedad
true,1,5.5,100,20,42,false,false,false,false,false,false,false,Primaria incompleta,Hombre,SAN MARTIN,Selva,No especificado,Venta,Acopiador,No especificado
true,1,2,6.54,9,32,false,false,true,false,false,false,false,Secundaria incompleta,Hombre,SAN MARTIN,Selva,Secano,Autoconsumo,Empresa/Agroindustria,Secano
true,1,16,3.83,40,61,false,false,true,false,false,false,false,Secundaria incompleta,Hombre,SAN MARTIN,Selva,Secano,Autoconsumo,Comerciante mayorista,Secano
true,6,4.46,99.6,25,53,false,false,true,false,false,false,false,Primaria completa,Hombre,TACNA,Sierra,Gravedad,Venta,Consumidor final,Gravedad
true,4,6,100,30,50,false,false,true,false,false,false,false,Superior no universitaria completa,Hombre,TACNA,Costa,Gravedad,Venta,Acopiador,Gravedad
true,2,10.9,100,20,43,false,false,true,true,false,false,false,Secundaria completa,Hombre,TUMBES,Costa,Gravedad,Venta,Acopiador,Gravedad
true,3,7,100,8,56,false,false,true,false,false,false,false,Primaria completa,Hombre,TUMBES,Costa,Gravedad,Venta,Acopiador,Gravedad
true,2,7.4,99.99,25,42,false,false,true,false,false,false,false,Primaria incompleta,Hombre,TUMBES,Costa,Gravedad,Venta,Acopiador,Gravedad
true,1,2.2,100,10,54,false,false,true,false,false,false,false,Secundaria completa,Hombre,TUMBES,Costa,No especificado,Venta,Acopiador,No especificado
true,2,25,97.37,20,41,false,false,true,false,false,false,false,Secundaria incompleta,Hombre,UCAYALI,Selva,Secano,Venta,Comerciante mayorista,Secano
true,2,170,98.66,23,45,false,false,true,false,false,false,false,Primaria completa,Hombre,UCAYALI,Selva,Secano,Venta,Comerciante mayorista,Secano
true,4,61,71.89,18,38,false,false,true,false,false,false,false,Primaria completa,Hombre,AMAZONAS,Sierra,Secano,Venta,Comerciante minorista,Secano
true,3,31,95.67,40,63,false,true,true,false,false,false,false,Primaria completa,Hombre,AMAZONAS,Sierra,Secano,Venta,Acopiador,Secano
false,4,2.21,3.33,16,36,false,false,false,false,false,false,false,Secundaria completa,Hombre,ANCASH,Sierra,Gravedad,Autoconsumo,Acopiador,Gravedad
true,7,4,98.96,20,41,false,false,true,false,false,false,false,Primaria completa,Hombre,APURIMAC,Sierra,Gravedad,Venta,Comerciante mayorista,Gravedad
true,10,19.65,0,15,46,false,false,false,false,false,false,false,Secundaria completa,Mujer,APURIMAC,Sierra,Aspersion,Autoconsumo,Sin ventas,Aspersion
true,3,0.78,100,30,65,false,false,false,false,false,false,false,Primaria completa,Hombre,AREQUIPA,Sierra,Gravedad,Venta,Comerciante minorista,Gravedad
true,3,0.83,0,30,50,false,false,false,false,false,false,false,Secundaria incompleta,Hombre,AREQUIPA,Sierra,Gravedad,Otro,Sin ventas,Gravedad
true,2,3.47,99.77,25,62,false,true,true,false,false,false,false,Superior no universitaria completa,Hombre,AREQUIPA,Costa,Gravedad,Venta,Acopiador,Gravedad
true,2,5.53,99.84,40,71,false,false,true,false,false,false,false,Superior universitaria completa,Mujer,AREQUIPA,Sierra,Gravedad,Venta,Acopiador,Gravedad
true,1,1.32,100,3,62,false,false,true,false,false,false,true,Primaria incompleta,Mujer,AREQUIPA,Sierra,Gravedad,Venta,Acopiador,Gravedad
true,1,0.09,0,30,56,false,false,false,false,false,false,false,Primaria completa,Mujer,AREQUIPA,Sierra,Gravedad,Otro,Sin ventas,Gravedad
true,2,2,0,25,47,false,false,false,false,false,false,false,Primaria incompleta,Hombre,AREQUIPA,Costa,Gravedad,Otro,Sin ventas,Gravedad
true,2,6.11,99.79,40,58,false,false,true,false,false,false,false,Superior no universitaria completa,Hombre,AREQUIPA,Costa,Gravedad,Venta,Acopiador,Gravedad
true,5,15.18,83.74,10,55,false,false,false,false,false,false,true,Secundaria completa,Hombre,AREQUIPA,Costa,Gravedad,Venta,Acopiador,Gravedad
true,3,3.63,99.91,30,55,false,false,true,false,false,false,false,Secundaria completa,Hombre,AREQUIPA,Costa,Gravedad,Venta,Acopiador,Gravedad
false,7,31.72,25.66,35,54,false,false,false,false,false,false,false,Primaria completa,Hombre,AYACUCHO,Sierra,Aspersion,Autoconsumo,Consumidor final,Aspersion
true,4,3.65,17.32,20,43,false,false,true,false,false,true,false,Primaria completa,Hombre,AYACUCHO,Sierra,Aspersion,Autoconsumo,Acopiador,Aspersion
true,5,7.27,87.93,25,50,false,false,true,false,false,false,false,Primaria incompleta,Hombre,AYACUCHO,Sierra,Aspersion,Venta,Comerciante mayorista,Aspersion
false,2,3.35,0,45,70,false,false,false,false,false,false,false,Secundaria completa,Hombre,AYACUCHO,Sierra,Gravedad,Autoconsumo,Sin ventas,Gravedad
true,3,8,8.44,40,61,false,false,true,false,false,false,false,Primaria completa,Hombre,CAJAMARCA,Selva,Secano,Autoconsumo,Comerciante mayorista,Secano
true,1,2,53.33,35,59,false,false,false,false,false,false,false,Secundaria completa,Hombre,CAJAMARCA,Sierra,Secano,Venta,Comerciante mayorista,Secano
true,6,3.5,87.01,35,56,false,false,true,false,false,false,false,Primaria completa,Hombre,CAJAMARCA,Costa,Gravedad,Venta,Comerciante mayorista,Gravedad
true,2,4.5,100,15,38,false,false,true,false,false,false,false,Secundaria completa,Hombre,CAJAMARCA,Costa,Gravedad,Venta,Consumidor final,Gravedad
true,4,5.25,0,30,48,false,false,false,false,false,false,false,Primaria completa,Hombre,CAJAMARCA,Sierra,Aspersion,Autoconsumo,Sin ventas,Aspersion
false,2,1.85,90,25,49,false,false,true,false,false,false,false,Primaria completa,Mujer,CUSCO,Selva,Secano,Venta,Acopiador,Secano
true,7,1.09,93.23,40,62,false,false,true,false,false,false,false,Secundaria completa,Hombre,CUSCO,Sierra,Secano,Venta,Comerciante minorista,Secano
true,1,4.5,99.87,25,60,false,false,true,false,false,false,false,Primaria incompleta,Hombre,CUSCO,Sierra,Gravedad,Venta,Acopiador,Gravedad
true,3,42,33.03,15,53,false,false,true,false,false,false,false,Primaria incompleta,Hombre,HUANUCO,Selva,Secano,Autoconsumo,Comerciante mayorista,Secano
true,1,114,99.9,50,78,false,true,true,false,false,false,false,Primaria completa,Hombre,HUANUCO,Selva,Secano,Venta,Empresa/Agroindustria,Secano
true,5,1.53,55.05,40,60,false,false,false,false,false,false,false,Sin nivel,Mujer,HUANUCO,Sierra,No especificado,Venta,Acopiador,No especificado
true,1,3.8,100,3,46,false,false,true,false,false,false,false,Secundaria completa,Mujer,ICA,Costa,No especificado,Venta,Acopiador,No especificado
true,9,4.25,85.37,12,41,false,false,true,false,false,false,false,Primaria completa,Mujer,JUNIN,Sierra,Gravedad,Venta,Acopiador,Gravedad
true,5,5.4,96.65,22,44,false,false,true,false,false,false,false,Secundaria incompleta,Hombre,JUNIN,Sierra,Gravedad,Venta,Acopiador,Gravedad
true,5,3.49,100,40,59,false,false,true,false,false,false,false,Secundaria completa,Hombre,JUNIN,Sierra,Gravedad,Venta,Comerciante mayorista,Gravedad
true,2,3,75.56,23,36,false,true,true,false,false,false,false,Primaria incompleta,Hombre,LA LIBERTAD,Sierra,Gravedad,Venta,Comerciante minorista,Gravedad
true,1,0.98,96.43,14,34,false,false,true,false,false,false,false,Secundaria incompleta,Mujer,LAMBAYEQUE,Costa,Gravedad,Venta,Comerciante mayorista,Gravedad
true,3,7,92.54,30,62,false,false,true,false,false,false,true,Secundaria incompleta,Hombre,LAMBAYEQUE,Costa,Gravedad,Venta,Acopiador,Gravedad
true,1,14,100,10,59,false,false,true,false,false,false,false,Secundaria completa,Hombre,LAMBAYEQUE,Costa,Gravedad,Venta,Comerciante mayorista,Gravedad
true,2,4,97.89,40,67,false,false,true,false,false,false,false,Secundaria completa,Hombre,LIMA,Costa,Gravedad,Venta,Comerciante mayorista,Gravedad
true,1,14.2,100,15,56,false,false,false,false,false,false,false,Superior no universitaria completa,Hombre,LIMA,Costa,Gravedad,Venta,Comerciante mayorista,Gravedad
true,4,0.78,0,20,56,false,false,false,false,false,false,false,Secundaria completa,Hombre,LIMA,Sierra,Gravedad,Autoconsumo,Sin ventas,Gravedad
true,1,18,100,44,61,false,false,true,false,false,false,true,Primaria completa,Hombre,LORETO,Selva,Secano,Venta,Empresa/Agroindustria,Secano
true,1,29,100,23,43,false,false,true,false,false,false,false,Secundaria incompleta,Hombre,MADRE DE DIOS,Selva,Secano,Venta,Comerciante mayorista,Secano
false,3,150,0,33,57,false,true,false,false,false,false,false,Primaria incompleta,Hombre,MADRE DE DIOS,Selva,Secano,Otro,Sin ventas,Secano
true,2,45,95.42,17,37,false,true,false,false,false,false,false,Secundaria incompleta,Hombre,MADRE DE DIOS,Selva,Secano,Venta,Acopiador,Secano
true,3,4.5,100,8,26,false,false,false,false,false,false,false,Superior universitaria incompleta,Hombre,PASCO,Selva,Secano,Venta,Comerciante mayorista,Secano
true,3,1,93.55,40,60,false,false,true,true,false,false,false,Secundaria completa,Hombre,PIURA,Costa,Gravedad,Venta,Acopiador,Gravedad
true,4,42.5,97.5,50,71,false,false,true,false,false,false,false,Secundaria completa,Hombre,PIURA,Costa,Mangas,Venta,Acopiador,Mangas
true,1,3,100,37,55,false,false,false,false,false,false,false,Secundaria completa,Hombre,PIURA,Costa,Gravedad,Venta,Empresa/Agroindustria,Gravedad
true,3,4,100,33,58,false,false,true,false,false,false,false,Primaria completa,Hombre,PIURA,Costa,Gravedad,Venta,Comerciante mayorista,Gravedad
true,1,1,60,29,42,false,false,true,false,false,false,false,Primaria completa,Hombre,PIURA,Costa,No especificado,Venta,Comerciante mayorista,No especificado
true,2,35.39,0,45,48,false,true,true,false,false,false,false,Primaria completa,Hombre,PUNO,Sierra,Gravedad,Autoconsumo,Sin ventas,Gravedad
true,1,19,68.75,45,65,false,false,true,false,false,false,false,Primaria completa,Hombre,SAN MARTIN,Selva,Secano,Venta,Acopiador,Secano
true,7,11.4,99.13,20,46,false,false,true,false,false,false,false,Secundaria completa,Hombre,SAN MARTIN,Selva,Secano,Venta,Acopiador,Secano
true,1,1.2,100,11,40,false,false,false,false,false,false,false,Superior no universitaria completa,Hombre,SAN MARTIN,Selva,Secano,Venta,Consumidor final,Secano
true,2,6.19,88.13,7,28,false,false,true,false,false,false,false,Secundaria completa,Mujer,SAN MARTIN,Selva,Secano,Venta,Comerciante minorista,Secano
true,2,21,99.99,3,36,false,false,true,false,false,false,true,Secundaria completa,Hombre,TACNA,Costa,Gravedad,Venta,Comerciante mayorista,Gravedad
true,1,10,99.64,10,58,false,true,true,false,false,false,false,Secundaria completa,Hombre,TACNA,Costa,Goteo,Venta,Acopiador,Goteo
true,1,20,99.87,25,79,false,false,true,false,false,false,true,Primaria completa,Hombre,TACNA,Costa,Goteo,Venta,Acopiador,Goteo
true,5,22,100,20,46,false,false,true,false,false,false,false,Secundaria completa,Hombre,TUMBES,Costa,Gravedad,Venta,Acopiador,Gravedad
true,1,8,0,20,43,false,false,true,true,false,false,false,Primaria completa,Hombre,AMAZONAS,Selva,Gravedad,Otro,Sin ventas,Gravedad
true,6,21.5,100,32,32,false,true,true,false,false,false,true,Primaria completa,Hombre,AMAZONAS,Selva,Secano,Venta,Acopiador,Secano
true,6,38,0,18,38,false,false,true,false,false,false,false,Secundaria completa,Hombre,AMAZONAS,Sierra,Secano,Otro,Sin ventas,Secano
false,2,10,35.9,30,71,false,false,false,false,false,false,false,Primaria completa,Hombre,AMAZONAS,Selva,Secano,Autoconsumo,Comerciante mayorista,Secano
true,3,8,93.74,42,60,false,false,false,false,false,false,false,Primaria completa,Hombre,AMAZONAS,Sierra,Secano,Venta,Comerciante mayorista,Secano
true,1,8,0,28,49,false,false,true,false,false,false,false,Primaria completa,Hombre,AMAZONAS,Sierra,Secano,Otro,Sin ventas,Secano
true,7,7.85,99.71,55,73,false,false,true,false,false,false,false,Primaria completa,Hombre,AMAZONAS,Selva,Gravedad,Venta,Comerciante mayorista,Gravedad
true,5,1.23,0,25,50,false,false,false,false,false,false,false,Superior universitaria incompleta,Hombre,ANCASH,Sierra,Gravedad,Autoconsumo,Sin ventas,Gravedad
true,1,6.12,99.99,40,64,false,false,true,false,false,false,false,Superior universitaria completa,Hombre,ANCASH,Costa,Gravedad,Venta,Acopiador,Gravedad
true,6,0.82,95.24,29,47,false,false,false,false,false,false,false,Superior no universitaria incompleta,Hombre,ANCASH,Sierra,Gravedad,Venta,Consumidor final,Gravedad
true,5,2.95,71.11,35,65,false,false,false,false,false,false,false,Secundaria completa,Hombre,ANCASH,Sierra,Aspersion,Venta,Acopiador,Aspersion
true,5,8,86.1,40,61,false,false,false,false,false,false,false,Primaria incompleta,Hombre,ANCASH,Sierra,Gravedad,Venta,Comerciante minorista,Gravedad
true,1,9,98.82,40,63,false,false,true,false,false,false,false,Primaria completa,Mujer,ANCASH,Costa,Gravedad,Venta,Comerciante mayorista,Gravedad
true,1,8,92.86,35,76,false,false,true,false,false,false,false,Secundaria incompleta,Hombre,AREQUIPA,Costa,Gravedad,Venta,Acopiador,Gravedad
true,1,20,100,16,34,false,false,true,false,false,false,false,Secundaria completa,Hombre,AREQUIPA,Costa,Gravedad,Venta,Acopiador,Gravedad
true,5,1.6,93.75,5,33,false,false,true,false,false,false,false,Secundaria completa,Mujer,AREQUIPA,Sierra,Gravedad,Venta,Acopiador,Gravedad
true,5,6.3,96.77,20,57,false,true,true,false,false,false,false,Secundaria completa,Mujer,AREQUIPA,Sierra,Gravedad,Venta,Acopiador,Gravedad
true,7,17.5,100,27,47,false,false,true,false,false,false,false,Superior universitaria completa,Hombre,AREQUIPA,Sierra,Gravedad,Venta,Comerciante mayorista,Gravedad
false,1,4.46,100,25,84,false,false,true,false,false,false,false,Primaria incompleta,Hombre,AREQUIPA,Costa,Gravedad,Venta,Acopiador,Gravedad
true,2,0.99,97.5,5,43,false,false,true,false,false,false,false,Sin nivel,Mujer,AREQUIPA,Costa,Otro,Venta,Acopiador,Otro
true,1,5.5,100,40,60,false,false,true,false,false,false,true,Superior universitaria completa,Hombre,AREQUIPA,Costa,Gravedad,Venta,Acopiador,Gravedad
true,1,8.75,85.85,42,61,false,false,true,false,false,false,false,Primaria incompleta,Hombre,AYACUCHO,Selva,Secano,Venta,Comerciante minorista,Secano
true,6,2.6,89.92,17,41,false,false,true,false,false,false,false,Secundaria incompleta,Hombre,AYACUCHO,Sierra,Aspersion,Venta,Comerciante minorista,Aspersion
true,11,6.31,52.05,35,55,false,false,true,false,false,true,false,Secundaria completa,Hombre,AYACUCHO,Sierra,Gravedad,Venta,Acopiador,Gravedad
true,3,4.5,0,48,60,false,false,true,false,false,false,false,Superior no universitaria completa,Hombre,AYACUCHO,Sierra,Aspersion,Otro,Sin ventas,Aspersion
true,1,2,100,25,56,false,false,false,false,false,false,false,Superior no universitaria incompleta,Hombre,CAJAMARCA,Selva,Secano,Venta,Comerciante minorista,Secano
true,3,9.48,92.36,45,63,false,false,true,false,false,false,false,Primaria incompleta,Mujer,CAJAMARCA,Selva,Secano,Venta,Comerciante mayorista,Secano
true,3,4,41.11,25,42,false,true,true,false,false,false,false,Secundaria incompleta,Hombre,CAJAMARCA,Selva,Secano,Autoconsumo,Asociación/Cooperativa,Secano
true,3,14,0,28,46,false,false,true,false,false,false,false,Primaria completa,Hombre,CAJAMARCA,Sierra,Secano,Autoconsumo,Sin ventas,Secano
true,2,14.5,0,18,39,false,false,false,false,false,false,false,Primaria completa,Hombre,CAJAMARCA,Sierra,Aspersion,Autoconsumo,Sin ventas,Aspersion
true,6,1.55,38.1,30,50,false,false,true,false,false,false,false,Sin nivel,Hombre,CUSCO,Sierra,Aspersion,Venta,Consumidor final,Aspersion
true,5,22.6,0,28,49,false,true,true,false,false,false,false,Secundaria completa,Hombre,CUSCO,Sierra,Aspersion,Otro,Sin ventas,Aspersion
true,1,69,100,41,57,false,false,true,false,false,false,false,Sin nivel,Hombre,HUANUCO,Selva,Secano,Venta,Acopiador,Secano
true,2,10.5,87.72,41,60,false,false,false,false,false,false,false,Primaria incompleta,Mujer,HUANUCO,Sierra,Gravedad,Venta,Comerciante mayorista,Gravedad
true,7,2.6,28.57,20,39,false,true,true,false,false,false,false,Secundaria completa,Hombre,HUANUCO,Sierra,Aspersion,Autoconsumo,Acopiador,Aspersion
true,3,3.35,98.93,40,67,false,true,true,false,false,false,true,Primaria completa,Hombre,ICA,Costa,Gravedad,Venta,Acopiador,Gravedad
true,2,3,100,6,57,false,false,true,false,false,false,false,Secundaria completa,Hombre,ICA,Costa,Gravedad,Venta,Acopiador,Gravedad
true,1,1.6,0,20,59,false,false,true,false,false,false,false,Superior no universitaria completa,Mujer,ICA,Costa,Gravedad,Otro,Sin ventas,Gravedad
true,1,5.5,100,10,40,false,false,true,false,false,false,false,Secundaria completa,Hombre,ICA,Costa,Gravedad,Venta,Acopiador,Gravedad
true,1,2,95.54,20,52,false,false,true,false,false,false,false,Secundaria completa,Mujer,ICA,Costa,Gravedad,Venta,Acopiador,Gravedad
true,1,8,100,12,36,false,false,true,false,false,false,false,Secundaria completa,Hombre,JUNIN,Selva,Secano,Venta,Comerciante mayorista,Secano
false,4,120,100,20,52,false,false,true,false,false,false,false,Superior universitaria incompleta,Hombre,JUNIN,Sierra,Secano,Venta,Acopiador,Secano
true,11,10.85,100,16,33,false,false,false,false,false,false,false,Secundaria completa,Hombre,JUNIN,Sierra,Aspersion,Venta,Comerciante mayorista,Aspersion
true,1,7.7,95.25,5,32,false,false,true,false,false,false,false,Secundaria completa,Hombre,JUNIN,Selva,Secano,Venta,Acopiador,Secano
true,6,1.75,0,28,49,false,false,true,false,false,false,false,Secundaria completa,Hombre,JUNIN,Sierra,Gravedad,Autoconsumo,Sin ventas,Gravedad
true,3,22,98.83,20,55,false,false,true,false,false,false,false,Primaria incompleta,Hombre,LA LIBERTAD,Costa,No especificado,Venta,Acopiador,No especificado
true,2,5.06,99.91,10,38,false,false,true,false,false,false,false,Secundaria completa,Hombre,LA LIBERTAD,Costa,Gravedad,Venta,Comerciante mayorista,Gravedad
true,2,3.2,62.64,10,31,false,false,true,false,false,false,false,Secundaria incompleta,Hombre,LAMBAYEQUE,Costa,Gravedad,Venta,Empresa/Agroindustria,Gravedad
true,1,2.1,65,40,63,false,false,true,false,false,false,false,Superior no universitaria incompleta,Hombre,LAMBAYEQUE,Costa,Gravedad,Venta,Comerciante mayorista,Gravedad
true,3,4.16,0,43,63,false,false,true,false,false,false,false,Primaria completa,Hombre,LAMBAYEQUE,Costa,Gravedad,Otro,Sin ventas,Gravedad
true,2,6,100,20,52,false,true,true,true,false,false,false,Secundaria completa,Hombre,LIMA,Costa,Gravedad,Venta,Comerciante mayorista,Gravedad
true,1,9.7,100,3,26,false,false,true,false,false,false,false,Superior universitaria completa,Hombre,LIMA,Costa,Aspersion,Venta,Comerciante mayorista,Aspersion
true,8,5,99.91,40,68,false,false,true,false,false,false,false,Superior universitaria incompleta,Hombre,LIMA,Costa,Gravedad,Venta,Comerciante mayorista,Gravedad
true,1,3.32,69.85,10,33,false,false,true,false,false,false,false,Superior no universitaria completa,Hombre,LIMA,Costa,Gravedad,Venta,Comerciante mayorista,Gravedad
false,2,48,72.56,23,58,false,false,true,false,false,false,false,Secundaria completa,Hombre,LORETO,Selva,Secano,Venta,Comerciante minorista,Secano
true,2,50,94.08,25,41,false,false,true,false,false,false,false,Superior universitaria completa,Hombre,LORETO,Selva,Secano,Venta,Comerciante minorista,Secano
true,2,496,0,33,53,false,true,false,false,false,false,false,Primaria completa,Hombre,MADRE DE DIOS,Selva,No especificado,Otro,Sin ventas,No especificado
true,5,0.68,97.37,8,25,false,true,true,false,false,false,true,Superior universitaria completa,Hombre,MOQUEGUA,Sierra,Goteo,Venta,Acopiador,Goteo
false,3,0.3,79.27,20,57,false,false,true,false,false,false,false,Superior universitaria completa,Hombre,MOQUEGUA,Sierra,Gravedad,Venta,Consumidor final,Gravedad
true,1,103.29,0,20,52,false,true,true,false,false,false,false,Secundaria completa,Hombre,PASCO,Selva,Secano,Otro,Sin ventas,Secano
true,2,8.9,96.77,41,66,false,false,true,false,false,false,false,Secundaria incompleta,Hombre,PIURA,Costa,Gravedad,Venta,Acopiador,Gravedad
true,4,2.35,98.27,26,56,false,false,false,false,false,false,false,Secundaria incompleta,Hombre,PIURA,Costa,Gravedad,Venta,Comerciante minorista,Gravedad
true,2,3.4,98.49,13,53,false,false,false,false,false,true,false,Primaria completa,Hombre,PUNO,Selva,Secano,Venta,Consumidor final,Secano
false,2,20,0,40,67,false,false,true,false,false,false,false,Primaria incompleta,Mujer,PUNO,Sierra,Secano,Otro,Sin ventas,Secano
false,5,8.72,0,22,46,false,false,true,false,false,false,false,Primaria completa,Hombre,PUNO,Sierra,Secano,Otro,Sin ventas,Secano
true,8,61.3,100,30,55,false,false,true,true,false,false,false,Secundaria completa,Hombre,SAN MARTIN,Selva,Gravedad,Venta,Acopiador,Gravedad
true,3,10.05,100,43,61,false,false,true,false,false,false,false,Primaria incompleta,Hombre,SAN MARTIN,Selva,Gravedad,Venta,Acopiador,Gravedad
true,2,8,100,32,50,false,false,true,false,false,true,true,Primaria incompleta,Hombre,SAN MARTIN,Selva,Gravedad,Venta,Acopiador,Gravedad
true,3,3.1,97.41,36,55,false,false,false,false,false,false,false,Superior universitaria incompleta,Hombre,SAN MARTIN,Selva,Secano,Venta,Acopiador,Secano
false,1,8.75,4.75,47,65,false,false,true,false,false,false,false,Primaria incompleta,Hombre,SAN MARTIN,Selva,Secano,Autoconsumo,Acopiador,Secano
true,1,38,93.87,24,60,false,false,true,false,false,false,false,Secundaria completa,Mujer,SAN MARTIN,Selva,Secano,Venta,Comerciante minorista,Secano
true,1,9,100,25,46,false,false,false,false,false,false,false,Secundaria completa,Hombre,SAN MARTIN,Selva,Secano,Venta,Acopiador,Secano
false,2,60,100,21,41,false,false,false,false,false,false,false,Secundaria incompleta,Mujer,SAN MARTIN,Selva,Secano,Venta,Comerciante minorista,Secano
true,3,1.96,81.12,28,72,false,false,true,false,false,false,true,Primaria completa,Hombre,SAN MARTIN,Selva,Secano,Venta,Consumidor final,Secano
true,9,5.23,100,30,52,false,false,true,false,false,false,false,Superior universitaria incompleta,Hombre,TACNA,Sierra,Gravedad,Venta,Acopiador,Gravedad
true,5,3.14,95.67,43,66,false,true,true,false,false,false,false,Primaria incompleta,Hombre,TACNA,Sierra,Gravedad,Venta,Acopiador,Gravedad
true,2,1.18,80,3,20,false,true,true,false,false,false,true,Secundaria completa,Mujer,TACNA,Sierra,Gravedad,Venta,Comerciante mayorista,Gravedad
true,7,9,100,6,28,false,true,true,false,false,false,false,Secundaria incompleta,Mujer,TACNA,Costa,Gravedad,Venta,Consumidor final,Gravedad
true,1,3,98.25,20,63,false,true,true,false,false,false,false,Primaria incompleta,Mujer,TACNA,Costa,Goteo,Venta,Acopiador,Goteo
true,2,20,99.79,33,56,false,false,true,false,false,false,false,Superior universitaria completa,Hombre,TACNA,Costa,Goteo,Venta,Acopiador,Goteo
true,1,8.5,99.99,3,39,false,false,true,false,false,false,false,Primaria completa,Hombre,TUMBES,Costa,Gravedad,Venta,Acopiador,Gravedad
true,1,1.4,100,50,92,false,true,true,true,false,false,false,Primaria completa,Hombre,TUMBES,Costa,Gravedad,Venta,Acopiador,Gravedad
false,1,1,100,6,47,false,false,false,false,false,false,false,Primaria completa,Hombre,UCAYALI,Selva,Secano,Otro,Acopiador,Secano
true,1,200,100,25,45,false,false,true,false,false,false,false,Primaria completa,Hombre,AMAZONAS,Selva,Secano,Venta,Consumidor final,Secano
true,5,6.75,64.59,11,35,false,true,true,false,true,false,false,Superior no universitaria completa,Hombre,AMAZONAS,Selva,Secano,Venta,Comerciante mayorista,Secano
true,2,2.75,0,36,54,false,false,false,false,false,false,false,Primaria completa,Hombre,AMAZONAS,Selva,Secano,Autoconsumo,Sin ventas,Secano
true,8,19.49,99.02,37,63,false,false,true,false,false,false,true,Superior no universitaria completa,Mujer,AMAZONAS,Selva,Secano,Venta,Comerciante minorista,Secano
true,1,2.5,100,46,62,false,false,true,false,false,false,false,Primaria incompleta,Hombre,ANCASH,Costa,No especificado,Venta,Acopiador,No especificado
true,4,2.74,92.98,20,40,false,false,true,false,false,false,false,Secundaria incompleta,Mujer,APURIMAC,Sierra,Gravedad,Venta,Comerciante minorista,Gravedad
true,2,5.53,0,40,66,false,false,true,false,false,false,false,Primaria incompleta,Hombre,APURIMAC,Sierra,Secano,Otro,Sin ventas,Secano
true,5,4.79,50,21,44,false,true,false,false,false,false,true,Superior no universitaria incompleta,Hombre,AREQUIPA,Sierra,Gravedad,Venta,Consumidor final,Gravedad
true,1,5.7,100,40,67,false,false,true,false,false,false,true,Secundaria completa,Hombre,AREQUIPA,Costa,Gravedad,Venta,Comerciante minorista,Gravedad
true,3,7.2,100,30,55,false,true,true,false,false,false,false,Secundaria completa,Hombre,AREQUIPA,Sierra,Gravedad,Venta,Comerciante mayorista,Gravedad
true,2,4.98,99.96,8,57,false,false,true,false,false,false,false,Secundaria completa,Hombre,AREQUIPA,Costa,Gravedad,Venta,Comerciante minorista,Gravedad
true,1,1.32,99.26,43,83,false,false,true,false,false,false,false,Primaria incompleta,Hombre,AREQUIPA,Costa,Gravedad,Venta,Acopiador,Gravedad
true,1,7,100,15,63,false,false,true,false,false,false,false,Superior universitaria completa,Hombre,AREQUIPA,Costa,Goteo,Venta,Comerciante minorista,Goteo
true,2,4.13,98.88,20,68,false,false,true,false,false,false,false,Secundaria incompleta,Hombre,AREQUIPA,Costa,Otro,Venta,Acopiador,Otro
true,1,3.9,100,20,30,false,false,true,false,false,false,false,Secundaria completa,Hombre,AREQUIPA,Costa,Gravedad,Venta,Acopiador,Gravedad
false,2,17.5,39.03,46,75,false,true,false,false,false,false,false,Superior universitaria completa,Hombre,AYACUCHO,Selva,Secano,Autoconsumo,Consumidor final,Secano
true,2,12.29,100,40,65,false,false,false,false,false,false,false,Primaria completa,Hombre,AYACUCHO,Selva,Secano,Venta,Comerciante minorista,Secano
true,8,6.15,77.06,20,43,false,true,true,false,false,false,false,Superior universitaria incompleta,Hombre,AYACUCHO,Sierra,Aspersion,Venta,Comerciante mayorista,Aspersion
true,6,2.25,91.53,20,40,false,false,true,false,false,false,false,Primaria incompleta,Mujer,AYACUCHO,Sierra,Aspersion,Venta,Comerciante mayorista,Aspersion
true,2,1.12,84.62,32,57,false,false,true,false,false,false,true,Secundaria completa,Hombre,AYACUCHO,Sierra,Gravedad,Venta,Acopiador,Gravedad
true,8,3.88,9.62,10,56,false,false,false,false,false,false,false,Primaria incompleta,Hombre,AYACUCHO,Sierra,Secano,Autoconsumo,Consumidor final,Secano
true,3,63,99.87,25,44,false,false,true,false,false,false,false,Primaria completa,Hombre,CAJAMARCA,Selva,Gravedad,Venta,Comerciante mayorista,Gravedad
true,6,2.6,99.95,42,73,false,false,true,false,false,false,false,Primaria incompleta,Mujer,CAJAMARCA,Sierra,Gravedad,Venta,Consumidor final,Gravedad
true,2,0.65,45.15,10,65,false,false,false,false,false,false,false,Secundaria completa,Hombre,CAJAMARCA,Sierra,Secano,Autoconsumo,Comerciante minorista,Secano
true,3,32,0,36,57,false,false,false,false,false,false,false,Primaria incompleta,Hombre,CAJAMARCA,Sierra,Secano,Otro,Sin ventas,Secano
true,1,77,1.19,7,40,false,false,true,false,false,false,false,Secundaria completa,Hombre,CUSCO,Selva,Secano,Autoconsumo,Acopiador,Secano
true,5,2.89,100,29,54,false,true,true,false,false,false,false,Secundaria completa,Hombre,CUSCO,Sierra,Gravedad,Venta,Comerciante mayorista,Gravedad
false,4,1.17,95.36,13,31,false,false,true,false,false,false,false,Secundaria completa,Mujer,CUSCO,Sierra,Secano,Venta,Consumidor final,Secano
false,3,7,72.41,13,41,false,false,true,false,false,false,false,Superior no universitaria completa,Hombre,CUSCO,Sierra,Gravedad,Venta,Comerciante minorista,Gravedad
true,3,115,84.51,33,52,false,false,true,false,false,false,false,Secundaria completa,Mujer,CUSCO,Sierra,Secano,Venta,Comerciante minorista,Secano
true,2,79,100,25,50,false,false,true,false,false,false,false,Primaria completa,Mujer,HUANUCO,Selva,Gravedad,Venta,Acopiador,Gravedad
false,1,0.5,95.56,28,44,false,false,false,false,false,false,false,Inicial,Mujer,HUANUCO,Sierra,Gravedad,Venta,Acopiador,Gravedad
true,2,13,100,49,72,false,false,true,false,false,false,false,Primaria incompleta,Hombre,ICA,Costa,No especificado,Venta,Acopiador,No especificado
true,2,12.5,100,16,54,false,false,true,false,false,false,false,Secundaria completa,Hombre,ICA,Costa,Gravedad,Venta,Empresa/Agroindustria,Gravedad
true,1,4,62.79,3,35,false,false,true,false,false,false,false,Secundaria completa,Hombre,ICA,Costa,Gravedad,Venta,Acopiador,Gravedad
true,2,4,80.64,10,49,false,false,true,false,false,false,false,Secundaria completa,Hombre,ICA,Costa,Gravedad,Venta,Acopiador,Gravedad
true,5,8.27,98.56,25,44,false,false,false,false,false,false,false,Secundaria completa,Mujer,ICA,Costa,Gravedad,Venta,Acopiador,Gravedad
true,2,5.53,0,15,42,false,false,true,false,false,false,false,Secundaria completa,Hombre,ICA,Costa,Gravedad,Otro,Sin ventas,Gravedad
false,3,25,100,7,43,false,true,true,false,false,false,false,Superior universitaria completa,Hombre,JUNIN,Selva,Secano,Venta,Asociación/Cooperativa,Secano
true,14,5.87,80.43,28,47,false,false,false,false,false,false,true,Primaria completa,Hombre,JUNIN,Sierra,Aspersion,Venta,Comerciante mayorista,Aspersion
true,2,180,100,40,67,false,false,false,false,false,false,false,Primaria incompleta,Mujer,JUNIN,Selva,Secano,Venta,Acopiador,Secano
true,2,10.25,100,25,44,false,false,true,false,false,false,true,Secundaria completa,Hombre,JUNIN,Selva,Secano,Venta,Comerciante mayorista,Secano
true,5,1.5,100,10,32,false,true,true,false,false,false,false,Superior no universitaria completa,Mujer,JUNIN,Sierra,Gravedad,Venta,Comerciante minorista,Gravedad
true,5,0.21,0,5,31,false,false,true,false,false,false,false,Secundaria completa,Hombre,JUNIN,Sierra,Gravedad,Otro,Sin ventas,Gravedad
true,1,0.25,0,15,56,false,false,true,false,false,false,false,Primaria incompleta,Hombre,JUNIN,Sierra,Secano,Otro,Sin ventas,Secano
true,3,3,0,30,49,false,false,true,false,false,false,false,Secundaria completa,Hombre,JUNIN,Sierra,Gravedad,Otro,Sin ventas,Gravedad
true,1,4.37,0,10,57,false,false,true,false,false,false,false,Secundaria completa,Hombre,LA LIBERTAD,Costa,Gravedad,Autoconsumo,Sin ventas,Gravedad
true,6,10.3,79.2,30,56,false,false,true,false,false,false,false,Primaria completa,Hombre,LA LIBERTAD,Sierra,Secano,Venta,Acopiador,Secano
true,3,10.6,99.53,26,41,false,false,true,false,false,false,false,Superior no universitaria completa,Hombre,LAMBAYEQUE,Costa,Gravedad,Venta,Empresa/Agroindustria,Gravedad
true,1,4.7,100,40,69,false,false,true,false,false,false,false,Primaria incompleta,Hombre,LAMBAYEQUE,Costa,No especificado,Venta,Empresa/Agroindustria,No especificado
true,1,12,100,26,47,false,false,true,false,false,false,false,Primaria completa,Hombre,LAMBAYEQUE,Costa,Goteo,Venta,Acopiador,Goteo
true,6,9,57.14,30,56,false,false,false,false,false,false,false,Superior universitaria completa,Hombre,LIMA,Sierra,Gravedad,Venta,Comerciante minorista,Gravedad
true,1,18.6,100,30,66,false,false,true,false,false,false,true,Superior no universitaria completa,Hombre,LIMA,Costa,Goteo,Venta,Empresa/Agroindustria,Goteo
false,2,3,99.63,37,60,false,false,false,false,false,false,false,Primaria completa,Hombre,LIMA,Costa,Gravedad,Venta,Comerciante mayorista,Gravedad
true,2,49,87.01,15,36,false,false,true,false,false,false,false,Primaria completa,Mujer,LORETO,Selva,Secano,Venta,Comerciante minorista,Secano
true,1,9,17.36,20,38,false,false,true,false,false,false,false,Secundaria completa,Hombre,LORETO,Selva,Gravedad,Autoconsumo,Comerciante mayorista,Gravedad
true,2,31,97.56,23,53,false,false,false,false,false,false,false,Secundaria incompleta,Hombre,MADRE DE DIOS,Selva,Secano,Venta,Comerciante minorista,Secano
true,2,122,42.86,20,56,false,false,false,false,false,false,false,Superior universitaria completa,Mujer,MADRE DE DIOS,Selva,Secano,Autoconsumo,Acopiador,Secano
true,9,1.5,10.43,24,39,false,false,true,false,false,false,false,Secundaria incompleta,Mujer,MOQUEGUA,Sierra,Gravedad,Autoconsumo,Consumidor final,Gravedad
true,3,3.96,83.77,38,62,false,false,true,false,false,false,false,Primaria completa,Hombre,MOQUEGUA,Sierra,Gravedad,Venta,Comerciante minorista,Gravedad
true,3,61.24,97.51,30,49,false,false,true,false,false,false,false,Secundaria incompleta,Hombre,PASCO,Sierra,Secano,Venta,Acopiador,Secano
true,8,4.75,93.5,31,47,false,false,true,false,false,false,false,Primaria incompleta,Hombre,PASCO,Sierra,Otro,Venta,Comerciante mayorista,Otro
true,4,20,95.31,20,50,false,false,true,false,false,false,false,Primaria incompleta,Mujer,PIURA,Costa,Secano,Venta,Comerciante mayorista,Secano
true,1,1.25,99.38,50,71,false,false,false,false,false,false,false,Primaria incompleta,Hombre,PIURA,Costa,Gravedad,Venta,Comerciante minorista,Gravedad
true,1,3,98.21,10,33,false,false,true,true,false,false,false,Primaria incompleta,Hombre,PIURA,Costa,Gravedad,Venta,Acopiador,Gravedad
true,1,54,100,25,56,false,false,true,false,false,false,false,Secundaria incompleta,Hombre,PIURA,Costa,Gravedad,Venta,Comerciante mayorista,Gravedad
true,2,2.4,76.92,39,62,false,false,true,false,false,false,false,Primaria incompleta,Hombre,PIURA,Costa,Gravedad,Venta,Comerciante minorista,Gravedad
true,4,3.6,97.96,20,60,false,false,true,true,false,false,false,Sin nivel,Hombre,PIURA,Costa,Gravedad,Venta,Acopiador,Gravedad
true,5,1.78,96.39,41,70,false,false,true,false,false,false,false,Primaria incompleta,Hombre,PIURA,Costa,Gravedad,Venta,Empresa/Agroindustria,Gravedad
true,12,4.04,65.79,27,51,false,false,true,false,false,false,false,Primaria completa,Mujer,PUNO,Sierra,Secano,Venta,Comerciante minorista,Secano
true,6,9.1,0,41,63,false,false,true,false,false,false,false,Primaria incompleta,Mujer,PUNO,Sierra,Secano,Otro,Sin ventas,Secano
true,10,36.46,0,50,67,false,false,true,false,false,false,false,Superior no universitaria completa,Hombre,PUNO,Sierra,Secano,Autoconsumo,Sin ventas,Secano
true,2,4.2,75.52,25,45,false,false,true,false,false,false,false,Secundaria incompleta,Mujer,SAN MARTIN,Selva,Gravedad,Venta,Acopiador,Gravedad
false,1,5.5,100,50,71,false,false,true,false,false,false,false,Primaria incompleta,Hombre,SAN MARTIN,Selva,Secano,Venta,Comerciante mayorista,Secano
true,1,12,0,21,51,false,false,true,false,false,false,true,Secundaria completa,Hombre,SAN MARTIN,Selva,Secano,Otro,Sin ventas,Secano
true,2,30,95.68,47,63,false,false,true,false,false,false,false,Primaria incompleta,Hombre,SAN MARTIN,Selva,Secano,Venta,Comerciante mayorista,Secano
true,2,22,9.56,21,39,false,false,true,false,false,false,false,Secundaria completa,Hombre,SAN MARTIN,Selva,Secano,Autoconsumo,Comerciante mayorista,Secano
true,4,51,100,45,67,false,false,false,false,false,false,false,Primaria incompleta,Mujer,SAN MARTIN,Selva,Gravedad,Venta,Comerciante mayorista,Gravedad
true,1,10,99.04,18,36,false,false,true,false,false,false,false,Secundaria completa,Hombre,TACNA,Costa,Goteo,Venta,Comerciante mayorista,Goteo
true,1,7.02,92.05,13,42,false,true,true,false,false,false,true,Secundaria completa,Hombre,TACNA,Costa,Goteo,Venta,Comerciante mayorista,Goteo
true,2,31.8,99.69,17,41,false,false,true,false,false,false,false,Primaria completa,Mujer,TACNA,Costa,Otro,Venta,Comerciante mayorista,Otro
true,1,1,99.49,30,55,false,true,false,false,false,false,false,Sin nivel,Hombre,TUMBES,Costa,Gravedad,Venta,Acopiador,Gravedad
true,3,7.03,100,33,62,false,false,true,false,false,false,false,Secundaria completa,Hombre,TUMBES,Costa,Gravedad,Venta,Acopiador,Gravedad
true,1,16.5,100,25,52,false,false,true,false,false,false,false,Secundaria incompleta,Mujer,UCAYALI,Selva,Secano,Venta,Empresa/Agroindustria,Secano
true,2,20,87.69,15,47,false,false,false,false,false,false,false,Primaria completa,Hombre,UCAYALI,Selva,Secano,Venta,Acopiador,Secano
true,4,72.28,100,13,32,false,false,true,false,false,false,false,Secundaria completa,Mujer,UCAYALI,Selva,Secano,Venta,Acopiador,Secano
true,3,10.5,57.1,48,70,false,false,true,false,false,false,false,Primaria incompleta,Hombre,AMAZONAS,Selva,Gravedad,Venta,Acopiador,Gravedad
true,3,13,88.8,48,74,false,false,true,true,false,false,false,Primaria incompleta,Hombre,AMAZONAS,Selva,Gravedad,Venta,Comerciante mayorista,Gravedad
true,2,18,100,41,61,false,false,false,false,false,false,false,Primaria incompleta,Mujer,AMAZONAS,Selva,Secano,Venta,Acopiador,Secano
true,3,18.25,35.97,25,52,false,true,true,false,false,false,true,Primaria completa,Hombre,AMAZONAS,Selva,Secano,Autoconsumo,Consumidor final,Secano
true,6,25,93.4,46,70,false,false,true,false,false,false,false,Primaria completa,Hombre,AMAZONAS,Sierra,Secano,Venta,Acopiador,Secano
false,3,0.81,0,25,51,false,false,false,false,false,false,false,Secundaria completa,Hombre,ANCASH,Sierra,Gravedad,Autoconsumo,Sin ventas,Gravedad
true,6,2.17,43.84,7,30,false,false,true,false,false,false,false,Primaria incompleta,Hombre,ANCASH,Sierra,Secano,Venta,Acopiador,Secano
false,2,2,100,24,44,false,false,true,false,false,false,false,Secundaria completa,Hombre,ANCASH,Costa,Gravedad,Venta,Acopiador,Gravedad
false,3,8.72,99.44,72,90,false,false,true,false,false,false,false,Secundaria completa,Hombre,ANCASH,Costa,Mangas,Venta,Acopiador,Mangas
true,4,12.79,0,30,53,false,false,true,false,false,false,false,Secundaria incompleta,Hombre,APURIMAC,Sierra,Gravedad,Otro,Sin ventas,Gravedad
true,9,11.5,0,15,51,false,true,true,false,false,false,false,Secundaria incompleta,Hombre,AREQUIPA,Sierra,Aspersion,Otro,Sin ventas,Aspersion
true,1,3.5,100,40,73,false,false,true,false,false,false,false,Secundaria completa,Hombre,AREQUIPA,Sierra,No especificado,Venta,Acopiador,No especificado
true,1,4.5,94.74,30,66,false,false,true,false,false,false,true,Secundaria completa,Hombre,AREQUIPA,Costa,Gravedad,Venta,Comerciante mayorista,Gravedad
true,1,1.65,0,8,47,false,false,false,false,false,false,false,Primaria completa,Hombre,AREQUIPA,Costa,No especificado,Otro,Sin ventas,No especificado
true,3,3.63,99.21,20,53,false,false,true,false,false,false,false,Secundaria completa,Hombre,AREQUIPA,Costa,Otro,Venta,Acopiador,Otro
true,2,2.95,99.54,22,59,false,false,true,false,false,false,false,Secundaria incompleta,Hombre,AREQUIPA,Costa,Gravedad,Venta,Comerciante mayorista,Gravedad
true,6,6.62,46.39,16,35,false,false,true,false,false,false,false,Secundaria completa,Hombre,AYACUCHO,Sierra,Gravedad,Venta,Comerciante minorista,Gravedad
true,7,1,0,30,51,false,false,true,false,false,false,false,Primaria incompleta,Hombre,AYACUCHO,Sierra,Gravedad,Autoconsumo,Sin ventas,Gravedad
true,4,19.8,83.94,20,41,false,false,true,false,false,false,false,Secundaria completa,Hombre,AYACUCHO,Sierra,Aspersion,Venta,Comerciante mayorista,Aspersion
true,5,3,85.71,25,46,false,false,true,false,false,true,false,Primaria incompleta,Hombre,AYACUCHO,Sierra,Aspersion,Venta,Comerciante mayorista,Aspersion
true,3,3.5,100,7,40,false,false,false,false,false,false,false,Sin nivel,Mujer,AYACUCHO,Sierra,Secano,Venta,Consumidor final,Secano
true,6,1.7,12.9,15,38,false,false,true,false,false,true,false,Primaria incompleta,Hombre,AYACUCHO,Sierra,Secano,Autoconsumo,Acopiador,Secano
true,2,2,94.23,24,50,false,false,true,true,false,false,false,Primaria completa,Hombre,CAJAMARCA,Selva,Gravedad,Venta,Comerciante mayorista,Gravedad
true,2,7,69.62,20,46,false,false,false,false,false,false,false,Primaria completa,Hombre,CAJAMARCA,Costa,Gravedad,Venta,Comerciante minorista,Gravedad
true,3,60.5,0,43,65,false,false,true,false,false,false,false,Primaria incompleta,Hombre,CAJAMARCA,Sierra,Gravedad,Autoconsumo,Sin ventas,Gravedad
true,4,24.5,20,37,62,false,true,true,false,false,false,false,Primaria incompleta,Hombre,CAJAMARCA,Sierra,Secano,Autoconsumo,Consumidor final,Secano
true,3,4.2,97.92,10,35,false,false,false,false,false,false,false,Secundaria completa,Hombre,CAJAMARCA,Costa,Gravedad,Venta,Comerciante minorista,Gravedad
true,2,0.84,81.41,20,44,false,false,true,false,false,false,false,Primaria completa,Hombre,CAJAMARCA,Sierra,Gravedad,Venta,Acopiador,Gravedad
true,5,1.37,73.81,21,45,false,false,true,false,false,false,false,Secundaria completa,Hombre,CUSCO,Sierra,Gravedad,Venta,Comerciante mayorista,Gravedad
false,4,4.88,0,30,58,false,false,true,false,false,false,false,Secundaria completa,Hombre,HUANUCO,Sierra,Aspersion,Autoconsumo,Sin ventas,Aspersion
true,1,0.78,0,15,33,false,false,true,false,false,false,false,Superior universitaria completa,Hombre,ICA,Costa,Gravedad,Otro,Sin ventas,Gravedad
true,3,3.2,100,10,57,false,false,true,false,false,false,false,Secundaria incompleta,Hombre,ICA,Costa,Gravedad,Venta,Acopiador,Gravedad
true,2,2.9,85.86,10,35,false,false,true,false,false,false,false,Secundaria completa,Mujer,ICA,Costa,Gravedad,Venta,Acopiador,Gravedad
true,3,10.07,99.47,7,32,false,false,true,true,false,false,false,Superior no universitaria incompleta,Hombre,ICA,Costa,Gravedad,Venta,Acopiador,Gravedad
true,1,8,100,10,61,false,false,true,false,false,false,false,Secundaria completa,Hombre,JUNIN,Selva,Secano,Venta,Acopiador,Secano
true,3,21,94.07,33,46,false,false,false,false,false,false,false,Secundaria incompleta,Hombre,JUNIN,Sierra,Gravedad,Venta,Comerciante mayorista,Gravedad
true,1,13,100,8,32,false,false,true,false,false,false,false,Secundaria completa,Hombre,JUNIN,Selva,Secano,Venta,Acopiador,Secano
false,6,4.54,98.88,24,54,false,false,true,false,false,false,false,Secundaria completa,Hombre,JUNIN,Sierra,Secano,Venta,Comerciante mayorista,Secano
true,6,3.9,99.27,10,31,false,false,true,false,false,false,false,Secundaria completa,Hombre,JUNIN,Sierra,Gravedad,Venta,Comerciante mayorista,Gravedad
true,5,3.77,95.24,40,58,false,false,true,false,false,false,false,Secundaria incompleta,Hombre,LA LIBERTAD,Sierra,Gravedad,Venta,Acopiador,Gravedad
true,5,23.2,99.83,14,32,false,false,true,false,false,false,false,Primaria completa,Hombre,LA LIBERTAD,Sierra,Gravedad,Venta,Comerciante minorista,Gravedad
true,4,13.68,99.4,12,49,false,false,true,false,false,false,true,Primaria completa,Hombre,LAMBAYEQUE,Costa,Otro,Venta,Empresa/Agroindustria,Otro
true,1,3.3,100,10,49,false,false,true,false,false,false,false,Superior universitaria completa,Hombre,LAMBAYEQUE,Costa,No especificado,Venta,Empresa/Agroindustria,No especificado
true,1,0.5,91.67,5,50,false,false,true,false,false,false,false,Secundaria completa,Hombre,LAMBAYEQUE,Costa,Gravedad,Venta,Comerciante mayorista,Gravedad
true,1,0.47,85.71,2,38,false,false,true,false,false,false,false,Primaria incompleta,Mujer,LAMBAYEQUE,Costa,No especificado,Venta,Comerciante mayorista,No especificado
false,3,12.28,99.36,25,46,false,false,true,false,false,false,false,Secundaria completa,Hombre,LIMA,Sierra,Gravedad,Venta,Comerciante mayorista,Gravedad
true,2,10,99.43,20,59,false,false,true,false,false,false,false,Primaria incompleta,Hombre,LIMA,Costa,Gravedad,Venta,Comerciante mayorista,Gravedad
true,2,30,0,33,59,false,true,true,false,false,false,true,Secundaria completa,Hombre,LORETO,Selva,Secano,Otro,Sin ventas,Secano
true,2,0.83,73.86,18,67,false,false,true,false,false,false,false,Secundaria completa,Hombre,MOQUEGUA,Sierra,Gravedad,Venta,Acopiador,Gravedad
true,5,4.75,76.77,45,66,false,false,true,false,false,false,false,Secundaria completa,Hombre,MOQUEGUA,Sierra,Gravedad,Venta,Consumidor final,Gravedad
false,3,5.6,0,4,58,false,true,true,false,true,false,true,Superior universitaria completa,Hombre,MOQUEGUA,Costa,Goteo,Otro,Sin ventas,Goteo
true,1,14,98.7,50,73,false,true,true,false,false,false,true,Superior universitaria completa,Hombre,MOQUEGUA,Costa,Gravedad,Venta,Comerciante minorista,Gravedad
true,1,1.25,0,20,61,false,false,false,false,false,false,false,Primaria completa,Mujer,PIURA,Costa,Secano,Otro,Sin ventas,Secano
true,2,0.4,100,26,65,false,false,true,true,false,false,false,Primaria incompleta,Mujer,PIURA,Costa,Gravedad,Venta,Acopiador,Gravedad
true,2,8,100,24,44,false,false,true,false,false,false,false,Superior no universitaria completa,Hombre,PIURA,Costa,No especificado,Venta,Empresa/Agroindustria,No especificado
false,2,4.5,86.41,20,47,false,false,false,false,false,false,false,Secundaria incompleta,Hombre,PIURA,Costa,Gravedad,Venta,Comerciante mayorista,Gravedad
true,3,10.5,0,40,38,false,false,false,false,false,false,false,Secundaria completa,Hombre,PUNO,Sierra,Secano,Otro,Sin ventas,Secano
true,2,15.5,100,25,52,false,false,true,false,false,false,false,Secundaria completa,Hombre,SAN MARTIN,Selva,No especificado,Venta,Comerciante mayorista,No especificado
true,2,51,100,43,61,false,false,true,false,false,false,false,Primaria completa,Hombre,SAN MARTIN,Selva,Secano,Venta,Acopiador,Secano
true,1,14,98.04,43,64,false,true,true,false,false,false,false,Primaria incompleta,Hombre,SAN MARTIN,Selva,Secano,Venta,Comerciante minorista,Secano
true,14,2.81,70.59,27,56,false,false,true,false,false,false,false,Secundaria completa,Hombre,TACNA,Sierra,Gravedad,Venta,Comerciante minorista,Gravedad
false,1,3,0,40,76,false,false,false,false,false,false,false,Primaria completa,Hombre,TUMBES,Costa,No especificado,Otro,Sin ventas,No especificado
true,3,4.63,100,20,54,false,true,true,false,false,false,false,Primaria completa,Hombre,TUMBES,Costa,Gravedad,Venta,Acopiador,Gravedad
true,1,21,100,50,79,false,false,true,false,false,false,false,Primaria completa,Hombre,TUMBES,Costa,Gravedad,Venta,Acopiador,Gravedad
true,3,10.3,100,20,80,false,false,true,false,false,false,false,Primaria completa,Hombre,TUMBES,Costa,Gravedad,Venta,Comerciante mayorista,Gravedad
true,1,105,100,33,70,false,false,true,false,false,false,true,Primaria incompleta,Hombre,UCAYALI,Selva,Secano,Venta,Acopiador,Secano
true,3,3.5,94.37,38,57,false,false,false,false,false,false,false,Primaria completa,Hombre,AMAZONAS,Selva,Secano,Venta,Acopiador,Secano
true,2,2.75,85.44,20,58,false,false,true,false,false,false,true,Primaria incompleta,Mujer,AMAZONAS,Selva,Gravedad,Venta,Comerciante minorista,Gravedad
true,4,6.9,100,44,69,false,false,false,false,false,true,true,Primaria incompleta,Hombre,AMAZONAS,Selva,Gravedad,Venta,Acopiador,Gravedad
true,3,18,100,52,71,false,false,true,false,false,false,false,Sin nivel,Hombre,AMAZONAS,Selva,Secano,Venta,Comerciante minorista,Secano
true,3,9,97.15,30,46,false,false,false,false,false,false,false,Primaria completa,Hombre,AMAZONAS,Sierra,Secano,Venta,Comerciante minorista,Secano
true,2,5.5,100,20,44,false,false,true,false,false,false,false,Primaria completa,Hombre,AMAZONAS,Sierra,Goteo,Venta,Acopiador,Goteo
true,3,6.5,65.08,30,52,false,true,false,false,false,false,true,Primaria completa,Hombre,AMAZONAS,Sierra,Secano,Venta,Comerciante minorista,Secano
true,2,5.4,0,20,48,false,false,false,false,false,false,false,Superior no universitaria completa,Hombre,ANCASH,Sierra,Gravedad,Otro,Sin ventas,Gravedad
true,7,0.55,71.11,28,46,false,false,false,false,false,false,false,Secundaria completa,Hombre,ANCASH,Sierra,Gravedad,Venta,Comerciante minorista,Gravedad
false,3,2.63,99.22,45,65,false,false,false,false,false,false,false,Primaria completa,Hombre,AREQUIPA,Sierra,Aspersion,Venta,Consumidor final,Aspersion
true,1,4.13,100,10,40,false,false,true,false,false,false,true,Primaria incompleta,Hombre,AREQUIPA,Costa,Gravedad,Venta,Acopiador,Gravedad
true,1,1.82,100,40,86,false,false,false,false,false,false,true,Secundaria incompleta,Hombre,AREQUIPA,Sierra,Gravedad,Venta,Comerciante mayorista,Gravedad
true,7,7.34,96.75,11,55,false,false,true,false,false,false,false,Superior universitaria completa,Hombre,AREQUIPA,Sierra,Gravedad,Venta,Acopiador,Gravedad
true,1,5.8,0,19,72,false,false,true,false,false,false,false,Superior universitaria completa,Hombre,AREQUIPA,Costa,Gravedad,Autoconsumo,Sin ventas,Gravedad
true,2,10,100,20,65,false,false,true,false,false,false,false,Superior universitaria completa,Hombre,AREQUIPA,Costa,Gravedad,Venta,Empresa/Agroindustria,Gravedad
true,2,16,83.39,22,39,false,true,true,false,false,false,true,Secundaria incompleta,Hombre,AYACUCHO,Selva,Secano,Venta,Acopiador,Secano
true,1,3,0,30,48,false,false,true,false,false,false,false,Primaria completa,Mujer,AYACUCHO,Sierra,Gravedad,Autoconsumo,Sin ventas,Gravedad
true,7,3,0,27,46,false,false,true,false,false,false,false,Primaria completa,Hombre,AYACUCHO,Sierra,Gravedad,Autoconsumo,Sin ventas,Gravedad
true,7,1.13,73.35,35,54,false,false,true,false,false,true,false,Secundaria incompleta,Hombre,AYACUCHO,Sierra,Gravedad,Venta,Comerciante minorista,Gravedad
true,5,4.28,0,15,77,false,false,false,false,false,false,false,Primaria incompleta,Mujer,AYACUCHO,Sierra,Secano,Otro,Sin ventas,Secano
true,2,4.05,0,30,52,false,false,false,false,true,false,true,Secundaria completa,Hombre,AYACUCHO,Costa,Goteo,Otro,Sin ventas,Goteo
true,1,10,80.54,6,36,false,false,true,false,false,false,false,Superior universitaria incompleta,Hombre,CAJAMARCA,Selva,Secano,Venta,Comerciante minorista,Secano
true,3,3.2,98.66,20,36,false,false,true,false,false,false,false,Primaria completa,Hombre,CAJAMARCA,Selva,Secano,Venta,Comerciante minorista,Secano
false,2,2.63,96.57,6,26,false,false,false,false,false,false,false,Primaria completa,Hombre,CAJAMARCA,Selva,Gravedad,Venta,Comerciante minorista,Gravedad
true,3,129,0,8,39,false,true,true,false,false,false,false,Primaria completa,Hombre,CAJAMARCA,Sierra,Gravedad,Otro,Sin ventas,Gravedad
true,3,7,0,10,38,false,false,false,false,false,false,false,Secundaria completa,Hombre,CUSCO,Selva,Secano,Otro,Sin ventas,Secano
true,2,0.11,0,10,31,false,false,true,false,false,false,false,Primaria incompleta,Hombre,CUSCO,Sierra,Otro,Autoconsumo,Sin ventas,Otro
true,3,1.44,0,10,33,false,false,true,false,false,false,false,Superior universitaria incompleta,Hombre,CUSCO,Sierra,Secano,Otro,Sin ventas,Secano
true,4,3.83,5.88,31,53,false,true,true,false,false,false,false,Secundaria completa,Hombre,CUSCO,Sierra,Aspersion,Autoconsumo,Consumidor final,Aspersion
true,9,5.15,84.23,7,36,false,false,true,false,false,false,false,Secundaria completa,Hombre,HUANCAVELICA,Sierra,Aspersion,Venta,Comerciante mayorista,Aspersion
true,4,12,97.18,22,40,false,false,false,false,false,false,false,Primaria completa,Hombre,HUANUCO,Sierra,Secano,Venta,Comerciante mayorista,Secano
true,3,31,85.91,42,55,false,false,true,false,false,false,false,Primaria incompleta,Hombre,HUANUCO,Sierra,No especificado,Venta,Comerciante mayorista,No especificado
true,1,3,0,10,47,false,false,true,true,false,false,false,Secundaria completa,Hombre,ICA,Costa,Gravedad,Otro,Sin ventas,Gravedad
true,2,12,99.92,10,62,false,false,true,true,false,false,false,Primaria completa,Hombre,ICA,Costa,Gravedad,Venta,Acopiador,Gravedad
true,2,55,100,15,42,false,true,true,false,false,false,false,Superior no universitaria completa,Hombre,JUNIN,Sierra,Secano,Venta,Comerciante mayorista,Secano
true,6,3.3,86.41,37,57,false,false,true,false,false,false,false,Primaria incompleta,Hombre,JUNIN,Sierra,Aspersion,Venta,Comerciante mayorista,Aspersion
true,1,2.7,14.36,50,67,false,false,true,false,false,false,false,Secundaria completa,Hombre,LA LIBERTAD,Costa,Gravedad,Autoconsumo,Acopiador,Gravedad
true,1,0.13,23.26,45,63,false,false,false,false,false,false,false,Secundaria incompleta,Hombre,LAMBAYEQUE,Costa,Gravedad,Autoconsumo,Comerciante minorista,Gravedad
true,1,2.2,100,35,53,false,false,false,false,false,false,false,Primaria incompleta,Hombre,LAMBAYEQUE,Costa,No especificado,Venta,Acopiador,No especificado
true,2,9,0,27,48,false,false,true,false,false,false,false,Secundaria completa,Hombre,LAMBAYEQUE,Costa,No especificado,Otro,Sin ventas,No especificado
true,1,4.5,0,10,41,false,false,true,false,false,false,false,Secundaria completa,Hombre,LIMA,Costa,Goteo,Otro,Sin ventas,Goteo
true,3,19.8,0,20,49,false,false,false,false,false,false,false,Superior universitaria completa,Hombre,LIMA,Costa,Aspersion,Otro,Sin ventas,Aspersion
true,1,4,100,10,58,false,false,true,false,false,false,false,Superior no universitaria completa,Mujer,LIMA,Costa,Gravedad,Venta,Acopiador,Gravedad
true,1,238,0,25,49,false,false,false,false,false,false,false,Secundaria incompleta,Mujer,MADRE DE DIOS,Selva,Secano,Otro,Sin ventas,Secano
false,1,10.9,99.91,3,32,false,false,false,false,false,false,false,Secundaria completa,Hombre,MADRE DE DIOS,Selva,Secano,Venta,Comerciante mayorista,Secano
true,3,56,0,2,50,false,false,true,false,false,false,false,Primaria completa,Hombre,MADRE DE DIOS,Selva,Secano,Otro,Sin ventas,Secano
true,1,52.8,0,33,58,false,false,false,false,false,false,false,Superior no universitaria incompleta,Hombre,MADRE DE DIOS,Selva,Secano,Autoconsumo,Sin ventas,Secano
true,2,35.98,95.94,39,74,false,true,true,false,false,false,false,Superior universitaria incompleta,Hombre,MADRE DE DIOS,Selva,Secano,Venta,Acopiador,Secano
false,1,0.83,92.02,20,44,false,false,false,false,false,false,false,Secundaria completa,Mujer,MOQUEGUA,Costa,Gravedad,Venta,Acopiador,Gravedad
true,5,2.19,65.83,10,61,false,false,true,false,false,false,false,Primaria incompleta,Hombre,PIURA,Costa,Gravedad,Venta,Comerciante minorista,Gravedad
true,3,3,98.84,13,53,false,false,true,true,false,false,false,Primaria completa,Hombre,PIURA,Costa,Gravedad,Venta,Acopiador,Gravedad
true,2,3,100,40,66,false,false,true,false,false,false,false,Primaria completa,Hombre,PIURA,Costa,Gravedad,Venta,Comerciante mayorista,Gravedad
false,1,8.5,96.27,40,73,false,false,false,false,false,false,false,Primaria incompleta,Mujer,PIURA,Costa,Gravedad,Venta,Comerciante mayorista,Gravedad
true,6,0.87,0,2,35,false,false,true,false,false,false,false,Secundaria completa,Hombre,PUNO,Sierra,Secano,Otro,Sin ventas,Secano
true,17,2.51,0,23,48,false,false,true,false,false,false,false,Secundaria completa,Hombre,PUNO,Sierra,Secano,Autoconsumo,Sin ventas,Secano
false,4,17,100,13,34,false,false,true,false,false,false,false,Secundaria completa,Hombre,SAN MARTIN,Selva,Gravedad,Venta,Acopiador,Gravedad
true,4,26,95.24,40,59,false,false,true,false,false,false,false,Primaria completa,Hombre,SAN MARTIN,Selva,Secano,Venta,Acopiador,Secano
true,1,63.6,100,30,49,false,false,false,false,false,false,false,Primaria completa,Hombre,SAN MARTIN,Selva,Secano,Venta,Comerciante mayorista,Secano
true,2,12,99.94,43,65,false,false,true,false,false,false,false,Primaria completa,Hombre,SAN MARTIN,Selva,Secano,Venta,Comerciante mayorista,Secano
true,1,2,96.08,18,50,false,true,true,false,false,false,false,Primaria incompleta,Mujer,TACNA,Costa,Goteo,Venta,Consumidor final,Goteo
true,1,18,99.84,25,74,false,false,true,false,false,false,false,Secundaria incompleta,Hombre,TACNA,Costa,Goteo,Venta,Acopiador,Goteo
true,2,18,100,13,34,false,false,true,false,false,false,false,Secundaria completa,Hombre,TUMBES,Costa,No especificado,Venta,Comerciante mayorista,No especificado
true,2,0.5,100,32,55,false,true,true,false,false,false,false,Secundaria incompleta,Hombre,TUMBES,Costa,Gravedad,Venta,Acopiador,Gravedad
true,2,3.83,99.62,15,56,false,false,true,true,false,false,true,Superior universitaria completa,Hombre,TUMBES,Costa,Gravedad,Venta,Comerciante mayorista,Gravedad
true,1,2.2,98.9,10,64,false,false,false,false,false,false,false,Superior no universitaria completa,Hombre,TUMBES,Costa,Gravedad,Venta,Acopiador,Gravedad
true,1,15,100,12,52,false,false,true,false,false,false,false,Secundaria incompleta,Hombre,UCAYALI,Selva,Secano,Venta,Acopiador,Secano
true,3,146.25,0,9,54,false,false,true,false,false,false,false,Secundaria incompleta,Hombre,UCAYALI,Selva,Secano,Otro,Sin ventas,Secano
true,3,3.42,83.79,15,40,false,false,true,false,false,false,true,Secundaria completa,Hombre,AMAZONAS,Selva,Gravedad,Venta,Comerciante minorista,Gravedad
true,7,38,0,7,28,false,true,false,false,false,false,false,Superior universitaria completa,Hombre,AMAZONAS,Sierra,Secano,Otro,Sin ventas,Secano
true,2,45.32,100,26,45,false,false,true,false,false,false,false,Secundaria completa,Hombre,AMAZONAS,Selva,Gravedad,Venta,Consumidor final,Gravedad
true,4,3.21,52.63,14,38,false,false,false,false,false,false,false,Primaria completa,Hombre,ANCASH,Sierra,Secano,Venta,Consumidor final,Secano
true,6,25,91.09,30,58,false,false,true,false,false,false,false,Primaria completa,Hombre,ANCASH,Sierra,Secano,Venta,Comerciante minorista,Secano
false,5,0.65,67.31,12,28,false,false,true,false,false,false,false,Primaria completa,Hombre,APURIMAC,Sierra,Gravedad,Venta,Acopiador,Gravedad
true,14,2.97,98.17,27,44,false,true,false,false,false,false,false,Superior no universitaria completa,Hombre,APURIMAC,Sierra,Gravedad,Venta,Comerciante minorista,Gravedad
true,7,2.06,49.24,30,51,false,true,true,false,false,false,false,Secundaria incompleta,Hombre,APURIMAC,Sierra,Gravedad,Venta,Comerciante minorista,Gravedad
true,1,0.17,92.11,20,41,false,false,false,false,false,false,false,Secundaria completa,Hombre,APURIMAC,Selva,Gravedad,Venta,Acopiador,Gravedad
true,3,5.28,0,23,55,false,true,true,false,false,false,true,Superior no universitaria incompleta,Hombre,AREQUIPA,Sierra,Gravedad,Otro,Sin ventas,Gravedad
false,3,3.4,92.51,30,69,false,false,true,false,false,false,false,Superior no universitaria completa,Hombre,AREQUIPA,Costa,Gravedad,Venta,Acopiador,Gravedad
true,2,9.6,100,5,32,false,false,true,false,false,false,false,Superior universitaria completa,Hombre,AREQUIPA,Costa,Gravedad,Venta,Acopiador,Gravedad
true,2,16.83,100,20,65,false,true,true,false,false,false,false,Superior universitaria completa,Hombre,AREQUIPA,Costa,Gravedad,Venta,Acopiador,Gravedad
true,1,5,100,10,55,false,false,true,false,false,false,false,Superior universitaria completa,Hombre,AREQUIPA,Costa,Gravedad,Venta,Acopiador,Gravedad
true,3,5.8,100,16,69,false,false,true,false,false,false,false,Secundaria incompleta,Hombre,AREQUIPA,Costa,Gravedad,Venta,Acopiador,Gravedad
true,5,26,17.51,30,58,false,false,true,false,false,false,false,Primaria completa,Mujer,AYACUCHO,Sierra,Secano,Autoconsumo,Acopiador,Secano
true,6,2.93,59.6,30,53,false,false,true,false,false,false,false,Primaria completa,Hombre,AYACUCHO,Sierra,Gravedad,Venta,Acopiador,Gravedad
true,5,1.16,23.51,6,38,false,false,true,false,false,false,false,Primaria completa,Hombre,AYACUCHO,Sierra,Aspersion,Autoconsumo,Acopiador,Aspersion
true,9,8.07,70.79,42,62,false,false,true,false,false,true,false,Primaria completa,Hombre,AYACUCHO,Sierra,Aspersion,Venta,Comerciante mayorista,Aspersion
true,4,1.04,97.9,10,31,false,true,true,false,false,true,true,Secundaria completa,Mujer,AYACUCHO,Sierra,Gravedad,Venta,Acopiador,Gravedad
true,2,0.75,0,22,40,false,false,true,false,false,false,false,Secundaria completa,Hombre,AYACUCHO,Sierra,No especificado,Autoconsumo,Sin ventas,No especificado
true,3,110,82.04,10,52,false,false,true,false,false,false,false,Secundaria completa,Hombre,CAJAMARCA,Selva,Gravedad,Venta,Comerciante mayorista,Gravedad
true,2,7.5,85.98,15,35,false,false,true,false,false,false,false,Superior no universitaria incompleta,Hombre,CAJAMARCA,Selva,Gravedad,Venta,Comerciante minorista,Gravedad
true,3,5.03,62.89,35,55,false,false,true,false,false,false,false,Primaria completa,Mujer,CAJAMARCA,Sierra,Gravedad,Venta,Consumidor final,Gravedad
true,1,0.07,100,22,42,false,false,false,false,false,false,false,Secundaria completa,Hombre,CAJAMARCA,Sierra,No especificado,Venta,Consumidor final,No especificado
true,9,7.55,79.82,21,41,false,false,true,false,false,false,false,Primaria completa,Hombre,HUANCAVELICA,Sierra,No especificado,Venta,Comerciante mayorista,No especificado
true,2,109,0,15,58,false,false,true,false,false,false,false,Secundaria completa,Hombre,HUANUCO,Selva,Secano,Autoconsumo,Sin ventas,Secano
true,1,55,100,40,60,false,false,true,false,false,false,false,Secundaria incompleta,Hombre,HUANUCO,Selva,Secano,Venta,Empresa/Agroindustria,Secano
true,3,9.75,100,41,58,false,false,false,false,false,false,false,Secundaria incompleta,Hombre,HUANUCO,Selva,Secano,Venta,Acopiador,Secano
true,2,68,44.05,24,66,false,false,true,false,false,false,false,Sin nivel,Mujer,HUANUCO,Selva,Secano,Autoconsumo,Asociación/Cooperativa,Secano
true,4,4.4,76.01,36,56,false,false,false,false,false,false,false,Primaria completa,Hombre,HUANUCO,Sierra,Secano,Venta,Acopiador,Secano
true,1,4.5,96.38,23,62,false,false,true,false,false,false,false,Secundaria incompleta,Hombre,ICA,Costa,Gravedad,Venta,Acopiador,Gravedad
true,4,9.32,99.61,30,56,false,false,true,false,false,false,false,Secundaria completa,Hombre,ICA,Costa,Gravedad,Venta,Acopiador,Gravedad
true,1,3,0,3,34,false,true,true,false,false,false,true,Primaria incompleta,Hombre,JUNIN,Selva,Secano,Otro,Sin ventas,Secano
true,1,54,99.86,18,44,false,false,true,false,false,false,false,Secundaria completa,Hombre,JUNIN,Selva,Secano,Venta,Comerciante minorista,Secano
false,2,7,100,12,40,false,false,true,false,false,false,false,Secundaria incompleta,Hombre,JUNIN,Selva,Secano,Venta,Acopiador,Secano
true,6,2.44,84.57,45,51,false,false,true,false,false,false,false,Secundaria incompleta,Hombre,JUNIN,Sierra,Aspersion,Venta,Comerciante mayorista,Aspersion
true,3,23.8,100,55,75,false,true,true,false,false,false,false,Secundaria completa,Hombre,JUNIN,Selva,Secano,Venta,Acopiador,Secano
true,2,3.5,99.42,10,40,false,false,true,false,false,false,false,Secundaria completa,Hombre,JUNIN,Selva,Secano,Venta,Comerciante mayorista,Secano
false,12,2.89,91.78,40,61,false,false,true,false,false,false,false,Primaria completa,Hombre,JUNIN,Sierra,Gravedad,Venta,Acopiador,Gravedad
false,7,14.91,81.55,37,60,false,true,true,false,false,false,false,Primaria incompleta,Hombre,JUNIN,Sierra,Aspersion,Venta,Comerciante minorista,Aspersion
true,3,15.5,64.52,38,55,false,false,true,false,false,false,false,Primaria completa,Hombre,LA LIBERTAD,Sierra,Secano,Venta,Acopiador,Secano
true,2,1.75,100,15,35,false,false,false,false,false,false,false,Secundaria completa,Hombre,LIMA,Costa,Gravedad,Venta,Acopiador,Gravedad
true,2,7.57,100,3,57,false,false,true,false,false,false,false,Secundaria incompleta,Hombre,LIMA,Costa,Gravedad,Venta,Comerciante mayorista,Gravedad
true,1,1,99.93,7,27,false,false,true,false,false,false,false,Secundaria completa,Hombre,LIMA,Costa,No especificado,Venta,Comerciante mayorista,No especificado
true,2,3,98.32,40,62,false,true,true,false,false,false,false,Secundaria incompleta,Hombre,LIMA,Costa,Gravedad,Venta,Acopiador,Gravedad
true,1,2,100,10,36,false,false,true,false,false,false,true,Secundaria completa,Hombre,LIMA,Costa,Gravedad,Venta,Comerciante minorista,Gravedad
true,3,71,98.48,20,38,false,false,true,false,false,false,false,Primaria completa,Hombre,LORETO,Selva,Secano,Venta,Comerciante mayorista,Secano
true,2,164,97.18,25,57,false,true,false,false,false,false,false,Primaria incompleta,Hombre,MADRE DE DIOS,Selva,Secano,Venta,Comerciante mayorista,Secano
true,1,31.35,100,33,55,false,false,true,false,false,false,false,Superior no universitaria completa,Hombre,PASCO,Selva,No especificado,Venta,Acopiador,No especificado
true,2,17.3,100,30,50,false,false,false,false,false,true,false,Primaria incompleta,Hombre,PASCO,Selva,Secano,Venta,Comerciante mayorista,Secano
true,6,112.28,0,35,59,false,false,false,false,false,false,false,Primaria completa,Hombre,PASCO,Sierra,Aspersion,Autoconsumo,Sin ventas,Aspersion
false,1,13,0,19,76,false,false,false,false,false,false,false,Primaria incompleta,Hombre,PASCO,Selva,Secano,Otro,Sin ventas,Secano
true,2,3,90.79,10,34,false,false,true,false,false,false,false,Primaria incompleta,Hombre,PIURA,Costa,Gravedad,Venta,Comerciante minorista,Gravedad
true,2,3,100,45,75,false,false,true,false,false,false,false,Primaria incompleta,Hombre,PIURA,Costa,Gravedad,Venta,Acopiador,Gravedad
true,5,5.1,99.31,12,52,false,true,true,false,false,false,true,Secundaria completa,Hombre,PIURA,Costa,Gravedad,Venta,Comerciante mayorista,Gravedad
true,1,36.15,0,37,57,false,false,false,false,false,false,false,Primaria incompleta,Mujer,PUNO,Sierra,Secano,Otro,Sin ventas,Secano
true,2,63,0,38,63,false,false,true,false,false,false,false,Primaria incompleta,Hombre,PUNO,Sierra,Secano,Autoconsumo,Sin ventas,Secano
true,25,10.22,0,22,52,false,false,true,false,false,false,false,Secundaria completa,Hombre,PUNO,Sierra,Gravedad,Otro,Sin ventas,Gravedad
true,1,4,25.19,6,25,false,false,true,false,false,false,true,Secundaria completa,Hombre,SAN MARTIN,Selva,Secano,Autoconsumo,Acopiador,Secano
true,1,35,72.09,21,54,false,false,true,false,false,false,true,Superior universitaria completa,Hombre,SAN MARTIN,Selva,No especificado,Venta,Acopiador,No especificado
true,1,3,100,9,39,false,false,true,false,false,false,false,Primaria incompleta,Hombre,SAN MARTIN,Selva,Secano,Venta,Comerciante mayorista,Secano
true,3,30,58.9,20,61,false,false,true,false,false,false,false,Secundaria completa,Hombre,SAN MARTIN,Selva,Secano,Venta,Acopiador,Secano
true,1,3.2,100,15,39,false,false,true,true,false,false,false,Secundaria completa,Hombre,TUMBES,Costa,Gravedad,Venta,Acopiador,Gravedad
true,4,9,99.92,23,51,false,false,true,false,false,false,false,Secundaria incompleta,Hombre,TUMBES,Costa,Gravedad,Venta,Acopiador,Gravedad
true,5,21.6,100,20,44,false,false,true,false,false,false,false,Secundaria incompleta,Hombre,TUMBES,Costa,Gravedad,Venta,Acopiador,Gravedad
true,1,5.64,100,10,67,false,false,true,true,false,false,false,Superior no universitaria completa,Mujer,TUMBES,Costa,Gravedad,Venta,Comerciante mayorista,Gravedad
true,1,12,99.35,15,50,false,false,true,false,false,false,false,Primaria completa,Mujer,TUMBES,Costa,Gravedad,Venta,Acopiador,Gravedad
true,2,23.38,99.33,11,40,false,false,true,false,false,false,false,Primaria completa,Hombre,UCAYALI,Selva,Mangas,Venta,Comerciante mayorista,Mangas
true,2,35.4,99.83,15,52,false,true,true,false,false,false,false,Primaria completa,Hombre,UCAYALI,Selva,Mangas,Venta,Comerciante mayorista,Mangas
true,4,45,26.48,30,59,false,false,true,false,false,false,false,Sin nivel,Hombre,AMAZONAS,Sierra,Secano,Autoconsumo,Consumidor final,Secano
true,5,13.4,5.13,15,33,false,false,false,false,false,false,false,Primaria completa,Hombre,AMAZONAS,Sierra,Secano,Autoconsumo,Comerciante minorista,Secano
false,2,2,61.11,15,45,false,false,false,false,false,false,false,Secundaria completa,Hombre,ANCASH,Sierra,Aspersion,Venta,Comerciante mayorista,Aspersion
true,6,2.01,29.26,38,60,false,false,true,false,false,false,false,Primaria completa,Mujer,APURIMAC,Sierra,No especificado,Autoconsumo,Comerciante minorista,No especificado
true,4,4.13,96.24,30,56,false,false,false,false,false,false,false,Primaria completa,Mujer,APURIMAC,Sierra,Gravedad,Venta,Consumidor final,Gravedad
true,1,13.7,100,20,54,false,false,true,false,false,false,false,Secundaria incompleta,Mujer,AREQUIPA,Costa,Gravedad,Venta,Comerciante mayorista,Gravedad
true,4,17.1,100,20,46,false,false,true,false,false,false,false,Secundaria completa,Hombre,AREQUIPA,Costa,Gravedad,Venta,Acopiador,Gravedad
true,1,3.5,100,20,53,false,false,true,false,false,false,false,Secundaria completa,Hombre,AREQUIPA,Costa,Gravedad,Venta,Acopiador,Gravedad
true,2,3.12,0,25,53,false,true,true,false,false,false,false,Secundaria completa,Mujer,AREQUIPA,Sierra,Gravedad,Otro,Sin ventas,Gravedad
true,2,4.46,99.64,18,52,false,false,true,false,false,false,false,Superior universitaria completa,Hombre,AREQUIPA,Costa,Gravedad,Venta,Acopiador,Gravedad
true,2,4.53,100,30,65,false,false,true,false,false,false,true,Superior no universitaria incompleta,Hombre,AREQUIPA,Costa,Gravedad,Venta,Acopiador,Gravedad
true,3,16.5,99.01,35,62,false,true,true,true,false,false,true,Superior universitaria incompleta,Hombre,AREQUIPA,Costa,Goteo,Venta,Comerciante mayorista,Goteo
true,2,3.85,100,25,57,false,false,true,true,false,false,false,Superior no universitaria completa,Hombre,AREQUIPA,Costa,Goteo,Venta,Comerciante mayorista,Goteo
true,1,5.5,100,30,53,false,true,true,false,false,false,false,Secundaria completa,Hombre,AREQUIPA,Costa,Goteo,Venta,Comerciante minorista,Goteo
true,2,6,100,15,43,false,false,true,false,false,false,false,Secundaria completa,Hombre,AREQUIPA,Costa,Goteo,Venta,Comerciante mayorista,Goteo
false,1,2,100,30,73,false,false,true,false,false,false,false,Secundaria completa,Hombre,AREQUIPA,Costa,Gravedad,Venta,Comerciante mayorista,Gravedad
true,11,6.75,79.58,48,68,false,false,true,false,false,false,false,Sin nivel,Hombre,AYACUCHO,Sierra,No especificado,Venta,Acopiador,No especificado
true,6,1.38,37.84,31,48,false,false,true,false,false,true,false,Primaria incompleta,Mujer,AYACUCHO,Sierra,No especificado,Autoconsumo,Comerciante minorista,No especificado
true,1,10,94.17,24,38,false,false,true,false,false,true,false,Primaria completa,Hombre,AYACUCHO,Sierra,Aspersion,Venta,Acopiador,Aspersion
true,3,11,74.07,15,45,false,false,true,false,false,false,false,Secundaria completa,Hombre,AYACUCHO,Sierra,Gravedad,Venta,Acopiador,Gravedad
true,5,15,99.19,5,24,false,false,true,false,false,false,true,Superior universitaria incompleta,Hombre,CAJAMARCA,Costa,Gravedad,Venta,Comerciante mayorista,Gravedad
true,6,12.25,0,24,44,false,false,false,false,false,false,false,Sin nivel,Hombre,CAJAMARCA,Sierra,Secano,Autoconsumo,Sin ventas,Secano
true,2,119,0,22,47,false,false,true,false,false,false,false,Secundaria completa,Hombre,CAJAMARCA,Sierra,Secano,Otro,Sin ventas,Secano
true,3,40,99.67,40,62,false,false,true,false,false,false,false,Secundaria completa,Hombre,CAJAMARCA,Costa,Gravedad,Venta,Comerciante mayorista,Gravedad
true,4,14.1,81.32,30,57,false,false,false,false,false,false,false,Primaria completa,Hombre,CAJAMARCA,Sierra,Gravedad,Venta,Consumidor final,Gravedad
true,6,0.32,0,14,33,false,true,true,false,false,false,true,Primaria incompleta,Hombre,CUSCO,Sierra,Otro,Otro,Sin ventas,Otro
true,1,402,97.65,15,37,false,false,true,false,false,false,false,Secundaria completa,Hombre,CUSCO,Sierra,Secano,Venta,Comerciante mayorista,Secano
true,3,14,98.13,18,37,false,false,false,false,false,false,false,Secundaria completa,Hombre,HUANCAVELICA,Sierra,Gravedad,Venta,Comerciante mayorista,Gravedad
true,1,6.3,100,30,72,false,true,true,false,false,false,false,Superior universitaria incompleta,Hombre,HUANCAVELICA,Sierra,No especificado,Venta,Acopiador,No especificado
true,7,28.3,84.8,10,45,false,true,false,false,false,false,true,Secundaria completa,Hombre,HUANCAVELICA,Sierra,Gravedad,Venta,Acopiador,Gravedad
true,5,10.25,87.31,30,50,false,false,true,false,false,false,true,Primaria completa,Hombre,HUANUCO,Selva,Secano,Venta,Acopiador,Secano
true,2,31.73,0,18,57,false,false,true,false,false,false,false,Secundaria completa,Hombre,ICA,Costa,Gravedad,Otro,Sin ventas,Gravedad
true,1,3,100,8,44,false,false,true,false,false,false,false,Superior universitaria completa,Hombre,ICA,Costa,Gravedad,Venta,Comerciante mayorista,Gravedad
true,1,3,100,6,52,false,false,true,false,false,false,false,Primaria completa,Hombre,ICA,Costa,No especificado,Venta,Acopiador,No especificado
true,3,3.35,100,24,54,false,false,true,true,false,false,false,Secundaria incompleta,Hombre,ICA,Costa,Gravedad,Venta,Comerciante mayorista,Gravedad
true,2,7.5,100,15,46,false,false,true,false,false,false,false,Secundaria completa,Hombre,ICA,Costa,Gravedad,Venta,Comerciante mayorista,Gravedad
true,3,7.6,100,10,28,false,false,true,true,false,false,false,Secundaria completa,Hombre,ICA,Costa,Gravedad,Venta,Acopiador,Gravedad
true,9,16.69,99.46,35,59,false,false,true,false,false,false,false,Secundaria completa,Hombre,ICA,Costa,Gravedad,Venta,Acopiador,Gravedad
true,3,0.9,100,1,19,false,false,true,false,false,false,false,Secundaria completa,Hombre,JUNIN,Sierra,Secano,Venta,Acopiador,Secano
true,7,4.06,78.37,11,44,false,false,true,false,false,false,false,Secundaria incompleta,Hombre,JUNIN,Sierra,Secano,Venta,Comerciante mayorista,Secano
true,12,3.86,89.27,7,30,false,false,true,false,false,false,false,Secundaria completa,Hombre,JUNIN,Sierra,Secano,Venta,Comerciante mayorista,Secano
true,6,20.6,54.55,17,49,false,false,true,false,false,false,false,Primaria incompleta,Mujer,LA LIBERTAD,Sierra,Secano,Venta,Comerciante minorista,Secano
true,2,1.25,0,20,58,false,false,true,false,false,false,false,Inicial,Mujer,LAMBAYEQUE,Costa,Gravedad,Otro,Sin ventas,Gravedad
true,1,2.5,0,20,42,false,false,true,false,false,false,false,Primaria completa,Mujer,LAMBAYEQUE,Costa,Gravedad,Otro,Sin ventas,Gravedad
true,1,2.2,96.03,10,66,false,false,true,true,false,false,false,Secundaria incompleta,Hombre,LAMBAYEQUE,Costa,Gravedad,Venta,Acopiador,Gravedad
true,3,8.8,99.63,48,76,false,false,true,false,false,false,false,Primaria completa,Hombre,LAMBAYEQUE,Costa,Otro,Venta,Comerciante mayorista,Otro
true,1,2.8,100,20,62,false,false,true,true,false,false,true,Superior universitaria completa,Mujer,LAMBAYEQUE,Costa,Otro,Venta,Empresa/Agroindustria,Otro
true,2,4.9,98.31,20,40,false,false,true,false,false,false,false,Superior universitaria completa,Hombre,LAMBAYEQUE,Costa,No especificado,Venta,Comerciante mayorista,No especificado
true,2,0.75,100,34,51,false,true,true,false,false,false,true,Secundaria completa,Mujer,LIMA,Costa,Gravedad,Venta,Comerciante minorista,Gravedad
true,1,19.18,100,16,71,false,false,true,false,false,false,false,Superior universitaria incompleta,Hombre,LIMA,Costa,Goteo,Venta,Comerciante mayorista,Goteo
true,12,4.4,0,42,58,false,false,false,false,false,false,false,Superior no universitaria completa,Hombre,MOQUEGUA,Sierra,Gravedad,Autoconsumo,Sin ventas,Gravedad
true,1,0.8,0,0,33,false,false,false,false,false,false,false,Superior no universitaria incompleta,Hombre,PASCO,Selva,Secano,Otro,Sin ventas,Secano
true,2,5.02,94.54,35,72,false,true,true,false,false,false,true,Primaria completa,Hombre,PASCO,Selva,Otro,Venta,Consumidor final,Otro
true,3,3.75,95.95,14,34,false,false,true,false,false,false,false,Secundaria completa,Hombre,PIURA,Costa,No especificado,Venta,Comerciante mayorista,No especificado
true,3,3.95,93.25,25,63,false,false,true,true,false,false,false,Secundaria completa,Hombre,PIURA,Costa,Gravedad,Venta,Acopiador,Gravedad
false,4,4.3,45.45,18,38,false,false,true,false,false,false,false,Primaria completa,Hombre,PUNO,Sierra,Secano,Venta,Comerciante minorista,Secano
false,5,25.8,0,48,72,false,true,true,false,false,true,false,Primaria completa,Hombre,PUNO,Sierra,Secano,Autoconsumo,Sin ventas,Secano
true,4,21,0,35,63,false,false,true,false,false,false,false,Primaria incompleta,Hombre,PUNO,Sierra,Secano,Autoconsumo,Sin ventas,Secano
true,6,7.55,0,24,43,false,false,true,false,false,true,false,Secundaria completa,Mujer,PUNO,Sierra,Secano,Otro,Sin ventas,Secano
true,3,0.62,0,5,18,false,true,true,false,false,false,false,Superior no universitaria incompleta,Mujer,PUNO,Sierra,Gravedad,Autoconsumo,Sin ventas,Gravedad
true,3,40.5,85.51,15,41,false,false,true,false,false,false,true,Primaria completa,Hombre,SAN MARTIN,Selva,Secano,Venta,Comerciante mayorista,Secano
true,2,8,73.47,20,66,false,false,true,false,false,false,false,Primaria completa,Hombre,SAN MARTIN,Selva,Gravedad,Venta,Comerciante minorista,Gravedad
true,2,4.13,98.69,40,68,false,true,true,false,false,false,false,Primaria incompleta,Hombre,TACNA,Sierra,Gravedad,Venta,Consumidor final,Gravedad
true,5,16.5,100,32,59,false,false,true,false,false,false,false,Secundaria incompleta,Hombre,TACNA,Costa,Gravedad,Venta,Acopiador,Gravedad
true,2,4.66,0,38,68,false,false,true,false,false,false,false,Primaria completa,Hombre,TACNA,Costa,Gravedad,Autoconsumo,Sin ventas,Gravedad
true,1,14,82.99,26,63,false,true,true,false,false,false,false,Primaria incompleta,Mujer,TACNA,Costa,Gravedad,Venta,Acopiador,Gravedad
true,2,4,97.24,27,58,false,true,true,false,false,false,false,Superior universitaria completa,Hombre,TACNA,Costa,Goteo,Venta,Consumidor final,Goteo
true,4,5.85,99.85,30,55,false,false,true,false,false,false,false,Superior universitaria completa,Hombre,TACNA,Costa,Goteo,Venta,Acopiador,Goteo
true,2,15,98.72,20,63,false,false,false,false,false,false,false,Primaria incompleta,Mujer,TACNA,Costa,Goteo,Venta,Consumidor final,Goteo
true,1,10,96.1,7,70,false,false,true,false,false,false,false,Secundaria completa,Mujer,TACNA,Costa,Goteo,Venta,Comerciante minorista,Goteo
false,1,10.2,99.77,10,52,false,true,true,false,false,false,false,Secundaria incompleta,Hombre,TACNA,Costa,Goteo,Venta,Acopiador,Goteo
true,1,0.6,99.64,40,59,false,true,false,false,false,false,false,Secundaria incompleta,Hombre,TUMBES,Costa,Gravedad,Venta,Acopiador,Gravedad
true,1,6.3,100,30,48,false,false,true,false,false,false,false,Secundaria completa,Hombre,TUMBES,Costa,No especificado,Venta,Comerciante mayorista,No especificado
true,2,3.6,99.98,30,69,false,false,true,true,false,false,false,Primaria incompleta,Hombre,TUMBES,Costa,Gravedad,Venta,Acopiador,Gravedad
true,2,2,100,30,64,false,false,true,false,false,false,false,Primaria incompleta,Hombre,TUMBES,Costa,Secano,Venta,Acopiador,Secano
true,2,12,98.34,30,50,false,false,true,false,false,false,false,Primaria incompleta,Hombre,UCAYALI,Selva,Secano,Venta,Acopiador,Secano
true,1,18,0,15,65,false,false,false,false,false,false,false,Superior universitaria completa,Hombre,AMAZONAS,Selva,Secano,Otro,Sin ventas,Secano
true,3,3.05,94.21,26,42,false,false,true,false,false,false,false,Primaria completa,Mujer,AMAZONAS,Selva,No especificado,Venta,Comerciante mayorista,No especificado
true,5,4.2,100,30,47,false,false,false,false,false,false,false,Secundaria incompleta,Hombre,AMAZONAS,Selva,Secano,Venta,Comerciante mayorista,Secano
true,2,7.8,100,12,31,false,false,true,false,false,false,false,Superior universitaria incompleta,Hombre,AMAZONAS,Selva,Secano,Venta,Comerciante mayorista,Secano
true,5,9.15,62.77,25,36,false,true,true,false,false,false,false,Primaria completa,Hombre,AMAZONAS,Selva,Secano,Venta,Asociación/Cooperativa,Secano
true,6,5.82,100,28,48,false,false,true,false,false,false,false,Secundaria completa,Hombre,ANCASH,Sierra,Gravedad,Venta,Comerciante mayorista,Gravedad
true,11,11.33,0,40,72,false,false,false,false,false,false,false,Superior universitaria incompleta,Hombre,ANCASH,Sierra,Gravedad,Otro,Sin ventas,Gravedad
true,1,10.4,100,18,48,false,false,true,false,false,false,false,Secundaria completa,Hombre,ANCASH,Costa,Gravedad,Venta,Comerciante mayorista,Gravedad
true,2,0.9,100,6,21,false,false,false,false,false,false,false,Superior no universitaria incompleta,Hombre,APURIMAC,Sierra,Goteo,Venta,Acopiador,Goteo
true,4,2.31,100,10,58,false,false,true,false,false,false,false,Secundaria completa,Hombre,AREQUIPA,Costa,Gravedad,Venta,Acopiador,Gravedad
true,4,6.44,99.95,40,43,false,true,true,false,false,false,true,Secundaria completa,Hombre,AREQUIPA,Costa,Gravedad,Venta,Acopiador,Gravedad
false,1,46.5,99.92,30,69,false,false,true,false,false,false,false,Secundaria completa,Hombre,AREQUIPA,Costa,Goteo,Venta,Comerciante mayorista,Goteo
true,2,20,0,7,38,false,false,false,false,false,false,false,Primaria completa,Hombre,AREQUIPA,Costa,No especificado,Otro,Sin ventas,No especificado
true,3,1.75,97.47,3,21,false,false,true,false,false,false,false,Secundaria completa,Hombre,AYACUCHO,Sierra,Aspersion,Venta,Comerciante mayorista,Aspersion
true,5,4.45,90.39,20,39,false,false,true,false,false,false,true,Secundaria completa,Hombre,AYACUCHO,Sierra,Aspersion,Venta,Comerciante mayorista,Aspersion
true,3,12.55,94.1,18,37,false,false,false,false,false,false,false,Primaria completa,Hombre,CAJAMARCA,Selva,Secano,Venta,Comerciante mayorista,Secano
true,4,23.2,96.12,18,47,false,false,false,false,false,false,false,Primaria incompleta,Hombre,CAJAMARCA,Sierra,Gravedad,Venta,Acopiador,Gravedad
true,2,2.6,76.46,12,78,false,false,true,false,false,false,false,Superior no universitaria incompleta,Mujer,CAJAMARCA,Costa,Gravedad,Venta,Consumidor final,Gravedad
true,2,3.5,96.99,25,47,false,false,true,false,false,false,false,Secundaria completa,Hombre,CAJAMARCA,Sierra,Gravedad,Venta,Comerciante minorista,Gravedad
true,4,6,65.47,35,56,false,false,true,false,false,false,false,Primaria incompleta,Hombre,CUSCO,Selva,Secano,Venta,Acopiador,Secano
true,7,5.22,76.9,30,47,false,true,true,false,false,false,false,Secundaria incompleta,Hombre,CUSCO,Sierra,Aspersion,Venta,Comerciante minorista,Aspersion
true,5,3.35,80.65,15,47,false,true,true,false,false,true,false,Secundaria completa,Mujer,HUANCAVELICA,Sierra,Secano,Venta,Acopiador,Secano
true,3,60.58,97.74,30,50,false,false,true,false,false,false,false,Primaria completa,Hombre,HUANUCO,Sierra,Secano,Venta,Comerciante mayorista,Secano
true,6,2.51,92,18,45,false,false,true,false,false,false,false,Secundaria incompleta,Mujer,HUANUCO,Sierra,Gravedad,Venta,Comerciante mayorista,Gravedad
true,2,15.78,99.96,35,54,false,false,true,false,false,false,false,Secundaria completa,Hombre,ICA,Costa,Gravedad,Venta,Acopiador,Gravedad
true,4,16.27,100,25,50,false,false,true,true,false,false,false,Secundaria completa,Hombre,ICA,Costa,Gravedad,Venta,Comerciante minorista,Gravedad
true,1,5,100,14,49,false,false,true,true,false,false,false,Secundaria completa,Hombre,ICA,Costa,Gravedad,Venta,Acopiador,Gravedad
true,2,15,99.72,20,44,false,false,true,false,false,false,false,Secundaria completa,Hombre,JUNIN,Sierra,Secano,Venta,Acopiador,Secano
true,2,12,94.95,2,39,false,false,true,false,false,false,false,Secundaria incompleta,Mujer,JUNIN,Selva,Secano,Venta,Comerciante minorista,Secano
true,11,14.83,80.49,32,48,false,false,true,false,false,false,false,Primaria incompleta,Hombre,JUNIN,Sierra,Aspersion,Venta,Comerciante mayorista,Aspersion
true,2,11,1.14,40,77,false,true,true,false,false,false,false,Primaria completa,Hombre,JUNIN,Selva,Secano,Autoconsumo,Acopiador,Secano
true,1,2.9,97.66,7,45,false,false,true,false,false,false,false,Primaria completa,Hombre,LA LIBERTAD,Costa,Secano,Venta,Acopiador,Secano
true,9,8.42,72.46,32,51,false,false,true,false,false,false,false,Primaria incompleta,Hombre,LA LIBERTAD,Sierra,Aspersion,Venta,Comerciante mayorista,Aspersion
true,4,5.37,88.53,33,54,false,true,true,false,false,false,true,Primaria incompleta,Hombre,LA LIBERTAD,Costa,Gravedad,Venta,Empresa/Agroindustria,Gravedad
true,3,6.13,84.32,25,46,false,false,true,false,false,false,false,Secundaria completa,Hombre,LAMBAYEQUE,Costa,Gravedad,Venta,Acopiador,Gravedad
true,3,3.75,100,18,46,false,false,true,true,false,false,true,Secundaria incompleta,Hombre,LAMBAYEQUE,Costa,Gravedad,Venta,Comerciante mayorista,Gravedad
true,1,7.5,94.51,35,53,false,false,true,false,false,false,false,Secundaria incompleta,Hombre,LAMBAYEQUE,Costa,Gravedad,Venta,Comerciante mayorista,Gravedad
true,2,2.8,100,20,68,false,false,true,false,false,false,false,Secundaria completa,Hombre,LIMA,Costa,Gravedad,Venta,Acopiador,Gravedad
true,1,1.58,100,3,27,false,false,true,false,false,false,false,Secundaria completa,Mujer,LIMA,Costa,Gravedad,Venta,Acopiador,Gravedad
true,4,17.4,100,30,55,false,false,true,false,false,false,false,Superior universitaria incompleta,Hombre,LIMA,Costa,Gravedad,Venta,Acopiador,Gravedad
true,1,3.8,99.94,23,43,false,false,true,false,false,false,false,Secundaria completa,Hombre,LIMA,Costa,Gravedad,Venta,Comerciante mayorista,Gravedad
false,1,5,100,25,48,false,false,true,false,false,false,false,Secundaria completa,Hombre,MADRE DE DIOS,Selva,Secano,Venta,Consumidor final,Secano
true,1,75,0,50,75,false,false,false,false,false,false,false,Secundaria incompleta,Hombre,MADRE DE DIOS,Selva,Secano,Autoconsumo,Sin ventas,Secano
true,4,0.81,58.33,23,58,false,false,true,false,false,false,false,Superior no universitaria incompleta,Hombre,MOQUEGUA,Sierra,Gravedad,Venta,Comerciante minorista,Gravedad
true,1,56.13,0,26,49,false,false,true,false,false,false,false,Superior no universitaria completa,Hombre,PASCO,Selva,Secano,Otro,Sin ventas,Secano
true,1,18,98.39,33,57,false,false,true,false,false,false,false,Secundaria incompleta,Hombre,PIURA,Costa,Gravedad,Venta,Acopiador,Gravedad
true,2,1.25,95.61,35,55,false,false,true,true,false,false,false,Primaria incompleta,Hombre,PIURA,Costa,Gravedad,Venta,Comerciante mayorista,Gravedad
true,1,0.4,100,2,31,false,false,true,false,false,false,false,Secundaria completa,Hombre,PIURA,Costa,Gravedad,Venta,Acopiador,Gravedad
true,2,1.5,100,35,63,false,false,true,false,false,false,false,Primaria incompleta,Hombre,PIURA,Costa,Gravedad,Venta,Acopiador,Gravedad
true,1,0.5,8.7,25,78,false,false,true,false,false,false,false,Primaria incompleta,Hombre,PIURA,Costa,Secano,Autoconsumo,Acopiador,Secano
true,1,2.25,100,30,50,false,false,true,true,false,false,false,Primaria incompleta,Hombre,PIURA,Costa,Gravedad,Venta,Empresa/Agroindustria,Gravedad
true,2,0.85,99.46,5,49,false,false,true,false,false,false,false,Primaria completa,Hombre,PIURA,Costa,No especificado,Venta,Comerciante mayorista,No especificado
true,3,15,0,32,52,false,false,true,false,false,false,false,Primaria incompleta,Mujer,PUNO,Sierra,Secano,Autoconsumo,Sin ventas,Secano
true,42,3.58,23.4,30,49,false,false,true,false,false,false,false,Secundaria completa,Hombre,PUNO,Sierra,Secano,Venta,Consumidor final,Secano
true,1,1.75,95.8,33,53,false,false,true,false,false,false,false,Primaria completa,Hombre,SAN MARTIN,Selva,No especificado,Venta,Acopiador,No especificado
true,3,14.7,100,10,28,false,true,true,false,false,false,true,Primaria completa,Hombre,SAN MARTIN,Selva,Secano,Venta,Comerciante mayorista,Secano
true,2,3.5,9.21,11,29,false,false,true,false,false,false,false,Secundaria completa,Hombre,SAN MARTIN,Selva,Secano,Autoconsumo,Acopiador,Secano
true,3,2.7,50.15,38,56,false,false,true,false,false,false,false,Secundaria incompleta,Hombre,SAN MARTIN,Selva,Secano,Venta,Empresa/Agroindustria,Secano
true,2,150,100,36,64,false,false,true,true,false,false,false,Secundaria completa,Hombre,SAN MARTIN,Selva,Gravedad,Venta,Comerciante mayorista,Gravedad
true,3,30,99.9,3,27,false,false,true,false,false,false,false,Superior universitaria completa,Hombre,SAN MARTIN,Selva,Secano,Venta,Comerciante mayorista,Secano
true,2,5.8,0,50,53,false,false,false,false,false,false,false,Primaria incompleta,Hombre,TACNA,Sierra,Gravedad,Autoconsumo,Sin ventas,Gravedad
true,1,3.2,41.18,15,35,false,false,true,false,false,false,true,Superior no universitaria incompleta,Mujer,TACNA,Costa,Gravedad,Autoconsumo,Acopiador,Gravedad
true,4,8.45,28.57,40,58,false,false,true,false,false,false,false,Primaria incompleta,Mujer,TACNA,Costa,Gravedad,Autoconsumo,Acopiador,Gravedad
true,2,6,100,30,48,false,false,true,false,false,false,false,Superior universitaria incompleta,Hombre,TACNA,Costa,Gravedad,Venta,Consumidor final,Gravedad
true,1,7,99.13,1,32,false,false,true,false,false,false,false,Secundaria completa,Hombre,TACNA,Costa,Goteo,Venta,Acopiador,Goteo
true,1,3.2,0,5,49,false,false,true,true,false,false,false,Superior no universitaria completa,Hombre,TUMBES,Costa,Gravedad,Otro,Sin ventas,Gravedad
true,1,0.74,100,43,63,false,false,false,false,false,false,false,Secundaria incompleta,Hombre,TUMBES,Costa,Gravedad,Venta,Comerciante minorista,Gravedad
true,1,1.23,97.39,34,64,false,false,true,false,false,false,false,Primaria incompleta,Hombre,TUMBES,Costa,Gravedad,Venta,Acopiador,Gravedad
true,1,20,90,3,55,false,false,false,false,false,false,false,Superior universitaria completa,Hombre,UCAYALI,Selva,Secano,Venta,Empresa/Agroindustria,Secano
true,1,30,99.94,12,47,false,false,true,false,false,false,false,Superior universitaria completa,Hombre,UCAYALI,Selva,Goteo,Venta,Comerciante mayorista,Goteo
true,5,26.5,100,13,42,false,true,true,false,false,false,true,Secundaria completa,Hombre,UCAYALI,Selva,Secano,Venta,Empresa/Agroindustria,Secano
true,2,16,100,53,76,false,true,true,false,false,false,true,Primaria completa,Mujer,UCAYALI,Selva,Secano,Venta,Empresa/Agroindustria,Secano
false,6,37.17,98.62,23,59,false,false,true,false,false,false,false,Primaria incompleta,Hombre,UCAYALI,Selva,Secano,Venta,Acopiador,Secano
true,2,6,100,52,82,false,false,false,false,false,false,false,Primaria incompleta,Hombre,AMAZONAS,Selva,Gravedad,Venta,Acopiador,Gravedad
true,2,11.5,0,16,37,false,false,false,false,false,false,false,Secundaria completa,Hombre,AMAZONAS,Sierra,Secano,Otro,Sin ventas,Secano
true,3,5.5,77.44,22,43,false,true,true,false,false,false,true,Secundaria completa,Hombre,AMAZONAS,Selva,Secano,Venta,Asociación/Cooperativa,Secano
true,3,4,1.7,33,60,false,false,true,false,false,false,false,Primaria incompleta,Mujer,AMAZONAS,Sierra,Secano,Autoconsumo,Comerciante mayorista,Secano
true,2,5,47.27,23,43,false,false,false,false,false,false,false,Secundaria completa,Hombre,ANCASH,Sierra,Gravedad,Autoconsumo,Comerciante minorista,Gravedad
true,8,2.83,82.84,13,36,false,false,false,false,false,false,false,Secundaria completa,Hombre,ANCASH,Sierra,Gravedad,Venta,Acopiador,Gravedad
false,7,4.9,98.34,15,36,false,false,true,false,false,false,false,Secundaria completa,Mujer,APURIMAC,Sierra,Aspersion,Venta,Comerciante minorista,Aspersion
true,2,0.62,0,5,34,false,false,false,false,false,false,false,Secundaria completa,Mujer,APURIMAC,Sierra,Gravedad,Autoconsumo,Sin ventas,Gravedad
true,3,0.59,71.43,30,55,false,false,true,false,false,false,false,Sin nivel,Mujer,APURIMAC,Selva,Gravedad,Venta,Acopiador,Gravedad
true,5,3.46,3.57,11,33,false,false,false,false,false,false,false,Primaria incompleta,Hombre,APURIMAC,Sierra,Otro,Autoconsumo,Consumidor final,Otro
true,8,42.26,62.58,25,60,false,false,true,false,false,false,false,Primaria completa,Hombre,AREQUIPA,Sierra,Gravedad,Venta,Acopiador,Gravedad
false,2,72.8,75,30,51,false,true,false,false,false,false,false,Primaria completa,Hombre,AREQUIPA,Sierra,Otro,Venta,Consumidor final,Otro
true,3,5.5,66.67,45,64,false,false,false,false,false,false,false,Primaria incompleta,Hombre,AYACUCHO,Sierra,Secano,Venta,Comerciante mayorista,Secano
true,12,3.06,0,20,43,false,false,true,false,false,false,false,Superior universitaria completa,Hombre,AYACUCHO,Sierra,Aspersion,Autoconsumo,Sin ventas,Aspersion
true,4,3.55,21.48,23,41,false,true,true,false,false,false,false,Secundaria incompleta,Hombre,CAJAMARCA,Selva,Secano,Autoconsumo,Asociación/Cooperativa,Secano
true,2,7.5,59.35,53,73,false,true,true,false,false,false,false,Sin nivel,Hombre,CAJAMARCA,Selva,Secano,Venta,Asociación/Cooperativa,Secano
true,3,3.1,73.4,35,57,false,false,true,false,false,false,false,Secundaria incompleta,Hombre,CAJAMARCA,Selva,No especificado,Venta,Acopiador,No especificado
true,1,4.75,0,20,63,false,false,false,false,false,false,false,Superior universitaria completa,Hombre,CAJAMARCA,Costa,Secano,Otro,Sin ventas,Secano
true,1,40,0,30,54,false,true,true,false,false,false,false,Primaria completa,Hombre,CAJAMARCA,Sierra,Secano,Otro,Sin ventas,Secano
true,8,1.7,0,30,54,false,true,true,false,false,false,false,Secundaria incompleta,Hombre,CUSCO,Sierra,Aspersion,Otro,Sin ventas,Aspersion
true,0,0,0,20,40,false,true,false,false,false,false,false,Primaria completa,Mujer,CUSCO,Sierra,Secano,Otro,Sin ventas,Secano
true,12,4.03,92.37,8,32,false,false,true,false,false,false,false,Secundaria incompleta,Hombre,HUANCAVELICA,Sierra,Aspersion,Venta,Comerciante mayorista,Aspersion
true,7,6.49,0,13,40,false,false,true,false,false,false,false,Superior universitaria incompleta,Hombre,HUANUCO,Sierra,Secano,Autoconsumo,Sin ventas,Secano
false,3,110.5,91.52,34,54,false,false,true,false,false,false,false,Primaria incompleta,Hombre,HUANUCO,Sierra,Gravedad,Venta,Comerciante minorista,Gravedad
true,2,255,0,23,45,false,false,false,false,false,false,false,Primaria incompleta,Hombre,HUANUCO,Sierra,Secano,Autoconsumo,Sin ventas,Secano
true,1,5.9,97.97,63,74,false,false,true,false,false,false,true,Secundaria completa,Hombre,ICA,Costa,Gravedad,Venta,Acopiador,Gravedad
true,1,7.38,99.09,40,62,false,false,true,false,false,false,false,Secundaria completa,Hombre,ICA,Costa,Gravedad,Venta,Acopiador,Gravedad
true,1,1.78,93.33,7,29,false,false,true,false,false,false,false,Secundaria completa,Hombre,ICA,Costa,Gravedad,Venta,Acopiador,Gravedad
true,5,25.2,99.89,12,54,false,false,true,true,false,false,false,Secundaria completa,Hombre,ICA,Costa,Gravedad,Venta,Acopiador,Gravedad
true,2,14.3,1.63,30,60,false,false,true,false,false,false,false,Secundaria completa,Hombre,ICA,Costa,Gravedad,Autoconsumo,Acopiador,Gravedad
true,1,13,99.39,25,46,false,true,true,false,false,false,false,Superior no universitaria completa,Hombre,JUNIN,Selva,Secano,Venta,Comerciante mayorista,Secano
true,2,6,97.12,8,36,false,false,true,false,false,false,false,Secundaria incompleta,Hombre,JUNIN,Selva,Secano,Venta,Acopiador,Secano
true,2,1.14,99.98,42,67,false,false,true,false,false,false,false,Primaria completa,Hombre,JUNIN,Sierra,Gravedad,Venta,Empresa/Agroindustria,Gravedad
true,1,2,78.95,5,70,false,false,true,false,false,false,false,Secundaria incompleta,Hombre,LA LIBERTAD,Costa,Secano,Venta,Acopiador,Secano
false,2,5.61,0,38,56,false,false,true,false,false,false,false,Primaria completa,Hombre,LA LIBERTAD,Costa,Gravedad,Autoconsumo,Sin ventas,Gravedad
true,2,2,90.91,15,53,false,false,true,true,false,false,false,Secundaria incompleta,Hombre,LAMBAYEQUE,Costa,Gravedad,Venta,Comerciante mayorista,Gravedad
true,1,3,38.17,4,49,false,false,true,false,false,false,false,Secundaria incompleta,Hombre,LAMBAYEQUE,Costa,Gravedad,Autoconsumo,Comerciante mayorista,Gravedad
true,1,1,100,3,29,false,false,true,false,false,false,false,Superior universitaria completa,Hombre,LIMA,Costa,Gravedad,Venta,Comerciante mayorista,Gravedad
true,1,3,100,25,48,false,false,true,false,false,false,false,Secundaria incompleta,Hombre,LIMA,Costa,Gravedad,Venta,Comerciante mayorista,Gravedad
false,5,16.7,0,30,60,false,false,true,false,false,false,false,Secundaria completa,Hombre,LIMA,Sierra,Aspersion,Otro,Sin ventas,Aspersion
false,3,4.2,98.34,40,59,false,false,true,false,false,false,false,Secundaria completa,Hombre,LIMA,Costa,Gravedad,Venta,Comerciante mayorista,Gravedad
false,1,0.16,46.24,40,70,false,false,false,false,false,false,false,Primaria completa,Hombre,LIMA,Costa,Gravedad,Autoconsumo,Consumidor final,Gravedad
true,2,5.17,100,39,68,false,false,true,false,false,false,true,Primaria incompleta,Mujer,LIMA,Costa,Gravedad,Venta,Comerciante mayorista,Gravedad
true,3,58.8,25.84,22,59,false,true,true,false,false,false,true,Secundaria incompleta,Hombre,LORETO,Selva,Secano,Autoconsumo,Comerciante minorista,Secano
true,2,28,91.16,7,31,false,false,true,false,false,false,false,Superior universitaria completa,Mujer,LORETO,Selva,Secano,Venta,Comerciante minorista,Secano
true,3,44.7,83.13,32,52,false,false,true,false,false,false,false,Primaria completa,Hombre,LORETO,Selva,Gravedad,Venta,Comerciante minorista,Gravedad
true,2,12.8,0,7,54,false,false,false,false,false,false,false,Secundaria incompleta,Hombre,MADRE DE DIOS,Selva,Secano,Autoconsumo,Sin ventas,Secano
true,1,53.14,98.88,3,52,false,false,true,false,false,false,false,Sin nivel,Mujer,MADRE DE DIOS,Selva,Secano,Venta,Acopiador,Secano
true,2,0.2,75,7,50,false,false,false,false,false,true,true,Superior no universitaria completa,Hombre,MOQUEGUA,Sierra,Gravedad,Venta,Acopiador,Gravedad
false,10,3.58,84.49,48,65,false,true,true,false,false,false,false,Secundaria incompleta,Hombre,PASCO,Sierra,Gravedad,Venta,Comerciante minorista,Gravedad
true,4,3.5,100,21,30,false,false,false,false,false,false,false,Secundaria completa,Hombre,PASCO,Selva,Secano,Venta,Comerciante mayorista,Secano
true,1,8.3,100,15,56,false,false,true,false,false,false,true,Superior universitaria completa,Hombre,PASCO,Selva,Secano,Venta,Acopiador,Secano
true,1,7.75,90.64,45,82,false,false,false,false,false,false,false,Primaria incompleta,Mujer,PIURA,Costa,Gravedad,Venta,Comerciante minorista,Gravedad
true,2,8,84.34,12,35,false,false,false,false,false,false,false,Secundaria completa,Hombre,PIURA,Costa,Gravedad,Venta,Comerciante minorista,Gravedad
true,1,84,0,53,84,false,false,false,false,false,false,false,Primaria incompleta,Hombre,PIURA,Costa,Gravedad,Otro,Sin ventas,Gravedad
true,3,1.33,100,20,49,false,false,true,false,false,false,false,Secundaria completa,Hombre,PIURA,Costa,No especificado,Venta,Comerciante mayorista,No especificado
true,1,6,97.49,33,76,false,false,false,false,false,false,false,Primaria incompleta,Hombre,PIURA,Costa,Gravedad,Venta,Comerciante mayorista,Gravedad
true,4,4.3,0,40,67,false,false,true,false,false,false,false,Primaria incompleta,Hombre,PIURA,Costa,Secano,Otro,Sin ventas,Secano
true,4,24,0,20,40,false,false,true,false,false,false,false,Superior no universitaria completa,Hombre,PUNO,Sierra,Secano,Otro,Sin ventas,Secano
true,2,6.9,0,30,54,false,false,true,false,false,false,false,Secundaria completa,Hombre,PUNO,Sierra,Secano,Otro,Sin ventas,Secano
false,2,35,44.52,18,39,false,false,true,false,false,false,false,Secundaria incompleta,Hombre,SAN MARTIN,Selva,Secano,Autoconsumo,Comerciante minorista,Secano
true,1,254,0,1,32,false,false,true,true,false,false,false,Secundaria completa,Hombre,SAN MARTIN,Selva,Secano,Otro,Sin ventas,Secano
true,2,79.5,72.79,39,60,false,false,true,false,false,false,false,Secundaria incompleta,Hombre,SAN MARTIN,Selva,Secano,Venta,Comerciante minorista,Secano
true,2,2,0,1,36,false,false,true,true,false,false,false,Secundaria incompleta,Mujer,SAN MARTIN,Selva,Gravedad,Otro,Sin ventas,Gravedad
true,3,5.31,0,15,48,false,false,true,false,false,false,true,Secundaria completa,Mujer,TACNA,Costa,Gravedad,Autoconsumo,Sin ventas,Gravedad
true,4,44.1,100,26,64,false,false,true,false,false,false,false,Superior no universitaria completa,Hombre,TACNA,Costa,Goteo,Venta,Comerciante mayorista,Goteo
true,1,2.5,99.59,15,37,false,false,true,false,false,false,false,Secundaria incompleta,Hombre,TUMBES,Costa,Gravedad,Venta,Comerciante mayorista,Gravedad
true,1,1.5,100,4,42,false,false,true,true,false,false,false,Superior no universitaria completa,Hombre,TUMBES,Costa,Gravedad,Venta,Acopiador,Gravedad
true,4,28.5,100,26,60,false,false,true,false,false,false,false,Primaria completa,Hombre,TUMBES,Costa,Gravedad,Venta,Acopiador,Gravedad
true,1,21.5,92.78,33,68,false,true,true,false,false,false,false,Primaria completa,Hombre,UCAYALI,Selva,Secano,Venta,Acopiador,Secano
true,3,22.25,75,12,42,false,false,false,false,false,false,false,Primaria completa,Hombre,AMAZONAS,Sierra,Secano,Venta,Comerciante minorista,Secano
true,5,31.25,0,24,44,false,false,true,false,false,false,false,Secundaria completa,Hombre,AMAZONAS,Sierra,Secano,Otro,Sin ventas,Secano
true,1,10,93.21,33,52,false,false,true,false,false,false,false,Primaria completa,Hombre,AMAZONAS,Sierra,Secano,Venta,Comerciante mayorista,Secano
false,6,5.56,0,32,54,false,false,false,false,false,false,false,Secundaria incompleta,Hombre,ANCASH,Sierra,Aspersion,Autoconsumo,Sin ventas,Aspersion
true,5,44.5,99.97,17,37,false,false,true,false,false,false,false,Secundaria incompleta,Hombre,ANCASH,Costa,Gravedad,Venta,Comerciante minorista,Gravedad
true,1,4,89.84,45,64,false,true,true,false,true,false,true,Secundaria completa,Hombre,ANCASH,Costa,Gravedad,Venta,Acopiador,Gravedad
true,2,17,100,40,68,false,false,true,true,false,false,true,Secundaria completa,Hombre,ANCASH,Costa,Gravedad,Venta,Comerciante mayorista,Gravedad
true,1,12.7,99.75,9,50,false,true,true,false,false,false,true,Superior universitaria completa,Hombre,ANCASH,Costa,Goteo,Venta,Acopiador,Goteo
true,1,32.42,99.44,50,73,false,true,true,false,false,false,false,Secundaria incompleta,Hombre,ANCASH,Costa,Mangas,Venta,Acopiador,Mangas
true,2,0.4,92.86,6,38,false,false,false,true,false,false,false,Secundaria completa,Mujer,APURIMAC,Sierra,Gravedad,Venta,Comerciante minorista,Gravedad
true,4,4.15,100,15,65,false,false,true,false,false,false,false,Superior universitaria completa,Hombre,AREQUIPA,Sierra,Gravedad,Venta,Acopiador,Gravedad
true,1,2.7,0,30,53,false,true,false,false,false,false,false,Superior no universitaria completa,Hombre,AREQUIPA,Sierra,Aspersion,Otro,Sin ventas,Aspersion
true,4,10.89,99.97,23,50,false,false,true,false,false,false,false,Secundaria completa,Hombre,AREQUIPA,Costa,Gravedad,Venta,Acopiador,Gravedad
true,1,5.5,0,20,52,false,false,true,false,false,false,false,Secundaria incompleta,Hombre,AREQUIPA,Costa,Aspersion,Otro,Sin ventas,Aspersion
true,3,1.41,99.71,8,56,false,false,true,false,false,false,false,Secundaria completa,Hombre,AREQUIPA,Sierra,Gravedad,Venta,Acopiador,Gravedad
true,2,17.7,0,40,60,false,false,true,false,false,false,false,Superior universitaria incompleta,Hombre,AREQUIPA,Costa,Gravedad,Otro,Sin ventas,Gravedad
true,1,3.3,91.47,30,54,false,false,true,false,false,false,false,Primaria completa,Hombre,AYACUCHO,Selva,Secano,Venta,Acopiador,Secano
true,1,8.91,46.78,37,55,false,false,true,false,false,true,false,Primaria incompleta,Mujer,AYACUCHO,Sierra,Secano,Autoconsumo,Comerciante mayorista,Secano
true,5,2.79,0,25,40,false,true,false,false,false,true,false,Secundaria completa,Hombre,AYACUCHO,Sierra,Gravedad,Otro,Sin ventas,Gravedad
true,1,2,87.37,20,41,false,true,true,false,true,false,true,Superior no universitaria completa,Hombre,CAJAMARCA,Selva,Secano,Venta,Comerciante mayorista,Secano
true,1,1,16.67,9,34,false,false,true,false,false,false,false,Superior no universitaria incompleta,Mujer,CAJAMARCA,Selva,Secano,Autoconsumo,Empresa/Agroindustria,Secano
true,4,5.9,0,18,50,false,false,false,false,false,false,false,Primaria incompleta,Hombre,CAJAMARCA,Sierra,Secano,Autoconsumo,Sin ventas,Secano
true,1,6.5,83.61,34,52,false,false,false,false,false,false,false,Secundaria completa,Hombre,CAJAMARCA,Sierra,Gravedad,Venta,Acopiador,Gravedad
true,4,26.4,94.84,30,50,false,false,true,false,false,false,false,Primaria incompleta,Mujer,CUSCO,Sierra,Aspersion,Venta,Comerciante mayorista,Aspersion
true,15,2.73,54.68,30,50,false,false,true,false,false,false,false,Primaria completa,Mujer,CUSCO,Sierra,Aspersion,Venta,Consumidor final,Aspersion
true,2,2.5,86.21,20,46,false,false,false,false,false,false,false,Primaria incompleta,Hombre,HUANCAVELICA,Sierra,Aspersion,Venta,Comerciante mayorista,Aspersion
true,5,12.43,86.08,40,62,false,false,true,false,false,false,false,Primaria completa,Hombre,HUANCAVELICA,Sierra,Otro,Venta,Comerciante mayorista,Otro
true,10,3.92,0,40,65,false,false,false,false,false,false,false,Primaria incompleta,Hombre,HUANCAVELICA,Sierra,Secano,Autoconsumo,Sin ventas,Secano
true,3,30.63,80.72,33,56,false,false,true,false,false,false,false,Primaria completa,Mujer,HUANUCO,Sierra,Gravedad,Venta,Consumidor final,Gravedad
true,2,7.09,99.69,5,58,false,true,true,false,false,false,true,Secundaria completa,Hombre,ICA,Costa,Gravedad,Venta,Acopiador,Gravedad
true,2,5.29,100,35,55,false,false,false,false,false,false,false,Primaria completa,Hombre,ICA,Costa,No especificado,Venta,Acopiador,No especificado
true,1,3,100,7,44,false,false,false,false,false,false,false,Primaria completa,Hombre,JUNIN,Selva,Secano,Venta,Comerciante minorista,Secano
false,2,20,92.54,30,59,false,false,false,false,false,false,false,Secundaria incompleta,Hombre,JUNIN,Selva,Secano,Venta,Acopiador,Secano
true,2,12.9,96.35,23,42,false,false,true,false,false,false,false,Primaria completa,Hombre,JUNIN,Selva,Secano,Venta,Acopiador,Secano
true,2,25,95.49,20,60,false,true,true,false,false,false,false,Secundaria incompleta,Hombre,JUNIN,Selva,Secano,Venta,Asociación/Cooperativa,Secano
true,15,6.68,81.38,12,36,false,false,true,false,false,false,false,Superior no universitaria incompleta,Hombre,JUNIN,Sierra,Secano,Venta,Comerciante mayorista,Secano
true,2,0.46,50,40,51,false,false,true,false,false,false,false,Sin nivel,Mujer,JUNIN,Sierra,Secano,Venta,Consumidor final,Secano
true,5,6.63,96.94,12,38,false,false,false,false,false,false,false,Secundaria incompleta,Hombre,JUNIN,Sierra,Aspersion,Venta,Comerciante mayorista,Aspersion
true,5,1.44,97.65,40,63,false,false,true,false,false,false,false,Primaria completa,Mujer,JUNIN,Sierra,No especificado,Venta,Acopiador,No especificado
true,3,3.6,79.84,19,37,false,false,true,false,false,false,false,Secundaria completa,Hombre,JUNIN,Sierra,Secano,Venta,Comerciante mayorista,Secano
true,1,0.59,74.85,8,30,false,false,false,false,false,false,false,Secundaria completa,Mujer,LA LIBERTAD,Costa,Gravedad,Venta,Comerciante minorista,Gravedad
true,1,27,0,10,55,false,false,true,true,false,false,false,Secundaria completa,Hombre,LA LIBERTAD,Costa,Goteo,Otro,Sin ventas,Goteo
true,1,4.4,90.48,24,55,false,false,true,false,false,false,false,Secundaria incompleta,Hombre,LAMBAYEQUE,Costa,Gravedad,Venta,Acopiador,Gravedad
true,2,9.5,98.04,30,52,false,false,true,false,false,false,false,Secundaria completa,Mujer,LAMBAYEQUE,Costa,Gravedad,Venta,Acopiador,Gravedad
true,6,10,100,20,51,false,false,true,false,false,false,false,Secundaria completa,Hombre,LIMA,Costa,Gravedad,Venta,Acopiador,Gravedad
true,11,6.2,0,15,41,false,false,false,false,false,false,false,Secundaria incompleta,Mujer,LIMA,Sierra,Aspersion,Otro,Sin ventas,Aspersion
true,1,3.6,100,33,56,false,false,true,false,false,false,true,Secundaria incompleta,Hombre,LIMA,Costa,Goteo,Venta,Comerciante mayorista,Goteo
true,2,11.64,96.94,46,74,false,false,false,false,false,false,false,Secundaria completa,Mujer,LIMA,Costa,Gravedad,Venta,Consumidor final,Gravedad
true,1,6.32,53.02,31,65,false,false,true,false,false,false,false,Primaria completa,Hombre,LORETO,Selva,Secano,Venta,Consumidor final,Secano
true,2,23,100,25,55,false,true,true,false,false,false,true,Primaria completa,Hombre,LORETO,Selva,Secano,Venta,Comerciante mayorista,Secano
true,2,3.8,0,4,51,false,false,false,false,false,false,false,Superior no universitaria completa,Hombre,MADRE DE DIOS,Selva,Secano,Autoconsumo,Sin ventas,Secano
true,2,1.83,98.74,25,46,false,false,true,false,false,false,false,Secundaria completa,Hombre,MOQUEGUA,Sierra,Gravedad,Venta,Acopiador,Gravedad
true,3,1.91,0,30,50,false,false,true,false,false,false,false,Superior universitaria completa,Hombre,MOQUEGUA,Sierra,Gravedad,Autoconsumo,Sin ventas,Gravedad
true,4,14,35.99,25,67,false,false,true,false,false,false,false,Primaria incompleta,Hombre,PIURA,Costa,Gravedad,Autoconsumo,Comerciante mayorista,Gravedad
true,1,2,100,3,34,false,false,true,false,false,false,false,Secundaria incompleta,Hombre,PIURA,Costa,No especificado,Venta,Comerciante mayorista,No especificado
true,2,3.45,99.13,17,53,false,false,true,false,false,false,false,Primaria incompleta,Hombre,PIURA,Costa,Gravedad,Venta,Comerciante minorista,Gravedad
true,1,0.06,76.36,9,51,false,false,true,false,false,false,false,Primaria completa,Mujer,PIURA,Costa,Gravedad,Venta,Comerciante minorista,Gravedad
true,1,0.2,0,2,42,false,false,true,false,false,false,false,Secundaria incompleta,Mujer,PIURA,Costa,No especificado,Autoconsumo,Sin ventas,No especificado
false,2,9.52,0,40,62,false,false,true,false,false,false,false,Secundaria completa,Hombre,PUNO,Sierra,Secano,Otro,Sin ventas,Secano
true,6,1.26,36.14,20,39,false,true,true,false,false,false,false,Secundaria completa,Mujer,PUNO,Sierra,Gravedad,Venta,Comerciante minorista,Gravedad
true,2,3.5,100,10,53,false,false,true,false,false,false,true,Superior no universitaria completa,Hombre,SAN MARTIN,Selva,Secano,Venta,Comerciante mayorista,Secano
true,1,2,100,5,32,false,false,true,false,false,false,false,Secundaria completa,Hombre,SAN MARTIN,Selva,Secano,Venta,Acopiador,Secano
true,1,20.5,100,32,55,false,false,true,true,false,false,false,Secundaria completa,Hombre,SAN MARTIN,Selva,Gravedad,Venta,Comerciante mayorista,Gravedad
true,4,58.21,93.35,28,61,false,true,true,false,false,false,false,Primaria incompleta,Hombre,SAN MARTIN,Selva,Secano,Venta,Comerciante minorista,Secano
true,5,1.44,100,45,63,false,true,true,false,false,false,false,Primaria incompleta,Hombre,TACNA,Sierra,Gravedad,Venta,Acopiador,Gravedad
true,4,2.5,89.49,30,63,false,true,true,false,false,false,false,Secundaria incompleta,Hombre,TACNA,Costa,Otro,Venta,Acopiador,Otro
true,5,3.8,99.98,35,46,false,false,true,false,false,false,false,Secundaria completa,Hombre,TACNA,Costa,Gravedad,Venta,Acopiador,Gravedad
true,2,2.8,89.58,50,67,false,true,true,false,true,false,true,Primaria completa,Hombre,TACNA,Costa,Goteo,Venta,Consumidor final,Goteo
true,1,5,98.74,20,59,false,true,true,false,false,false,false,Secundaria completa,Mujer,TACNA,Costa,Goteo,Venta,Comerciante mayorista,Goteo
true,2,4.5,94.75,30,51,false,true,true,false,false,false,false,Inicial,Hombre,TACNA,Costa,Goteo,Venta,Acopiador,Goteo
true,2,6,100,40,70,false,false,true,false,false,false,false,Primaria incompleta,Hombre,TUMBES,Costa,No especificado,Venta,Acopiador,No especificado
true,1,5.3,100,10,40,false,false,true,false,false,false,false,Secundaria completa,Hombre,TUMBES,Costa,Gravedad,Venta,Acopiador,Gravedad
false,1,7,97.22,8,57,false,false,true,false,false,false,false,Primaria incompleta,Hombre,UCAYALI,Selva,Secano,Venta,Comerciante mayorista,Secano
true,3,47,0,56,76,false,false,true,false,false,false,false,Primaria incompleta,Hombre,AMAZONAS,Sierra,Secano,Otro,Sin ventas,Secano
false,4,2.63,53.97,15,38,false,false,false,false,false,false,false,Primaria completa,Hombre,ANCASH,Sierra,Secano,Venta,Comerciante minorista,Secano
false,3,46.1,71.43,25,43,false,false,false,false,false,false,false,Primaria completa,Hombre,ANCASH,Sierra,No especificado,Venta,Consumidor final,No especificado
true,5,0.7,0,28,50,false,false,false,false,false,false,false,Primaria incompleta,Hombre,ANCASH,Sierra,Secano,Autoconsumo,Sin ventas,Secano
true,12,5.75,80.46,24,43,false,false,true,false,false,false,false,Primaria completa,Hombre,APURIMAC,Sierra,Aspersion,Venta,Acopiador,Aspersion
false,2,0.46,31.09,34,59,false,false,false,false,false,false,true,Secundaria completa,Mujer,AREQUIPA,Costa,Gravedad,Autoconsumo,Consumidor final,Gravedad
true,2,1.32,0,25,51,false,false,false,false,false,false,false,Superior no universitaria completa,Hombre,AREQUIPA,Sierra,Gravedad,Otro,Sin ventas,Gravedad
true,2,3.3,0,15,51,false,false,false,false,false,false,false,Secundaria completa,Mujer,AREQUIPA,Sierra,Gravedad,Autoconsumo,Sin ventas,Gravedad
true,14,70.5,100,16,90,false,false,true,true,false,false,false,Superior universitaria completa,Hombre,AREQUIPA,Costa,Goteo,Venta,Acopiador,Goteo
true,2,4.95,99.87,25,47,false,false,true,false,false,false,false,Superior no universitaria completa,Hombre,AREQUIPA,Costa,Gravedad,Venta,Acopiador,Gravedad
true,2,14,0,10,41,false,false,false,false,false,false,false,Secundaria completa,Hombre,AREQUIPA,Costa,Gravedad,Otro,Sin ventas,Gravedad
true,1,2.2,99.89,22,42,false,false,true,false,false,false,false,Superior no universitaria completa,Hombre,AREQUIPA,Costa,No especificado,Venta,Comerciante mayorista,No especificado
true,1,3.3,99.94,50,76,false,false,true,false,false,false,true,Secundaria incompleta,Hombre,AREQUIPA,Costa,Gravedad,Venta,Acopiador,Gravedad
true,15,4.85,0,34,51,false,false,false,false,false,false,false,Primaria incompleta,Hombre,AYACUCHO,Sierra,Aspersion,Autoconsumo,Sin ventas,Aspersion
true,13,3.56,0,27,44,false,false,false,false,false,false,false,Sin nivel,Mujer,AYACUCHO,Sierra,Aspersion,Autoconsumo,Sin ventas,Aspersion
true,7,1.66,35.71,10,35,false,false,false,false,false,false,false,Secundaria completa,Hombre,AYACUCHO,Sierra,No especificado,Autoconsumo,Comerciante mayorista,No especificado
true,3,5,84.62,40,62,false,false,true,false,false,false,false,Secundaria incompleta,Hombre,AYACUCHO,Selva,Secano,Venta,Acopiador,Secano
true,3,4.5,93.29,15,44,false,false,false,false,false,false,false,Primaria incompleta,Hombre,AYACUCHO,Selva,Secano,Venta,Comerciante minorista,Secano
false,1,9,44.26,5,26,false,false,true,false,false,false,false,Secundaria completa,Mujer,AYACUCHO,Selva,Secano,Autoconsumo,Comerciante mayorista,Secano
false,3,8.85,97.54,6,41,false,false,true,false,false,false,false,Superior universitaria completa,Hombre,AYACUCHO,Sierra,Aspersion,Venta,Comerciante mayorista,Aspersion
true,4,4.85,93.86,33,50,false,false,true,false,false,false,false,Primaria incompleta,Hombre,AYACUCHO,Sierra,Aspersion,Venta,Comerciante mayorista,Aspersion
true,2,2.03,0,25,35,false,false,false,false,false,false,false,Primaria completa,Hombre,AYACUCHO,Sierra,Gravedad,Autoconsumo,Sin ventas,Gravedad
true,3,1,91.67,2,23,false,false,true,false,false,false,false,Secundaria completa,Hombre,AYACUCHO,Sierra,No especificado,Venta,Acopiador,No especificado
true,2,3,96.62,25,50,false,false,true,false,false,true,false,Primaria incompleta,Hombre,AYACUCHO,Selva,Goteo,Venta,Comerciante minorista,Goteo
true,3,103.5,4.76,28,45,false,true,true,false,false,false,false,Primaria completa,Hombre,CAJAMARCA,Selva,Secano,Autoconsumo,Comerciante minorista,Secano
true,3,4.5,53.82,35,54,false,false,false,false,false,false,false,Sin nivel,Mujer,CAJAMARCA,Sierra,Secano,Venta,Comerciante mayorista,Secano
true,4,7.25,0,30,62,false,false,false,false,false,false,false,Superior no universitaria completa,Hombre,CAJAMARCA,Sierra,No especificado,Otro,Sin ventas,No especificado
true,4,12.1,0,13,34,false,false,true,false,false,false,false,Superior no universitaria incompleta,Hombre,CAJAMARCA,Sierra,Secano,Autoconsumo,Sin ventas,Secano
true,3,2.35,0,13,35,false,false,false,false,false,false,false,Primaria completa,Hombre,CAJAMARCA,Sierra,Secano,Autoconsumo,Sin ventas,Secano
true,9,6.35,76.98,30,47,false,false,true,false,false,false,false,Secundaria completa,Hombre,CUSCO,Sierra,Aspersion,Venta,Consumidor final,Aspersion
true,2,1.17,0,2,55,false,false,true,false,false,false,true,Secundaria completa,Mujer,HUANCAVELICA,Sierra,Goteo,Otro,Sin ventas,Goteo
true,2,38,98.71,43,52,false,false,true,false,false,false,false,Primaria incompleta,Hombre,HUANUCO,Selva,Secano,Venta,Comerciante mayorista,Secano
true,2,200,95.57,35,68,false,true,true,false,false,false,false,Primaria completa,Hombre,HUANUCO,Selva,Secano,Venta,Acopiador,Secano
true,3,7.5,95.91,30,69,false,false,true,false,false,false,false,Primaria incompleta,Mujer,ICA,Costa,Gravedad,Venta,Acopiador,Gravedad
true,1,5.8,100,20,53,false,true,true,false,true,false,true,Secundaria completa,Hombre,ICA,Costa,Gravedad,Venta,Acopiador,Gravedad
true,1,22.46,98.89,31,53,false,false,true,false,false,false,false,Secundaria completa,Hombre,ICA,Costa,Gravedad,Venta,Acopiador,Gravedad
true,2,12.4,100,5,27,false,false,true,false,false,false,false,Secundaria completa,Hombre,ICA,Costa,No especificado,Venta,Acopiador,No especificado
true,1,5,100,10,51,false,false,true,false,false,false,false,Superior no universitaria incompleta,Mujer,ICA,Costa,No especificado,Venta,Acopiador,No especificado
true,3,4.3,81.94,30,60,false,false,false,false,false,false,false,Sin nivel,Hombre,JUNIN,Selva,Secano,Venta,Comerciante minorista,Secano
false,2,15,100,39,59,false,false,true,false,false,false,false,Primaria incompleta,Hombre,JUNIN,Selva,Secano,Venta,Acopiador,Secano
true,5,0.66,100,30,59,false,false,true,true,false,false,false,Superior no universitaria incompleta,Hombre,JUNIN,Sierra,Gravedad,Venta,Comerciante mayorista,Gravedad
true,2,0.25,92.31,20,43,false,false,true,false,false,false,false,Secundaria completa,Hombre,JUNIN,Sierra,Gravedad,Venta,Acopiador,Gravedad
true,1,8.15,90.27,36,59,false,true,true,false,false,false,false,Primaria completa,Hombre,JUNIN,Selva,Secano,Venta,Acopiador,Secano
true,5,2.27,70.59,20,44,false,false,true,false,false,false,false,Secundaria completa,Hombre,JUNIN,Sierra,Gravedad,Venta,Consumidor final,Gravedad
true,6,8.75,83.25,45,62,false,false,false,false,false,false,false,Primaria completa,Hombre,JUNIN,Selva,Aspersion,Venta,Acopiador,Aspersion
false,4,40.35,0,40,81,false,true,false,false,false,false,false,Secundaria incompleta,Hombre,LA LIBERTAD,Sierra,Secano,Otro,Sin ventas,Secano
true,3,13.54,98.68,25,64,false,false,true,false,false,false,false,Primaria incompleta,Hombre,LA LIBERTAD,Costa,Secano,Venta,Comerciante mayorista,Secano
true,2,3.95,81.24,4,34,false,false,true,false,false,false,false,Secundaria completa,Mujer,LA LIBERTAD,Costa,Gravedad,Venta,Empresa/Agroindustria,Gravedad
true,1,3.75,99.09,9,26,false,false,true,false,false,false,false,Secundaria completa,Hombre,LAMBAYEQUE,Costa,Gravedad,Venta,Comerciante mayorista,Gravedad
true,1,6,0,40,58,false,false,true,false,false,false,false,Primaria completa,Mujer,LAMBAYEQUE,Costa,Gravedad,Otro,Sin ventas,Gravedad
true,3,4.45,95.33,48,64,false,false,true,false,false,false,false,Secundaria incompleta,Hombre,LAMBAYEQUE,Costa,Gravedad,Venta,Acopiador,Gravedad
true,1,3.7,100,20,56,false,false,true,false,false,false,false,Primaria completa,Hombre,LIMA,Costa,Gravedad,Venta,Comerciante mayorista,Gravedad
false,2,0.12,100,40,61,false,false,true,false,false,false,false,Secundaria completa,Hombre,LIMA,Costa,Gravedad,Venta,Acopiador,Gravedad
true,2,8.75,100,6,39,false,false,true,false,false,false,false,Secundaria completa,Hombre,LIMA,Costa,Gravedad,Venta,Acopiador,Gravedad
true,2,105,0,6,43,false,false,true,false,false,false,false,Superior no universitaria completa,Hombre,MADRE DE DIOS,Selva,Secano,Otro,Sin ventas,Secano
true,1,35.03,0,20,44,false,false,true,false,false,false,false,Secundaria incompleta,Hombre,PASCO,Selva,Secano,Otro,Sin ventas,Secano
true,2,15,99.88,14,38,false,false,false,false,false,false,false,Primaria incompleta,Hombre,PASCO,Selva,Secano,Venta,Comerciante mayorista,Secano
true,1,21,96.3,40,72,false,false,true,false,false,false,false,Secundaria completa,Hombre,PIURA,Costa,Gravedad,Venta,Acopiador,Gravedad
true,1,4.35,99.3,18,58,false,false,true,false,false,false,false,Primaria completa,Hombre,PIURA,Costa,Gravedad,Venta,Comerciante mayorista,Gravedad
false,1,0.67,32.3,25,48,false,false,true,false,false,false,false,Primaria incompleta,Hombre,PIURA,Costa,Gravedad,Autoconsumo,Acopiador,Gravedad
true,2,2,98.86,10,50,false,false,true,false,false,false,false,Primaria incompleta,Hombre,PIURA,Costa,Gravedad,Venta,Comerciante mayorista,Gravedad
true,2,3.5,95.45,49,73,false,false,true,false,false,false,false,Primaria incompleta,Hombre,PIURA,Costa,Gravedad,Venta,Comerciante mayorista,Gravedad
false,6,8.68,0,45,69,false,false,true,false,false,false,false,Superior no universitaria completa,Mujer,PUNO,Sierra,Gravedad,Autoconsumo,Sin ventas,Gravedad
true,3,8.32,0,30,47,false,true,true,false,false,false,false,Primaria completa,Mujer,PUNO,Sierra,Secano,Otro,Sin ventas,Secano
true,1,15,0,48,66,false,false,true,false,false,false,false,Primaria completa,Mujer,PUNO,Sierra,Secano,Otro,Sin ventas,Secano
true,1,5,80.15,20,44,false,false,true,false,false,false,false,Primaria completa,Hombre,SAN MARTIN,Selva,Gravedad,Venta,Comerciante mayorista,Gravedad
true,1,2.3,0,41,60,false,true,true,false,false,false,true,Primaria completa,Hombre,SAN MARTIN,Selva,Gravedad,Autoconsumo,Sin ventas,Gravedad
false,3,46.08,18.27,40,67,false,false,true,false,false,false,false,Superior universitaria completa,Mujer,SAN MARTIN,Selva,Secano,Autoconsumo,Acopiador,Secano
true,3,24.17,100,15,48,false,false,true,true,false,false,false,Secundaria completa,Hombre,SAN MARTIN,Selva,Gravedad,Venta,Comerciante mayorista,Gravedad
true,3,12.5,100,27,61,false,true,true,false,false,false,false,Secundaria completa,Hombre,SAN MARTIN,Selva,Secano,Venta,Asociación/Cooperativa,Secano
true,2,23.5,99.22,28,63,false,false,true,false,false,false,false,Primaria completa,Hombre,SAN MARTIN,Selva,Secano,Venta,Comerciante mayorista,Secano
true,3,5.9,99.39,20,53,false,false,true,false,true,false,true,Superior no universitaria completa,Hombre,TACNA,Costa,Goteo,Venta,Acopiador,Goteo
false,3,5.37,99.34,15,55,false,true,true,false,false,false,true,Secundaria completa,Hombre,TACNA,Costa,Goteo,Venta,Acopiador,Goteo
true,1,10.5,100,10,57,false,true,true,false,false,false,false,Superior universitaria completa,Mujer,TACNA,Costa,Goteo,Venta,Acopiador,Goteo
true,1,8,77.78,22,49,false,false,true,false,false,false,false,Secundaria completa,Hombre,TACNA,Costa,Goteo,Venta,Acopiador,Goteo
true,1,1,99.98,6,41,false,false,true,true,false,false,false,Secundaria completa,Hombre,TUMBES,Costa,Gravedad,Venta,Acopiador,Gravedad
true,2,18.7,100,40,53,false,false,true,false,false,false,false,Primaria completa,Hombre,TUMBES,Costa,Gravedad,Venta,Acopiador,Gravedad
true,1,3,99.67,11,55,false,false,true,false,false,false,false,Primaria completa,Mujer,TUMBES,Costa,Gravedad,Venta,Acopiador,Gravedad
true,2,3,96.36,15,42,false,false,true,false,false,false,false,Secundaria incompleta,Hombre,AMAZONAS,Selva,No especificado,Venta,Acopiador,No especificado
true,1,7,0,20,43,false,false,false,false,false,false,false,Secundaria incompleta,Hombre,AMAZONAS,Sierra,Secano,Otro,Sin ventas,Secano
true,3,5.75,27.57,18,39,false,false,true,false,false,false,false,Secundaria incompleta,Hombre,AMAZONAS,Selva,Secano,Autoconsumo,Comerciante minorista,Secano
true,4,15.5,0,30,54,false,false,false,false,false,false,false,Primaria incompleta,Hombre,AMAZONAS,Sierra,Secano,Otro,Sin ventas,Secano
true,3,1.72,100,33,60,false,false,true,false,false,false,false,Primaria completa,Hombre,ANCASH,Sierra,Gravedad,Venta,Acopiador,Gravedad
false,6,8.05,99.8,25,53,false,false,false,false,false,false,false,Primaria incompleta,Hombre,ANCASH,Costa,Gravedad,Venta,Comerciante mayorista,Gravedad
true,2,1.6,95.49,17,40,false,false,true,false,false,false,false,Primaria completa,Hombre,APURIMAC,Sierra,Secano,Venta,Consumidor final,Secano
true,4,1.42,69.36,20,53,false,true,true,false,false,false,false,Primaria incompleta,Hombre,APURIMAC,Sierra,Gravedad,Venta,Acopiador,Gravedad
true,6,3.75,95.95,30,51,false,false,false,false,false,false,false,Secundaria completa,Hombre,APURIMAC,Sierra,Goteo,Venta,Acopiador,Goteo
true,1,2.4,86.84,25,59,false,false,false,false,false,false,false,Secundaria incompleta,Mujer,AREQUIPA,Costa,Gravedad,Venta,Comerciante mayorista,Gravedad
false,1,11,0,15,52,false,false,true,false,false,false,false,Primaria completa,Mujer,AREQUIPA,Costa,Gravedad,Otro,Sin ventas,Gravedad
true,2,6,99.52,23,56,false,true,true,false,false,false,true,Superior universitaria incompleta,Hombre,AREQUIPA,Costa,Goteo,Venta,Acopiador,Goteo
true,5,1.78,100,15,45,false,false,true,false,false,false,false,Secundaria completa,Hombre,AREQUIPA,Sierra,Gravedad,Venta,Comerciante minorista,Gravedad
true,6,3.63,100,20,43,false,false,true,false,false,false,false,Superior no universitaria completa,Hombre,AREQUIPA,Sierra,Gravedad,Venta,Consumidor final,Gravedad
true,1,1.16,0,12,27,false,false,true,true,false,false,true,Secundaria completa,Mujer,AREQUIPA,Costa,Gravedad,Otro,Sin ventas,Gravedad
true,1,3.4,100,20,38,false,false,true,false,false,false,false,Superior no universitaria incompleta,Hombre,AREQUIPA,Sierra,Gravedad,Venta,Comerciante mayorista,Gravedad
true,2,2.75,98.95,30,53,false,false,true,false,false,false,false,Superior universitaria completa,Hombre,AREQUIPA,Costa,No especificado,Venta,Acopiador,No especificado
true,3,3.5,93.12,8,41,false,false,true,false,false,false,true,Secundaria completa,Hombre,AYACUCHO,Selva,Secano,Venta,Consumidor final,Secano
true,3,1.11,0,7,26,false,false,false,false,false,false,false,Primaria completa,Hombre,AYACUCHO,Sierra,No especificado,Otro,Sin ventas,No especificado
false,5,6,98.58,5,23,false,false,true,false,false,true,false,Secundaria completa,Hombre,AYACUCHO,Sierra,Aspersion,Venta,Comerciante mayorista,Aspersion
true,5,5.65,90.44,19,40,false,false,true,false,false,false,false,Secundaria incompleta,Hombre,AYACUCHO,Sierra,Aspersion,Venta,Acopiador,Aspersion
true,7,18.9,100,20,52,false,false,true,false,false,false,false,Primaria incompleta,Hombre,AYACUCHO,Sierra,Gravedad,Venta,Acopiador,Gravedad
true,4,0.63,1.16,14,34,false,false,true,false,false,false,false,Secundaria completa,Hombre,AYACUCHO,Sierra,Gravedad,Autoconsumo,Acopiador,Gravedad
true,6,5.99,85.71,13,38,false,false,true,false,false,false,false,Secundaria completa,Hombre,AYACUCHO,Sierra,Gravedad,Venta,Comerciante mayorista,Gravedad
true,2,8.4,0,9,30,false,false,true,false,false,false,false,Secundaria completa,Hombre,CAJAMARCA,Sierra,Gravedad,Autoconsumo,Sin ventas,Gravedad
true,6,8.25,0,18,42,false,false,true,false,false,false,false,Secundaria completa,Hombre,CAJAMARCA,Sierra,Aspersion,Autoconsumo,Sin ventas,Aspersion
true,4,1.5,0,36,54,false,true,false,false,false,false,false,Primaria incompleta,Hombre,CAJAMARCA,Sierra,Gravedad,Otro,Sin ventas,Gravedad
true,13,1.93,45.6,30,48,false,true,true,false,false,false,false,Primaria completa,Hombre,CUSCO,Sierra,Aspersion,Venta,Comerciante minorista,Aspersion
true,3,139,70.83,20,43,false,false,true,false,false,false,false,Secundaria completa,Hombre,CUSCO,Sierra,Aspersion,Venta,Acopiador,Aspersion
true,5,29,0,45,66,false,false,true,false,false,false,false,Superior no universitaria incompleta,Hombre,CUSCO,Sierra,Secano,Autoconsumo,Sin ventas,Secano
true,22,12.32,0.77,20,55,false,false,true,false,false,false,false,Secundaria completa,Hombre,HUANCAVELICA,Sierra,Aspersion,Autoconsumo,Consumidor final,Aspersion
true,1,563,0,5,46,false,false,true,false,false,false,false,Superior no universitaria completa,Hombre,HUANUCO,Selva,Secano,Otro,Sin ventas,Secano
true,2,3.5,0,5,21,false,false,true,false,false,false,false,Primaria completa,Mujer,HUANUCO,Selva,Secano,Otro,Sin ventas,Secano
true,3,145,40.97,30,51,false,false,true,false,false,false,false,Secundaria incompleta,Hombre,HUANUCO,Selva,Secano,Autoconsumo,Comerciante minorista,Secano
true,2,5.5,100,20,42,false,false,true,false,false,false,false,Secundaria completa,Hombre,HUANUCO,Sierra,Gravedad,Venta,Comerciante mayorista,Gravedad
true,4,29,0,20,56,false,false,true,false,false,false,false,Superior universitaria completa,Hombre,ICA,Costa,Goteo,Otro,Sin ventas,Goteo
true,3,6.53,94.97,4,42,false,false,false,false,false,false,false,Superior no universitaria completa,Hombre,ICA,Costa,Gravedad,Venta,Acopiador,Gravedad
true,1,10,100,12,54,false,false,true,false,false,false,false,Secundaria completa,Hombre,ICA,Costa,Gravedad,Venta,Acopiador,Gravedad
true,2,13,98.1,23,54,false,true,true,false,false,false,false,Secundaria completa,Hombre,JUNIN,Selva,Secano,Venta,Acopiador,Secano
true,2,12,100,30,49,false,false,true,false,false,false,false,Secundaria completa,Hombre,JUNIN,Selva,Secano,Venta,Acopiador,Secano
true,2,1.5,0,18,33,false,false,true,false,false,false,false,Secundaria incompleta,Mujer,JUNIN,Sierra,Aspersion,Otro,Sin ventas,Aspersion
true,3,11.16,100,24,42,false,true,true,false,false,false,false,Primaria incompleta,Hombre,LA LIBERTAD,Costa,Goteo,Venta,Acopiador,Goteo
true,2,1.49,98.77,20,45,false,false,true,false,false,false,false,Secundaria completa,Mujer,LA LIBERTAD,Costa,Gravedad,Venta,Comerciante mayorista,Gravedad
true,1,0.2,98.75,31,58,false,false,true,false,false,false,false,Secundaria completa,Hombre,LA LIBERTAD,Costa,Gravedad,Venta,Comerciante mayorista,Gravedad
true,6,3.93,69.88,13,31,false,true,false,false,false,false,false,Secundaria completa,Hombre,LA LIBERTAD,Sierra,Secano,Venta,Comerciante minorista,Secano
true,2,0.6,0,21,45,false,false,true,false,false,false,false,Primaria incompleta,Mujer,LAMBAYEQUE,Costa,Gravedad,Otro,Sin ventas,Gravedad
true,2,6.01,100,20,55,false,false,true,false,false,false,false,Superior universitaria incompleta,Hombre,LIMA,Costa,Gravedad,Venta,Comerciante mayorista,Gravedad
true,2,4.5,96.63,40,73,false,false,true,false,false,false,true,Secundaria completa,Hombre,LIMA,Costa,Gravedad,Venta,Acopiador,Gravedad
true,2,38.5,100,12,32,false,false,true,false,false,false,false,Superior no universitaria completa,Hombre,LIMA,Costa,Gravedad,Venta,Comerciante mayorista,Gravedad
true,1,40,93.75,35,56,false,false,false,false,false,false,false,Primaria incompleta,Mujer,MADRE DE DIOS,Selva,Secano,Venta,Comerciante mayorista,Secano
true,3,1.6,91.32,15,56,false,false,true,false,false,false,false,Secundaria incompleta,Mujer,MOQUEGUA,Costa,Gravedad,Venta,Comerciante minorista,Gravedad
true,1,1.5,94.43,40,53,false,false,false,false,false,false,false,Secundaria completa,Hombre,MOQUEGUA,Costa,Gravedad,Venta,Comerciante minorista,Gravedad
true,30,9.25,94.12,43,55,false,false,false,false,false,false,false,Secundaria completa,Hombre,PASCO,Sierra,Secano,Venta,Acopiador,Secano
true,1,16.64,0,20,43,false,false,true,false,false,false,false,Superior universitaria incompleta,Hombre,PASCO,Selva,Aspersion,Otro,Sin ventas,Aspersion
true,4,56.25,99.9,5,31,false,false,true,false,false,true,false,Secundaria completa,Hombre,PASCO,Selva,Secano,Venta,Acopiador,Secano
true,2,12,85.27,5,60,false,false,true,false,false,true,false,Sin nivel,Mujer,PASCO,Selva,Secano,Venta,Acopiador,Secano
true,2,1.57,99.56,30,51,false,false,true,false,false,false,false,Secundaria incompleta,Hombre,PASCO,Selva,Secano,Venta,Acopiador,Secano
true,2,1.1,97.73,20,56,false,false,true,true,false,false,false,Primaria completa,Hombre,PIURA,Costa,Gravedad,Venta,Acopiador,Gravedad
true,1,4.5,99.11,25,54,false,false,true,true,false,false,false,Superior universitaria completa,Mujer,PIURA,Costa,Gravedad,Venta,Comerciante mayorista,Gravedad
true,1,3,100,25,58,false,false,true,false,false,false,false,Primaria incompleta,Hombre,PIURA,Costa,Secano,Venta,Empresa/Agroindustria,Secano
true,1,2,0,8,46,false,false,false,false,false,false,false,Superior no universitaria completa,Hombre,PIURA,Costa,Secano,Otro,Sin ventas,Secano
true,4,9,0,39,56,false,false,true,false,false,false,false,Primaria completa,Hombre,PUNO,Sierra,Secano,Otro,Sin ventas,Secano
true,3,6.1,100,44,64,false,false,true,false,false,false,false,Primaria completa,Hombre,SAN MARTIN,Selva,Gravedad,Venta,Acopiador,Gravedad
true,2,425,0,30,59,false,false,true,false,false,false,false,Secundaria completa,Hombre,SAN MARTIN,Selva,Secano,Autoconsumo,Sin ventas,Secano
true,3,40,41.39,51,49,false,false,true,false,false,false,true,Secundaria completa,Mujer,SAN MARTIN,Selva,Secano,Autoconsumo,Comerciante minorista,Secano
true,4,11,100,24,60,false,true,true,false,false,false,true,Primaria completa,Mujer,SAN MARTIN,Selva,Secano,Venta,Asociación/Cooperativa,Secano
true,2,2.7,100,11,61,false,true,false,false,false,false,false,Secundaria incompleta,Hombre,TACNA,Costa,Gravedad,Venta,Acopiador,Gravedad
true,3,2,95.65,9,59,false,true,true,false,false,false,false,Primaria completa,Hombre,TACNA,Costa,Goteo,Venta,Acopiador,Goteo
false,2,20,99.89,10,42,false,true,true,false,false,false,false,Secundaria completa,Hombre,TACNA,Costa,Goteo,Venta,Acopiador,Goteo
false,1,5,99.82,45,64,false,false,true,false,false,false,false,Superior universitaria completa,Mujer,TACNA,Costa,Goteo,Venta,Comerciante minorista,Goteo
true,1,10.5,99.93,18,57,false,true,true,false,false,false,true,Secundaria incompleta,Hombre,TACNA,Costa,Goteo,Venta,Acopiador,Goteo
true,4,16,100,10,42,false,true,true,false,false,false,false,Secundaria completa,Hombre,TACNA,Costa,Goteo,Venta,Acopiador,Goteo
true,2,10,0,12,34,false,false,true,true,false,false,false,Secundaria incompleta,Hombre,TUMBES,Costa,Gravedad,Otro,Sin ventas,Gravedad
true,1,2.2,100,23,46,false,false,true,true,false,false,false,Superior no universitaria incompleta,Hombre,TUMBES,Costa,Gravedad,Venta,Acopiador,Gravedad
true,2,2.5,99.62,13,35,false,false,true,false,false,false,false,Secundaria incompleta,Hombre,TUMBES,Costa,Gravedad,Venta,Acopiador,Gravedad
true,1,0.72,100,20,56,false,false,false,false,false,false,false,Secundaria completa,Hombre,TUMBES,Costa,Gravedad,Venta,Comerciante mayorista,Gravedad
true,1,61,100,5,34,false,true,true,false,false,false,true,Secundaria completa,Mujer,UCAYALI,Selva,Secano,Venta,Empresa/Agroindustria,Secano
true,2,7.5,100,15,32,false,false,true,false,false,false,false,Secundaria completa,Mujer,UCAYALI,Selva,Secano,Venta,Acopiador,Secano
true,1,12,99.83,8,47,false,false,true,false,false,false,false,Superior no universitaria completa,Mujer,UCAYALI,Selva,Secano,Venta,Comerciante minorista,Secano
true,2,10,100,5,36,false,false,true,true,false,false,false,Primaria completa,Hombre,AMAZONAS,Selva,Gravedad,Venta,Comerciante mayorista,Gravedad
true,2,19.3,81.77,35,55,false,false,true,false,false,false,false,Primaria completa,Hombre,AMAZONAS,Selva,Secano,Venta,Comerciante mayorista,Secano
true,2,3,57.14,14,32,false,false,true,false,false,false,false,Secundaria completa,Hombre,AMAZONAS,Selva,Secano,Venta,Acopiador,Secano
true,2,6.5,99.49,16,40,false,false,true,false,false,false,true,Superior universitaria completa,Mujer,ANCASH,Costa,Goteo,Venta,Comerciante mayorista,Goteo
false,4,1.78,0,40,60,false,true,true,false,false,false,false,Secundaria completa,Hombre,ANCASH,Costa,Gravedad,Autoconsumo,Sin ventas,Gravedad
true,3,6.18,99.46,7,23,false,false,true,false,false,false,false,Superior no universitaria completa,Hombre,ANCASH,Costa,Gravedad,Venta,Comerciante mayorista,Gravedad
true,7,5.53,95.74,8,30,false,true,false,false,false,false,false,Secundaria completa,Hombre,APURIMAC,Sierra,Gravedad,Venta,Comerciante minorista,Gravedad
true,3,0.78,75,6,36,false,false,true,false,false,false,false,Secundaria completa,Mujer,AREQUIPA,Sierra,Gravedad,Venta,Comerciante minorista,Gravedad
true,1,0.34,0,2,39,false,false,false,false,false,false,false,Secundaria completa,Hombre,AREQUIPA,Costa,Secano,Otro,Sin ventas,Secano
true,5,13.2,100,40,60,false,false,true,false,false,false,true,Superior universitaria incompleta,Hombre,AREQUIPA,Costa,Gravedad,Venta,Consumidor final,Gravedad
true,2,7.76,99.84,25,42,false,true,true,false,false,false,false,Secundaria incompleta,Hombre,AREQUIPA,Costa,Gravedad,Venta,Acopiador,Gravedad
true,3,3.26,0,10,33,false,false,true,false,false,false,false,Secundaria completa,Hombre,AREQUIPA,Costa,No especificado,Otro,Sin ventas,No especificado
false,1,1.7,98.17,10,43,false,false,true,false,false,false,false,Secundaria completa,Hombre,AREQUIPA,Costa,Gravedad,Venta,Comerciante mayorista,Gravedad
true,2,37.5,100,45,65,false,false,true,false,false,false,true,Superior universitaria completa,Hombre,AREQUIPA,Costa,Goteo,Venta,Comerciante mayorista,Goteo
true,2,5.5,100,30,59,false,false,true,false,false,false,false,Secundaria completa,Hombre,AREQUIPA,Costa,Gravedad,Venta,Acopiador,Gravedad
true,1,0.34,0,5,36,false,false,true,false,false,false,false,Secundaria completa,Mujer,AYACUCHO,Sierra,Secano,Autoconsumo,Sin ventas,Secano
true,9,4,46.88,15,43,false,false,true,false,false,false,false,Primaria incompleta,Hombre,AYACUCHO,Sierra,Aspersion,Venta,Comerciante minorista,Aspersion
true,9,2.83,93.64,11,36,false,false,true,false,false,true,false,Secundaria incompleta,Hombre,AYACUCHO,Sierra,Aspersion,Venta,Comerciante mayorista,Aspersion
true,7,9.88,83.48,22,42,false,false,true,false,false,false,false,Primaria incompleta,Hombre,AYACUCHO,Sierra,Gravedad,Venta,Comerciante minorista,Gravedad
true,5,7.2,96.98,22,41,false,false,true,false,false,false,false,Primaria completa,Hombre,AYACUCHO,Sierra,No especificado,Venta,Comerciante mayorista,No especificado
true,3,0.55,0.66,28,46,false,false,true,false,false,false,true,Secundaria completa,Mujer,AYACUCHO,Sierra,Aspersion,Autoconsumo,Consumidor final,Aspersion
true,2,70,0,28,47,false,false,false,false,false,false,false,Secundaria incompleta,Mujer,CAJAMARCA,Selva,Secano,Otro,Sin ventas,Secano
false,2,2.5,96.23,12,49,false,true,true,false,true,false,false,Secundaria completa,Hombre,CAJAMARCA,Selva,Secano,Venta,Asociación/Cooperativa,Secano
true,1,3.75,96.3,27,51,false,false,true,false,false,false,false,Secundaria incompleta,Hombre,CAJAMARCA,Selva,No especificado,Venta,Acopiador,No especificado
true,1,160,100,23,38,false,false,false,false,false,false,false,Primaria completa,Mujer,CAJAMARCA,Selva,Secano,Venta,Consumidor final,Secano
true,6,14,39.66,31,45,false,true,true,false,true,false,true,Primaria completa,Hombre,CAJAMARCA,Sierra,Secano,Autoconsumo,Empresa/Agroindustria,Secano
true,17,13.41,29.42,30,62,false,false,true,false,false,false,false,Primaria incompleta,Hombre,HUANCAVELICA,Sierra,Secano,Venta,Acopiador,Secano
true,1,82,0,25,55,false,false,false,false,false,false,false,Secundaria completa,Hombre,HUANUCO,Selva,Secano,Otro,Sin ventas,Secano
true,3,126,92.58,40,57,false,false,true,false,false,false,false,Secundaria completa,Hombre,HUANUCO,Sierra,Gravedad,Venta,Acopiador,Gravedad
true,2,3.96,100,40,78,false,false,true,false,false,false,false,Primaria incompleta,Hombre,ICA,Costa,Gravedad,Venta,Acopiador,Gravedad
true,1,22.5,98.24,20,52,false,false,true,false,false,false,false,Secundaria completa,Hombre,ICA,Costa,Gravedad,Venta,Acopiador,Gravedad
true,1,6,100,20,49,false,false,true,false,false,false,true,Secundaria completa,Hombre,ICA,Costa,Gravedad,Venta,Acopiador,Gravedad
true,1,11.5,99.37,40,61,false,true,true,false,false,false,false,Secundaria completa,Hombre,JUNIN,Selva,Aspersion,Venta,Acopiador,Aspersion
false,1,11,100,30,55,false,false,false,false,false,false,false,Secundaria incompleta,Hombre,JUNIN,Selva,Secano,Venta,Acopiador,Secano
true,7,6.1,88,46,64,false,false,true,false,false,false,false,Primaria incompleta,Hombre,JUNIN,Sierra,Aspersion,Venta,Comerciante mayorista,Aspersion
true,1,16,52.01,25,49,false,false,true,false,false,false,false,Primaria completa,Hombre,JUNIN,Sierra,Secano,Venta,Consumidor final,Secano
true,2,5,98.06,20,41,false,true,true,false,false,false,true,Secundaria completa,Hombre,JUNIN,Selva,Secano,Venta,Acopiador,Secano
true,1,1.3,92.31,30,62,false,false,true,false,false,false,false,Sin nivel,Hombre,LA LIBERTAD,Costa,Secano,Venta,Acopiador,Secano
true,2,2.15,0,15,43,false,false,true,false,false,false,false,Primaria completa,Hombre,LA LIBERTAD,Costa,Gravedad,Otro,Sin ventas,Gravedad
true,1,22.52,97.6,32,52,false,false,true,false,false,false,false,Secundaria incompleta,Hombre,LA LIBERTAD,Costa,Gravedad,Venta,Comerciante mayorista,Gravedad
true,3,34.5,90.97,30,51,false,false,true,false,false,false,false,Superior no universitaria completa,Hombre,LAMBAYEQUE,Costa,Gravedad,Venta,Comerciante mayorista,Gravedad
true,1,1.75,15,12,41,false,false,true,false,false,false,false,Secundaria incompleta,Hombre,LAMBAYEQUE,Costa,Gravedad,Autoconsumo,Comerciante minorista,Gravedad
true,1,3.5,91.77,30,62,false,false,true,false,false,false,false,Secundaria completa,Mujer,LAMBAYEQUE,Costa,Gravedad,Venta,Consumidor final,Gravedad
true,1,30,98.6,14,47,false,false,true,false,false,false,false,Secundaria incompleta,Hombre,MADRE DE DIOS,Selva,Secano,Venta,Acopiador,Secano
true,2,4.29,0,4,75,false,false,false,false,false,false,false,Superior universitaria completa,Hombre,MADRE DE DIOS,Selva,Secano,Otro,Sin ventas,Secano
false,7,4.62,7.53,42,61,false,false,true,false,false,false,false,Primaria completa,Hombre,MOQUEGUA,Sierra,Gravedad,Autoconsumo,Consumidor final,Gravedad
true,1,3.42,97.3,6,51,false,false,true,false,false,false,true,Secundaria completa,Mujer,MOQUEGUA,Costa,Gravedad,Venta,Consumidor final,Gravedad
true,11,5.65,83.33,20,46,false,false,false,false,false,true,false,Secundaria completa,Hombre,PASCO,Sierra,Secano,Venta,Acopiador,Secano
true,2,5.5,100,6,30,false,false,true,false,false,false,false,Secundaria completa,Hombre,PIURA,Costa,Gravedad,Venta,Acopiador,Gravedad
false,1,7,0,36,53,false,false,true,false,false,false,false,Primaria incompleta,Hombre,PIURA,Costa,Gravedad,Otro,Sin ventas,Gravedad
false,4,19.5,0,13,48,false,false,true,false,false,false,false,Primaria incompleta,Mujer,PUNO,Sierra,Secano,Otro,Sin ventas,Secano
true,17,3.61,0,30,55,false,false,true,false,false,false,false,Primaria completa,Hombre,PUNO,Sierra,Secano,Autoconsumo,Sin ventas,Secano
true,2,4.7,98.39,51,69,false,false,true,false,false,false,false,Primaria completa,Hombre,SAN MARTIN,Selva,Gravedad,Venta,Comerciante mayorista,Gravedad
true,4,12.25,85.94,25,51,false,false,true,false,false,false,false,Primaria completa,Hombre,SAN MARTIN,Selva,Gravedad,Venta,Acopiador,Gravedad
true,2,13,52.38,26,45,false,false,true,false,false,false,false,Primaria completa,Hombre,SAN MARTIN,Selva,Gravedad,Venta,Comerciante mayorista,Gravedad
true,2,25,93.61,40,60,false,false,true,false,false,false,false,Primaria completa,Hombre,SAN MARTIN,Selva,Secano,Venta,Acopiador,Secano
true,1,8.5,69.62,18,50,false,false,true,false,false,false,false,Superior universitaria completa,Hombre,SAN MARTIN,Selva,Secano,Venta,Acopiador,Secano
true,1,2.5,93.99,10,33,false,false,true,false,false,false,false,Primaria completa,Hombre,SAN MARTIN,Selva,Secano,Venta,Acopiador,Secano
true,3,67,71.98,50,72,false,false,true,false,false,false,false,Primaria incompleta,Hombre,SAN MARTIN,Selva,Secano,Venta,Comerciante mayorista,Secano
true,2,13,100,28,60,false,false,true,false,false,false,false,Secundaria completa,Hombre,SAN MARTIN,Selva,Gravedad,Venta,Comerciante mayorista,Gravedad
true,1,1,100,32,60,false,false,true,false,false,false,false,Primaria completa,Hombre,SAN MARTIN,Selva,Secano,Otro,Comerciante minorista,Secano
true,2,5.9,99.22,21,40,false,true,true,false,false,false,false,Secundaria completa,Hombre,SAN MARTIN,Selva,Secano,Venta,Acopiador,Secano
true,5,15.7,100,33,68,false,true,true,false,false,false,true,Secundaria incompleta,Hombre,SAN MARTIN,Selva,Secano,Venta,Asociación/Cooperativa,Secano
true,5,9.24,100,5,38,false,false,true,false,false,false,false,Secundaria completa,Hombre,TACNA,Sierra,Gravedad,Venta,Consumidor final,Gravedad
true,1,7,99.6,25,59,false,true,true,false,false,false,false,Superior universitaria completa,Hombre,TACNA,Costa,Gravedad,Venta,Comerciante mayorista,Gravedad
true,3,20,99.99,3,49,false,false,true,false,false,false,false,Superior no universitaria completa,Hombre,TUMBES,Costa,No especificado,Venta,Acopiador,No especificado
true,2,1,100,5,38,false,false,true,false,false,false,false,Secundaria completa,Hombre,TUMBES,Costa,No especificado,Venta,Acopiador,No especificado
true,5,15.5,100,15,47,false,false,true,true,false,false,false,Secundaria completa,Hombre,TUMBES,Costa,Gravedad,Venta,Empresa/Agroindustria,Gravedad
true,2,1.5,99.26,30,63,false,true,false,false,false,false,false,Secundaria incompleta,Hombre,TUMBES,Costa,Gravedad,Venta,Acopiador,Gravedad
true,2,5.15,100,30,54,false,true,false,false,false,false,false,Primaria completa,Hombre,AMAZONAS,Selva,Gravedad,Venta,Acopiador,Gravedad
true,2,8,98.63,46,60,false,true,true,false,false,false,false,Primaria incompleta,Mujer,AMAZONAS,Sierra,Secano,Venta,Comerciante mayorista,Secano
true,1,2.5,85.1,25,49,false,false,false,false,false,false,false,Primaria incompleta,Hombre,AMAZONAS,Selva,Secano,Venta,Comerciante minorista,Secano
true,1,22,60,19,40,false,true,false,false,false,false,false,Secundaria completa,Hombre,AMAZONAS,Sierra,Secano,Venta,Comerciante minorista,Secano
true,4,14,99.46,20,44,false,false,true,false,false,false,false,Primaria completa,Hombre,AMAZONAS,Selva,Secano,Venta,Acopiador,Secano
true,4,14,99.59,15,41,false,true,true,false,false,false,false,Secundaria completa,Hombre,ANCASH,Costa,Goteo,Venta,Comerciante mayorista,Goteo
true,4,3.03,97.89,42,64,false,false,true,false,false,false,false,Primaria incompleta,Hombre,ANCASH,Costa,Gravedad,Venta,Comerciante minorista,Gravedad
true,2,3.7,99.76,30,57,false,false,true,false,false,false,false,Secundaria completa,Hombre,ANCASH,Costa,Gravedad,Venta,Acopiador,Gravedad
true,1,0.18,73.68,5,26,false,false,false,false,false,false,false,Secundaria completa,Hombre,APURIMAC,Sierra,Secano,Venta,Comerciante minorista,Secano
true,8,1.58,0,23,44,false,true,true,false,false,false,false,Primaria incompleta,Hombre,APURIMAC,Sierra,Aspersion,Autoconsumo,Sin ventas,Aspersion
true,4,2.16,41.86,32,52,false,false,true,false,false,false,false,Primaria incompleta,Hombre,APURIMAC,Sierra,Aspersion,Venta,Acopiador,Aspersion
true,11,2.05,38.38,24,42,false,false,false,false,false,false,false,Secundaria completa,Hombre,APURIMAC,Sierra,Gravedad,Autoconsumo,Consumidor final,Gravedad
true,3,27,99.56,10,36,false,false,true,false,false,false,false,Superior no universitaria completa,Hombre,AREQUIPA,Costa,Goteo,Venta,Empresa/Agroindustria,Goteo
true,2,11.2,100,30,60,false,false,true,false,false,false,false,Superior universitaria incompleta,Hombre,AREQUIPA,Costa,Gravedad,Venta,Comerciante mayorista,Gravedad
true,2,2.5,100,30,58,false,true,true,false,false,false,true,Secundaria completa,Hombre,AREQUIPA,Costa,Gravedad,Venta,Acopiador,Gravedad
false,2,3.45,100,28,79,false,false,true,false,false,false,true,Secundaria completa,Hombre,AREQUIPA,Costa,Gravedad,Venta,Acopiador,Gravedad
false,1,4.31,99.93,22,62,false,false,true,false,false,false,false,Superior universitaria incompleta,Hombre,AREQUIPA,Costa,Gravedad,Venta,Comerciante mayorista,Gravedad
true,2,1.98,97.89,15,71,false,false,true,false,false,false,false,Secundaria incompleta,Hombre,AREQUIPA,Costa,Otro,Venta,Acopiador,Otro
true,1,12,100,40,66,false,false,true,false,false,false,false,Superior universitaria incompleta,Hombre,AREQUIPA,Costa,Gravedad,Venta,Comerciante mayorista,Gravedad
true,2,1.3,88.7,10,42,false,false,true,false,false,false,true,Secundaria completa,Mujer,AYACUCHO,Sierra,Gravedad,Venta,Acopiador,Gravedad
true,4,12.5,70.73,9,31,false,false,false,false,false,false,false,Secundaria incompleta,Hombre,AYACUCHO,Sierra,Secano,Venta,Comerciante mayorista,Secano
true,5,6.53,0.88,30,51,false,false,true,false,false,false,false,Primaria incompleta,Hombre,AYACUCHO,Sierra,No especificado,Autoconsumo,Acopiador,No especificado
true,2,0.87,97.22,8,28,false,false,true,false,false,true,false,Secundaria incompleta,Mujer,AYACUCHO,Sierra,Aspersion,Venta,Comerciante mayorista,Aspersion
true,7,5.05,86.3,33,54,false,false,true,false,false,false,false,Secundaria completa,Hombre,AYACUCHO,Sierra,No especificado,Venta,Acopiador,No especificado
true,6,4.5,0,12,30,false,false,true,false,false,false,false,Secundaria completa,Hombre,AYACUCHO,Sierra,Gravedad,Autoconsumo,Sin ventas,Gravedad
true,5,9.5,93.38,38,56,false,false,true,false,false,false,false,Secundaria completa,Hombre,AYACUCHO,Sierra,Secano,Venta,Acopiador,Secano
true,11,3.69,0,27,57,false,false,true,false,false,false,false,Superior universitaria completa,Hombre,AYACUCHO,Sierra,Secano,Autoconsumo,Sin ventas,Secano
true,1,16,100,20,52,false,false,true,false,false,false,false,Secundaria completa,Hombre,CAJAMARCA,Costa,Gravedad,Venta,Comerciante mayorista,Gravedad
true,2,3.3,100,35,75,false,false,true,false,false,false,false,Sin nivel,Mujer,CAJAMARCA,Costa,Gravedad,Venta,Acopiador,Gravedad
true,8,2.85,93.94,10,26,false,false,true,false,false,false,false,Secundaria completa,Mujer,HUANCAVELICA,Sierra,Aspersion,Venta,Acopiador,Aspersion
true,1,2.39,96.22,3,46,false,false,false,false,false,false,false,Superior universitaria completa,Hombre,HUANCAVELICA,Sierra,Gravedad,Venta,Acopiador,Gravedad
true,1,70,0,40,63,false,false,false,false,false,false,false,Primaria incompleta,Mujer,HUANUCO,Selva,Secano,Autoconsumo,Sin ventas,Secano
true,2,6.5,100,40,66,false,false,true,false,false,false,false,Superior universitaria completa,Hombre,ICA,Costa,Gravedad,Venta,Acopiador,Gravedad
true,1,4.2,100,25,52,false,false,true,false,false,false,false,Secundaria completa,Hombre,ICA,Costa,No especificado,Venta,Acopiador,No especificado
false,9,1.64,99.29,33,58,false,false,true,false,false,false,false,Primaria incompleta,Hombre,JUNIN,Sierra,Aspersion,Venta,Comerciante minorista,Aspersion
true,1,0.4,100,6,23,false,false,false,false,false,false,false,Secundaria completa,Hombre,JUNIN,Selva,Secano,Venta,Comerciante mayorista,Secano
true,3,10.6,100,28,50,false,false,false,false,false,false,false,Secundaria completa,Hombre,JUNIN,Sierra,Gravedad,Venta,Comerciante mayorista,Gravedad
true,5,8.82,94.77,45,63,false,true,true,false,false,true,false,Primaria incompleta,Hombre,JUNIN,Sierra,Aspersion,Venta,Acopiador,Aspersion
true,9,0.73,97.08,30,56,false,false,true,false,false,false,false,Secundaria completa,Hombre,JUNIN,Sierra,No especificado,Venta,Acopiador,No especificado
false,3,21.5,0,23,57,false,true,true,false,false,false,false,Superior no universitaria incompleta,Mujer,JUNIN,Sierra,Secano,Otro,Sin ventas,Secano
true,2,7.65,100,5,41,false,false,true,false,false,false,false,Superior universitaria completa,Hombre,LA LIBERTAD,Costa,Goteo,Venta,Acopiador,Goteo
true,3,0.87,81.78,50,72,false,false,true,false,false,false,false,Primaria incompleta,Hombre,LA LIBERTAD,Costa,Gravedad,Venta,Comerciante minorista,Gravedad
true,3,7.2,93.42,29,47,false,false,true,false,false,false,false,Primaria incompleta,Mujer,LA LIBERTAD,Sierra,Gravedad,Venta,Comerciante minorista,Gravedad
true,1,4,73.75,17,34,false,false,true,false,false,false,false,Secundaria completa,Hombre,LA LIBERTAD,Costa,Gravedad,Venta,Comerciante minorista,Gravedad
true,2,2,0,42,61,false,false,true,false,false,false,false,Primaria completa,Hombre,LAMBAYEQUE,Costa,Gravedad,Otro,Sin ventas,Gravedad
true,2,8.97,99.79,50,70,false,false,true,false,false,false,true,Secundaria completa,Hombre,LAMBAYEQUE,Costa,Otro,Venta,Empresa/Agroindustria,Otro
true,1,2.6,99.66,50,70,false,false,true,false,false,false,false,Secundaria incompleta,Hombre,LAMBAYEQUE,Costa,Gravedad,Venta,Comerciante mayorista,Gravedad
true,1,26,100,30,90,false,false,true,false,false,false,false,Superior universitaria completa,Hombre,LIMA,Costa,Gravedad,Venta,Acopiador,Gravedad
false,3,2.7,89.63,10,58,false,false,true,false,false,false,false,Secundaria completa,Hombre,LIMA,Sierra,No especificado,Venta,Comerciante mayorista,No especificado
true,2,4.5,100,25,50,false,true,true,false,false,false,false,Secundaria completa,Hombre,LIMA,Costa,Gravedad,Venta,Comerciante minorista,Gravedad
true,4,2.78,99.96,15,35,false,false,false,false,false,false,false,Secundaria completa,Hombre,LIMA,Sierra,Gravedad,Venta,Comerciante minorista,Gravedad
true,3,100,88.46,56,74,false,false,true,false,false,false,true,Primaria incompleta,Hombre,LORETO,Selva,Secano,Venta,Comerciante minorista,Secano
true,3,102,0,10,45,false,false,true,false,false,false,false,Superior no universitaria completa,Hombre,MADRE DE DIOS,Selva,Secano,Otro,Sin ventas,Secano
true,5,0.71,86.54,30,61,false,false,false,false,false,false,true,Secundaria completa,Hombre,MOQUEGUA,Sierra,Gravedad,Venta,Acopiador,Gravedad
true,2,6.1,73.35,17,63,false,true,true,false,false,false,false,Secundaria incompleta,Hombre,MOQUEGUA,Sierra,Gravedad,Venta,Comerciante mayorista,Gravedad
true,1,7.5,99.97,4,29,false,false,true,false,false,false,false,Secundaria completa,Hombre,PASCO,Selva,Aspersion,Venta,Comerciante minorista,Aspersion
true,3,33.05,100,10,33,false,false,false,false,false,true,false,Superior universitaria incompleta,Hombre,PASCO,Selva,Secano,Venta,Acopiador,Secano
true,2,5,100,35,62,false,false,true,true,false,false,false,Primaria incompleta,Mujer,PIURA,Costa,Secano,Venta,Acopiador,Secano
true,7,6.25,88.89,17,38,false,false,true,false,false,false,false,Secundaria incompleta,Hombre,PIURA,Costa,Secano,Venta,Acopiador,Secano
true,1,3,100,48,72,false,false,false,false,false,false,false,Primaria completa,Hombre,PIURA,Costa,Gravedad,Venta,Comerciante mayorista,Gravedad
true,2,1.44,100,30,49,false,false,false,false,false,false,false,Secundaria incompleta,Hombre,PIURA,Costa,Gravedad,Venta,Acopiador,Gravedad
true,1,2,99.77,15,53,false,false,true,false,false,false,false,Secundaria completa,Hombre,PIURA,Costa,Gravedad,Venta,Acopiador,Gravedad
true,1,5.5,0,15,70,false,false,false,false,false,false,false,Primaria completa,Mujer,PIURA,Costa,Secano,Otro,Sin ventas,Secano
true,3,33,0,30,53,false,true,false,false,false,false,false,Secundaria incompleta,Hombre,PIURA,Costa,Secano,Otro,Sin ventas,Secano
true,6,2.8,22.73,10,34,false,false,true,false,false,false,false,Secundaria completa,Mujer,PUNO,Sierra,Secano,Autoconsumo,Comerciante minorista,Secano
true,3,7.23,0,7,37,false,false,true,false,false,false,false,Secundaria completa,Hombre,PUNO,Sierra,Gravedad,Otro,Sin ventas,Gravedad
true,6,7.5,0,31,48,false,false,true,false,false,false,false,Secundaria completa,Hombre,PUNO,Sierra,Secano,Autoconsumo,Sin ventas,Secano
true,4,340,0,30,58,false,false,true,false,false,false,false,Secundaria completa,Hombre,PUNO,Sierra,Secano,Otro,Sin ventas,Secano
true,1,1.13,0,12,55,false,false,false,false,false,false,false,Secundaria completa,Hombre,SAN MARTIN,Selva,Secano,Autoconsumo,Sin ventas,Secano
true,8,51.5,100,30,50,false,false,true,true,false,false,false,Secundaria completa,Hombre,SAN MARTIN,Selva,Gravedad,Venta,Acopiador,Gravedad
true,1,9.5,100,35,45,false,false,true,true,false,false,false,Secundaria completa,Hombre,SAN MARTIN,Selva,Gravedad,Venta,Comerciante mayorista,Gravedad
true,2,2.5,17.36,15,35,false,false,true,false,false,false,false,Primaria completa,Hombre,SAN MARTIN,Selva,Secano,Autoconsumo,Acopiador,Secano
true,1,8,100,20,41,false,false,true,false,false,false,false,Secundaria incompleta,Hombre,SAN MARTIN,Selva,Secano,Venta,Consumidor final,Secano
true,1,5,100,32,58,false,false,false,false,false,false,false,Secundaria incompleta,Hombre,SAN MARTIN,Selva,Secano,Venta,Comerciante minorista,Secano
true,4,17,0,36,54,false,false,false,false,false,false,false,Superior no universitaria completa,Hombre,SAN MARTIN,Selva,Secano,Otro,Sin ventas,Secano
true,1,3.9,100,45,50,false,true,true,false,false,false,false,Primaria incompleta,Hombre,SAN MARTIN,Selva,Secano,Venta,Comerciante mayorista,Secano
true,1,86.5,69.78,40,56,false,false,true,false,false,false,false,Primaria completa,Hombre,SAN MARTIN,Selva,Gravedad,Venta,Comerciante mayorista,Gravedad
true,12,595,75,40,66,false,false,true,false,false,false,false,Primaria completa,Hombre,TACNA,Sierra,Aspersion,Venta,Acopiador,Aspersion
true,4,5,99.3,48,66,false,false,true,false,false,false,false,Secundaria completa,Hombre,TACNA,Sierra,Gravedad,Venta,Consumidor final,Gravedad
true,40,11.37,100,49,71,false,false,true,false,false,false,false,Primaria completa,Mujer,TACNA,Sierra,Gravedad,Venta,Acopiador,Gravedad
true,1,2.4,100,19,50,false,true,true,false,false,false,false,Secundaria completa,Hombre,TACNA,Costa,Goteo,Venta,Acopiador,Goteo
true,1,4.2,99.87,5,37,false,true,true,false,false,false,false,Secundaria completa,Hombre,TACNA,Costa,Goteo,Venta,Acopiador,Goteo
true,1,33.5,100,30,78,false,false,true,false,false,false,false,Secundaria completa,Hombre,TACNA,Costa,Goteo,Venta,Acopiador,Goteo
true,2,12.8,99.27,40,67,false,true,true,false,false,false,false,Secundaria incompleta,Mujer,TACNA,Costa,Goteo,Venta,Comerciante minorista,Goteo
true,1,5.3,99.99,5,43,false,false,true,false,false,false,false,Primaria incompleta,Hombre,TUMBES,Costa,Gravedad,Venta,Acopiador,Gravedad
true,2,1.85,99.99,40,64,false,false,true,true,false,false,false,Secundaria completa,Hombre,TUMBES,Costa,Gravedad,Venta,Acopiador,Gravedad
true,8,35.45,95.52,45,47,false,false,false,false,false,false,false,Primaria completa,Mujer,AMAZONAS,Sierra,Secano,Venta,Comerciante mayorista,Secano
true,4,8,100,40,55,false,false,true,false,false,false,false,Primaria completa,Mujer,ANCASH,Costa,Gravedad,Venta,Acopiador,Gravedad
true,2,15,100,20,63,false,true,true,true,true,false,true,Secundaria completa,Hombre,ANCASH,Costa,Gravedad,Venta,Acopiador,Gravedad
false,5,2.3,97.46,18,56,false,false,false,false,false,false,false,Superior no universitaria completa,Hombre,ANCASH,Costa,Gravedad,Venta,Comerciante minorista,Gravedad
true,1,1.99,50.72,10,50,false,false,true,false,false,false,false,Superior universitaria completa,Hombre,APURIMAC,Sierra,MicroAspersion,Venta,Comerciante mayorista,MicroAspersion
true,5,3.05,94.77,10,29,false,true,false,false,false,false,false,Secundaria completa,Hombre,APURIMAC,Sierra,Gravedad,Venta,Acopiador,Gravedad
true,4,7.35,99.06,30,47,false,false,true,false,false,false,false,Secundaria completa,Hombre,APURIMAC,Sierra,Gravedad,Venta,Comerciante mayorista,Gravedad
true,8,11.39,93.97,45,62,false,true,true,false,false,false,false,Primaria incompleta,Hombre,APURIMAC,Sierra,Gravedad,Venta,Comerciante minorista,Gravedad
true,3,0.71,63.77,35,66,false,true,true,false,false,false,true,Primaria completa,Hombre,APURIMAC,Sierra,Otro,Venta,Comerciante minorista,Otro
true,6,2.25,90,25,40,false,true,true,false,false,true,false,Primaria incompleta,Hombre,APURIMAC,Sierra,Secano,Venta,Comerciante minorista,Secano
true,4,5.53,66.67,40,67,false,true,true,false,false,false,false,Secundaria completa,Hombre,APURIMAC,Selva,Gravedad,Venta,Acopiador,Gravedad
true,4,0.76,0,20,56,false,false,false,false,false,false,false,Superior no universitaria incompleta,Hombre,AREQUIPA,Sierra,Gravedad,Otro,Sin ventas,Gravedad
true,6,1.98,0,45,72,false,false,true,false,false,false,false,Primaria completa,Hombre,AREQUIPA,Sierra,Gravedad,Otro,Sin ventas,Gravedad
false,3,1.16,0,5,37,false,false,true,false,false,false,false,Primaria incompleta,Hombre,AREQUIPA,Sierra,Gravedad,Otro,Sin ventas,Gravedad
true,1,0.6,0,40,65,false,true,true,false,false,false,false,Secundaria completa,Hombre,AREQUIPA,Costa,Gravedad,Otro,Sin ventas,Gravedad
true,3,2.71,99.43,35,57,false,false,true,false,false,false,false,Secundaria completa,Hombre,AREQUIPA,Costa,Otro,Venta,Comerciante mayorista,Otro
true,1,0.73,100,25,45,false,false,true,false,false,false,true,Secundaria completa,Hombre,AREQUIPA,Costa,Gravedad,Venta,Acopiador,Gravedad
true,1,1,100,30,49,false,false,false,false,false,false,false,Primaria incompleta,Hombre,AYACUCHO,Selva,Secano,Venta,Acopiador,Secano
true,4,3.33,91.25,11,32,false,true,true,false,false,false,true,Superior no universitaria completa,Hombre,AYACUCHO,Sierra,MicroAspersion,Venta,Acopiador,MicroAspersion
true,4,7.46,82.8,25,45,false,false,true,false,false,false,false,Secundaria incompleta,Hombre,AYACUCHO,Sierra,Gravedad,Venta,Comerciante mayorista,Gravedad
false,3,1.43,0,11,40,false,false,true,false,false,false,false,Superior universitaria completa,Mujer,AYACUCHO,Sierra,Gravedad,Otro,Sin ventas,Gravedad
true,5,3.25,98.81,29,53,false,false,true,false,false,false,false,Secundaria incompleta,Hombre,AYACUCHO,Sierra,Aspersion,Venta,Comerciante mayorista,Aspersion
true,3,1.75,97.49,28,46,false,false,true,false,false,false,false,Primaria incompleta,Hombre,AYACUCHO,Sierra,Aspersion,Venta,Comerciante minorista,Aspersion
true,5,3.75,0,35,53,false,false,true,false,false,false,false,Secundaria incompleta,Mujer,AYACUCHO,Sierra,Secano,Autoconsumo,Sin ventas,Secano
true,7,2.44,7.97,32,49,false,false,true,false,false,false,false,Primaria incompleta,Mujer,AYACUCHO,Sierra,No especificado,Autoconsumo,Consumidor final,No especificado
true,5,3.22,0,26,48,false,false,true,false,false,false,false,Superior no universitaria completa,Hombre,AYACUCHO,Sierra,No especificado,Autoconsumo,Sin ventas,No especificado
true,5,122.6,64.68,45,72,false,true,true,false,false,false,true,Superior universitaria completa,Hombre,AYACUCHO,Sierra,Gravedad,Venta,Comerciante mayorista,Gravedad
true,2,0.2,34.92,12,27,false,false,true,false,false,false,false,Secundaria completa,Hombre,CAJAMARCA,Selva,Secano,Autoconsumo,Comerciante mayorista,Secano
true,2,5,0,11,29,false,false,true,false,false,false,false,Primaria incompleta,Hombre,CAJAMARCA,Sierra,Gravedad,Otro,Sin ventas,Gravedad
true,7,41.82,99.7,33,53,false,false,false,false,false,true,false,Primaria completa,Hombre,CAJAMARCA,Sierra,Gravedad,Venta,Comerciante minorista,Gravedad
true,8,4.05,80.98,42,60,false,false,true,false,false,false,false,Primaria incompleta,Hombre,CUSCO,Sierra,No especificado,Venta,Consumidor final,No especificado
true,7,4.1,95.48,30,53,false,false,true,false,false,false,false,Secundaria incompleta,Hombre,CUSCO,Sierra,Secano,Venta,Acopiador,Secano
false,3,2.43,1.86,30,51,false,false,false,false,false,false,false,Sin nivel,Hombre,HUANCAVELICA,Sierra,Secano,Autoconsumo,Comerciante mayorista,Secano
true,3,100,90.44,30,63,false,false,true,false,false,false,false,Primaria completa,Hombre,HUANUCO,Selva,Secano,Venta,Acopiador,Secano
true,2,1.5,100,30,55,false,false,false,false,false,false,false,Secundaria completa,Mujer,HUANUCO,Sierra,Aspersion,Venta,Comerciante mayorista,Aspersion
true,2,4,100,3,63,false,false,true,false,false,false,false,Primaria incompleta,Hombre,ICA,Costa,Gravedad,Venta,Acopiador,Gravedad
true,2,2.6,99.26,2,32,false,false,true,false,false,false,false,Superior universitaria completa,Mujer,ICA,Costa,Gravedad,Venta,Acopiador,Gravedad
true,2,6.68,99.71,40,74,false,false,true,false,false,false,false,Superior no universitaria completa,Hombre,ICA,Costa,Gravedad,Venta,Acopiador,Gravedad
true,1,10,100,30,51,false,false,true,false,false,false,false,Primaria completa,Hombre,JUNIN,Selva,Secano,Venta,Acopiador,Secano
true,5,1.54,100,11,29,false,false,true,false,false,false,false,Secundaria completa,Hombre,JUNIN,Sierra,Aspersion,Venta,Comerciante mayorista,Aspersion
true,4,5.35,96.45,20,44,false,false,true,false,false,false,false,Secundaria completa,Hombre,LA LIBERTAD,Costa,Secano,Venta,Acopiador,Secano
false,2,47,100,19,55,false,false,true,false,false,false,true,Superior universitaria completa,Mujer,LA LIBERTAD,Costa,Gravedad,Venta,Acopiador,Gravedad
true,1,2.43,100,6,67,false,false,true,true,false,false,false,Superior no universitaria completa,Mujer,LA LIBERTAD,Costa,Gravedad,Venta,Acopiador,Gravedad
true,2,8.5,99.68,11,30,false,false,true,false,false,false,false,Secundaria completa,Hombre,LA LIBERTAD,Costa,Gravedad,Venta,Acopiador,Gravedad
true,6,34.38,100,20,40,false,false,false,false,false,false,false,Secundaria incompleta,Hombre,LA LIBERTAD,Costa,Gravedad,Venta,Acopiador,Gravedad
true,2,9.55,89.52,60,72,false,false,true,false,false,false,false,Secundaria completa,Hombre,LAMBAYEQUE,Costa,Gravedad,Venta,Acopiador,Gravedad
true,1,3.9,100,25,54,false,false,true,false,false,false,false,Primaria incompleta,Hombre,LAMBAYEQUE,Costa,Secano,Venta,Comerciante mayorista,Secano
true,2,3.58,99.62,25,57,false,false,true,false,false,false,false,Primaria completa,Hombre,LAMBAYEQUE,Costa,Gravedad,Venta,Comerciante minorista,Gravedad
true,1,4.4,28.79,30,47,false,false,true,false,false,false,false,Primaria completa,Hombre,LAMBAYEQUE,Costa,Gravedad,Autoconsumo,Comerciante minorista,Gravedad
true,1,5.85,100,20,40,false,false,true,true,false,false,false,Secundaria completa,Hombre,LIMA,Costa,Gravedad,Venta,Comerciante mayorista,Gravedad
false,1,0.1,76.92,20,55,false,false,false,false,false,false,false,Superior no universitaria completa,Hombre,LIMA,Costa,Gravedad,Venta,Comerciante minorista,Gravedad
true,4,0.4,58.94,20,42,false,false,false,false,false,false,false,Primaria completa,Mujer,LIMA,Sierra,Gravedad,Venta,Comerciante mayorista,Gravedad
true,2,125,16.33,7,49,false,false,true,false,false,false,false,Superior no universitaria completa,Hombre,LORETO,Selva,Secano,Autoconsumo,Consumidor final,Secano
true,1,43,97.5,32,67,false,true,false,false,false,false,false,Primaria incompleta,Mujer,MADRE DE DIOS,Selva,Secano,Venta,Acopiador,Secano
true,3,6.5,72.63,8,68,false,false,true,false,false,false,false,Primaria completa,Hombre,MOQUEGUA,Costa,Gravedad,Venta,Consumidor final,Gravedad
true,2,34,99.78,25,58,false,false,true,false,false,false,false,Secundaria completa,Mujer,PIURA,Costa,Gravedad,Venta,Empresa/Agroindustria,Gravedad
true,1,8,99.75,39,74,false,true,true,false,false,false,true,Primaria completa,Hombre,PIURA,Costa,Gravedad,Venta,Acopiador,Gravedad
true,2,2.25,76.92,39,60,false,false,true,false,false,false,false,Primaria incompleta,Hombre,PIURA,Costa,Gravedad,Venta,Comerciante minorista,Gravedad
true,2,0.35,50,10,62,false,false,true,false,false,false,false,Primaria completa,Hombre,PIURA,Costa,Gravedad,Autoconsumo,Acopiador,Gravedad
true,1,1,90.5,15,46,false,false,false,false,false,false,false,Secundaria incompleta,Mujer,PUNO,Selva,Secano,Venta,Acopiador,Secano
true,5,21.54,0,9,33,false,true,true,false,false,false,false,Secundaria completa,Mujer,PUNO,Sierra,Gravedad,Autoconsumo,Sin ventas,Gravedad
true,1,9.5,100,4,45,false,false,true,true,false,false,false,Secundaria completa,Hombre,SAN MARTIN,Selva,Gravedad,Venta,Acopiador,Gravedad
true,2,25.8,99.63,30,50,false,false,true,false,false,false,false,Superior no universitaria completa,Hombre,SAN MARTIN,Selva,Secano,Venta,Comerciante minorista,Secano
false,3,16.1,68.59,23,41,false,true,true,false,false,false,false,Secundaria completa,Hombre,SAN MARTIN,Selva,Secano,Venta,Comerciante mayorista,Secano
true,2,42,100,33,58,false,false,true,false,false,false,false,Primaria completa,Hombre,SAN MARTIN,Selva,Secano,Venta,Comerciante minorista,Secano
true,1,24.5,99.74,27,47,false,false,true,false,false,false,false,Primaria completa,Hombre,SAN MARTIN,Selva,No especificado,Venta,Comerciante mayorista,No especificado
true,2,11,98.17,26,46,false,false,true,false,false,false,false,Primaria completa,Hombre,SAN MARTIN,Selva,No especificado,Venta,Comerciante mayorista,No especificado
true,4,9.75,99.99,20,49,false,true,true,false,false,false,false,Superior no universitaria completa,Hombre,TACNA,Costa,Gravedad,Venta,Acopiador,Gravedad
true,1,25,99.94,20,48,false,false,true,false,false,false,false,Secundaria completa,Mujer,TACNA,Costa,Goteo,Venta,Acopiador,Goteo
true,3,5.5,100,20,61,false,true,true,false,false,false,false,Primaria completa,Hombre,TUMBES,Costa,No especificado,Venta,Acopiador,No especificado
true,3,1.74,99.6,40,60,false,false,true,false,false,false,true,Secundaria completa,Hombre,TUMBES,Costa,Gravedad,Venta,Acopiador,Gravedad
true,1,43,100,8,33,false,false,true,false,false,false,false,Secundaria completa,Hombre,UCAYALI,Selva,Secano,Venta,Comerciante mayorista,Secano
true,1,1.75,94.08,8,56,false,false,false,false,false,false,true,Primaria incompleta,Mujer,AMAZONAS,Selva,Gravedad,Venta,Comerciante minorista,Gravedad
true,2,33,100,43,62,false,false,false,false,false,false,false,Primaria incompleta,Hombre,AMAZONAS,Sierra,Secano,Venta,Consumidor final,Secano
true,3,5.25,19.02,20,40,false,true,true,false,false,false,true,Primaria completa,Hombre,AMAZONAS,Selva,Secano,Autoconsumo,Comerciante mayorista,Secano
true,2,6,100,30,52,false,false,true,false,false,false,false,Secundaria completa,Hombre,ANCASH,Costa,Secano,Venta,Comerciante mayorista,Secano
true,1,5,99.58,20,49,false,true,true,false,false,false,false,Superior universitaria completa,Mujer,ANCASH,Costa,Goteo,Venta,Acopiador,Goteo
true,2,1.14,97.7,10,52,false,false,true,false,false,false,false,Primaria completa,Hombre,ANCASH,Costa,Goteo,Venta,Comerciante minorista,Goteo
true,11,10.49,95.84,10,34,false,false,true,false,false,false,false,Secundaria completa,Hombre,APURIMAC,Sierra,Gravedad,Venta,Comerciante mayorista,Gravedad
true,8,2.08,0,10,42,false,false,true,false,false,false,false,Primaria incompleta,Mujer,APURIMAC,Sierra,Gravedad,Autoconsumo,Sin ventas,Gravedad
true,4,2.17,0,56,78,false,false,true,false,false,false,false,Primaria incompleta,Hombre,APURIMAC,Sierra,Gravedad,Autoconsumo,Sin ventas,Gravedad
true,4,2.75,0,7,28,false,false,true,false,false,true,false,Secundaria incompleta,Hombre,APURIMAC,Sierra,Otro,Autoconsumo,Sin ventas,Otro
false,1,0.21,36.59,56,76,false,false,false,false,false,false,true,Primaria incompleta,Hombre,AREQUIPA,Costa,Gravedad,Autoconsumo,Acopiador,Gravedad
true,2,10.24,100,20,46,false,false,true,false,false,false,false,Secundaria completa,Hombre,AREQUIPA,Costa,Gravedad,Venta,Acopiador,Gravedad
true,1,31,100,35,71,false,false,true,false,false,false,false,Superior universitaria completa,Hombre,AREQUIPA,Costa,Gravedad,Venta,Acopiador,Gravedad
true,1,4.25,87.66,11,33,false,false,false,false,false,false,false,Primaria incompleta,Mujer,AYACUCHO,Selva,Secano,Venta,Comerciante minorista,Secano
true,1,0.71,100,35,53,false,false,false,false,false,false,false,Primaria incompleta,Hombre,AYACUCHO,Selva,Secano,Venta,Empresa/Agroindustria,Secano
true,9,10.3,100,20,39,false,false,false,false,false,false,false,Secundaria incompleta,Hombre,AYACUCHO,Sierra,Aspersion,Venta,Comerciante mayorista,Aspersion
true,2,1.78,0,30,58,false,false,true,false,false,false,false,Secundaria completa,Mujer,AYACUCHO,Sierra,Aspersion,Otro,Sin ventas,Aspersion
true,3,366.47,0,30,61,false,false,true,false,false,false,false,Primaria incompleta,Hombre,CAJAMARCA,Sierra,Secano,Autoconsumo,Sin ventas,Secano
false,4,2.22,42.02,18,37,false,false,true,false,false,false,false,Secundaria completa,Mujer,CUSCO,Sierra,Otro,Autoconsumo,Acopiador,Otro
true,10,2.76,49.15,33,50,false,false,true,false,false,true,true,Primaria incompleta,Hombre,CUSCO,Sierra,Aspersion,Venta,Consumidor final,Aspersion
true,7,8.15,95.11,19,41,false,false,true,false,false,false,false,Secundaria completa,Hombre,HUANCAVELICA,Sierra,Aspersion,Venta,Comerciante mayorista,Aspersion
false,2,28,67.27,23,46,false,true,true,false,false,false,true,Secundaria incompleta,Hombre,HUANUCO,Selva,Secano,Venta,Acopiador,Secano
true,1,3,0.75,5,40,false,false,true,false,false,false,false,Superior universitaria completa,Hombre,ICA,Costa,Gravedad,Autoconsumo,Acopiador,Gravedad
true,1,6,17.32,3,33,false,false,true,false,false,false,false,Secundaria completa,Hombre,ICA,Costa,Gravedad,Autoconsumo,Acopiador,Gravedad
true,1,4,0,6,73,false,false,true,false,false,false,false,Secundaria incompleta,Hombre,ICA,Costa,Gravedad,Otro,Sin ventas,Gravedad
true,2,3.04,96.45,30,71,false,false,true,false,false,false,false,Secundaria completa,Hombre,ICA,Costa,Gravedad,Venta,Acopiador,Gravedad
true,3,11.5,97.78,9,42,false,true,true,false,false,false,false,Superior no universitaria completa,Hombre,ICA,Costa,Goteo,Venta,Acopiador,Goteo
true,2,5.06,99.8,10,30,false,false,true,false,false,false,false,Secundaria completa,Hombre,ICA,Costa,Gravedad,Venta,Acopiador,Gravedad
true,4,10.5,100,3,58,false,false,true,false,false,false,false,Secundaria incompleta,Hombre,ICA,Costa,Gravedad,Venta,Acopiador,Gravedad
true,2,1.32,19.92,8,35,false,true,false,false,false,false,false,Superior no universitaria completa,Hombre,JUNIN,Sierra,Gravedad,Autoconsumo,Comerciante minorista,Gravedad
true,3,13.5,98.97,30,75,false,false,true,false,false,false,false,Primaria incompleta,Hombre,LA LIBERTAD,Costa,Secano,Venta,Comerciante mayorista,Secano
true,3,0.98,41.67,35,60,false,false,true,false,false,false,false,Primaria incompleta,Mujer,LAMBAYEQUE,Costa,Gravedad,Autoconsumo,Comerciante minorista,Gravedad
true,2,1.53,31.86,12,43,false,false,true,false,false,false,false,Primaria incompleta,Hombre,LAMBAYEQUE,Costa,Gravedad,Autoconsumo,Acopiador,Gravedad
false,2,2.11,99.9,23,71,false,false,true,false,false,false,false,Primaria completa,Mujer,LIMA,Costa,Gravedad,Venta,Comerciante mayorista,Gravedad
true,4,5.45,100,30,60,false,false,true,false,false,false,false,Secundaria completa,Hombre,LIMA,Costa,Gravedad,Venta,Comerciante mayorista,Gravedad
true,6,23,98.8,11,32,false,false,true,false,false,false,false,Secundaria completa,Mujer,LIMA,Sierra,Gravedad,Venta,Comerciante mayorista,Gravedad
true,2,5.5,100,40,68,false,true,true,false,false,false,false,Secundaria incompleta,Hombre,LIMA,Costa,Gravedad,Venta,Acopiador,Gravedad
true,5,19,100,40,58,false,false,true,false,false,false,false,Secundaria incompleta,Hombre,LIMA,Costa,Gravedad,Venta,Acopiador,Gravedad
true,5,66,70.59,20,38,false,false,true,false,false,false,false,Superior universitaria completa,Hombre,LORETO,Selva,Secano,Venta,Comerciante mayorista,Secano
true,3,0.82,81.52,30,53,false,false,false,false,false,false,false,Secundaria incompleta,Mujer,MOQUEGUA,Sierra,Gravedad,Venta,Acopiador,Gravedad
true,2,15,0,40,60,false,true,false,false,true,false,false,Primaria incompleta,Hombre,PIURA,Costa,Gravedad,Otro,Sin ventas,Gravedad
true,2,20,63.84,40,54,false,false,true,false,false,false,false,Primaria completa,Hombre,PIURA,Sierra,Gravedad,Venta,Consumidor final,Gravedad
true,3,4.3,100,25,42,false,true,false,false,false,false,false,Primaria completa,Mujer,PIURA,Selva,Secano,Venta,Asociación/Cooperativa,Secano
true,2,6.27,100,9,30,false,false,true,false,false,false,false,Superior no universitaria completa,Hombre,PIURA,Costa,Gravedad,Venta,Comerciante minorista,Gravedad
true,2,1.4,66.67,17,59,false,false,false,false,false,false,false,Secundaria incompleta,Hombre,PIURA,Costa,Gravedad,Venta,Comerciante minorista,Gravedad
true,3,6,94.29,20,46,false,false,true,false,false,false,false,Secundaria completa,Hombre,PIURA,Costa,Secano,Venta,Comerciante minorista,Secano
true,2,1,0,3,61,false,true,true,false,false,false,false,Primaria incompleta,Mujer,PIURA,Costa,No especificado,Otro,Sin ventas,No especificado
true,4,5.5,1.45,18,38,false,false,false,false,false,false,false,Primaria completa,Hombre,PIURA,Costa,Secano,Autoconsumo,Acopiador,Secano
true,4,84.1,21.48,15,45,false,false,true,false,false,false,false,Secundaria incompleta,Hombre,PUNO,Sierra,Secano,Autoconsumo,Consumidor final,Secano
true,3,8.76,0,25,45,false,false,true,false,false,false,false,Secundaria completa,Hombre,PUNO,Sierra,Secano,Autoconsumo,Sin ventas,Secano
true,10,3.89,0,20,48,false,false,true,false,false,true,true,Superior no universitaria completa,Hombre,PUNO,Sierra,Secano,Otro,Sin ventas,Secano
true,10,7.1,0,31,44,false,false,true,false,false,false,false,Secundaria completa,Mujer,PUNO,Sierra,Secano,Autoconsumo,Sin ventas,Secano
true,2,22,0,45,64,false,false,true,false,false,false,false,Primaria incompleta,Hombre,PUNO,Sierra,Secano,Otro,Sin ventas,Secano
true,2,15,100,20,39,false,true,false,false,false,false,false,Secundaria completa,Hombre,SAN MARTIN,Selva,Secano,Venta,Asociación/Cooperativa,Secano
true,2,30,23.18,39,59,false,false,true,false,false,false,false,Secundaria incompleta,Hombre,SAN MARTIN,Selva,Secano,Autoconsumo,Acopiador,Secano
true,12,5.06,96.96,40,62,false,true,true,false,false,false,false,Secundaria completa,Hombre,TACNA,Costa,Gravedad,Venta,Consumidor final,Gravedad
true,9,0.79,100,35,54,false,false,true,false,false,false,false,Primaria incompleta,Mujer,TACNA,Sierra,Gravedad,Venta,Acopiador,Gravedad
true,1,5,98.25,5,37,false,false,true,false,false,false,false,Primaria completa,Mujer,TACNA,Costa,Goteo,Venta,Acopiador,Goteo
true,2,8,99.97,19,37,false,false,true,false,false,false,false,Superior universitaria completa,Mujer,TACNA,Costa,Goteo,Venta,Empresa/Agroindustria,Goteo
true,1,10,97.64,18,54,false,true,true,false,false,false,false,Secundaria completa,Hombre,TACNA,Costa,Goteo,Venta,Comerciante mayorista,Goteo
true,2,7.5,99.98,22,50,false,false,true,false,false,false,false,Superior no universitaria completa,Hombre,TUMBES,Costa,Gravedad,Venta,Comerciante mayorista,Gravedad
true,2,2,100,15,46,false,true,true,false,false,false,false,Superior universitaria completa,Hombre,TUMBES,Costa,Gravedad,Venta,Acopiador,Gravedad
true,1,30,99.11,33,73,false,true,true,false,false,false,true,Secundaria completa,Hombre,UCAYALI,Selva,Secano,Venta,Acopiador,Secano
true,1,83,0,20,59,false,false,true,false,false,false,false,Primaria incompleta,Hombre,UCAYALI,Selva,Secano,Otro,Sin ventas,Secano
true,2,25,100,38,71,false,false,true,false,false,false,false,Secundaria incompleta,Hombre,UCAYALI,Selva,Secano,Venta,Acopiador,Secano
true,1,30,0,30,50,false,false,true,false,false,false,false,Superior no universitaria completa,Hombre,AMAZONAS,Selva,Secano,Otro,Sin ventas,Secano
false,1,0.26,0,30,70,false,false,true,false,false,false,false,Primaria completa,Hombre,ANCASH,Sierra,Gravedad,Otro,Sin ventas,Gravedad
true,6,0.96,93.79,35,58,false,true,true,false,false,false,false,Secundaria completa,Hombre,AREQUIPA,Sierra,Gravedad,Venta,Acopiador,Gravedad
true,2,6.6,99.48,5,43,false,false,true,false,false,false,false,Secundaria completa,Hombre,AREQUIPA,Costa,No especificado,Venta,Acopiador,No especificado
true,2,1.9,98.9,15,46,false,false,true,false,false,false,false,Superior no universitaria completa,Hombre,AREQUIPA,Costa,Gravedad,Venta,Acopiador,Gravedad
false,1,5.2,99.98,15,45,false,false,true,false,false,false,false,Primaria completa,Mujer,AREQUIPA,Costa,Goteo,Venta,Comerciante minorista,Goteo
true,1,5.5,99.56,20,41,false,false,true,false,false,false,false,Superior universitaria completa,Hombre,AREQUIPA,Costa,Otro,Venta,Acopiador,Otro
true,2,22.1,100,33,51,false,false,true,false,false,false,true,Secundaria completa,Hombre,AREQUIPA,Costa,Goteo,Venta,Acopiador,Goteo
true,1,1.32,99.94,26,44,false,true,true,true,false,false,false,Superior universitaria incompleta,Hombre,AREQUIPA,Sierra,Gravedad,Venta,Comerciante mayorista,Gravedad
true,1,5,100,5,29,false,false,true,false,false,false,false,Superior no universitaria completa,Hombre,AREQUIPA,Costa,Goteo,Venta,Comerciante mayorista,Goteo
true,3,18.5,90.31,42,62,false,false,true,false,false,false,false,Secundaria incompleta,Mujer,AYACUCHO,Selva,Secano,Venta,Comerciante minorista,Secano
true,10,5.5,89.18,18,40,false,false,true,false,false,false,false,Primaria incompleta,Mujer,AYACUCHO,Sierra,No especificado,Venta,Acopiador,No especificado
true,1,1,100,6,29,false,false,true,false,false,false,false,Secundaria completa,Hombre,AYACUCHO,Sierra,No especificado,Venta,Comerciante minorista,No especificado
true,2,0.6,0,30,54,false,false,false,false,false,false,false,Secundaria completa,Hombre,AYACUCHO,Sierra,Secano,Otro,Sin ventas,Secano
true,3,3.75,0,40,33,false,false,false,false,false,false,false,Secundaria completa,Hombre,CAJAMARCA,Sierra,Secano,Otro,Sin ventas,Secano
true,2,0.12,34.16,14,34,false,true,true,false,false,false,false,Primaria incompleta,Mujer,CAJAMARCA,Selva,Secano,Autoconsumo,Comerciante mayorista,Secano
true,5,7.26,0,25,39,false,false,false,false,false,false,false,Primaria completa,Hombre,CAJAMARCA,Sierra,Secano,Otro,Sin ventas,Secano
true,3,39.28,13.51,30,54,false,false,false,false,false,true,false,Superior universitaria completa,Hombre,CAJAMARCA,Sierra,Gravedad,Autoconsumo,Comerciante minorista,Gravedad
true,8,3.2,84.62,30,54,false,false,true,false,false,false,false,Primaria incompleta,Hombre,CUSCO,Sierra,Secano,Venta,Comerciante minorista,Secano
true,2,3.51,100,5,42,false,false,true,false,false,false,true,Superior no universitaria completa,Hombre,HUANCAVELICA,Sierra,Goteo,Venta,Empresa/Agroindustria,Goteo
false,2,60,0,25,51,false,false,false,false,false,false,false,Superior no universitaria completa,Hombre,HUANCAVELICA,Sierra,Secano,Otro,Sin ventas,Secano
true,2,129.5,0,35,55,false,false,true,false,false,false,false,Primaria incompleta,Hombre,HUANUCO,Selva,Secano,Autoconsumo,Sin ventas,Secano
true,2,100,100,40,61,false,false,false,false,false,false,false,Primaria completa,Hombre,HUANUCO,Selva,Secano,Venta,Consumidor final,Secano
true,1,4.9,100,8,41,false,false,true,true,false,false,false,Secundaria completa,Hombre,ICA,Costa,Gravedad,Venta,Acopiador,Gravedad
true,3,11.8,98.91,33,69,false,false,true,true,false,false,false,Primaria incompleta,Hombre,ICA,Costa,Gravedad,Venta,Acopiador,Gravedad
true,3,18.49,99.75,20,55,false,false,true,false,false,false,false,Secundaria incompleta,Hombre,ICA,Costa,Gravedad,Venta,Acopiador,Gravedad
true,1,34.5,98.98,39,70,false,true,true,false,false,false,true,Primaria incompleta,Hombre,JUNIN,Selva,Secano,Venta,Acopiador,Secano
true,1,10,90.25,12,34,false,false,true,false,false,false,false,Secundaria completa,Hombre,JUNIN,Selva,Secano,Venta,Comerciante mayorista,Secano
true,1,16,99.68,11,31,false,false,true,false,false,false,false,Secundaria completa,Mujer,JUNIN,Selva,Secano,Venta,Acopiador,Secano
false,1,3.3,97.37,50,67,false,false,false,false,false,false,false,Primaria completa,Hombre,JUNIN,Selva,Secano,Venta,Acopiador,Secano
true,3,1.25,15.04,33,53,false,true,true,false,false,false,false,Secundaria completa,Hombre,JUNIN,Sierra,Mangas,Autoconsumo,Comerciante mayorista,Mangas
true,1,1.15,99.31,20,56,false,false,true,false,false,false,false,Secundaria incompleta,Hombre,LA LIBERTAD,Costa,Secano,Venta,Acopiador,Secano
true,1,0.39,4.96,33,55,false,false,false,false,false,false,false,Secundaria completa,Mujer,LAMBAYEQUE,Costa,Gravedad,Autoconsumo,Comerciante minorista,Gravedad
true,2,2.41,97.62,5,26,false,false,true,false,false,false,false,Superior no universitaria completa,Hombre,LAMBAYEQUE,Costa,Otro,Venta,Empresa/Agroindustria,Otro
true,2,4.5,100,6,34,false,false,true,true,false,false,false,Secundaria completa,Hombre,LIMA,Costa,Gravedad,Venta,Comerciante mayorista,Gravedad
true,4,1.02,95.02,26,47,false,false,true,false,false,false,false,Secundaria completa,Mujer,LIMA,Costa,Gravedad,Venta,Comerciante mayorista,Gravedad
true,1,4,99.45,39,65,false,false,true,true,false,false,false,Primaria completa,Hombre,LIMA,Costa,Gravedad,Venta,Comerciante mayorista,Gravedad
true,1,4.5,92.09,13,48,false,false,true,false,false,false,false,Primaria completa,Hombre,LORETO,Selva,Secano,Venta,Comerciante mayorista,Secano
false,1,10.59,98.71,5,38,false,true,true,false,false,false,true,Secundaria incompleta,Hombre,MADRE DE DIOS,Selva,Secano,Venta,Empresa/Agroindustria,Secano
true,1,0.16,100,10,58,false,false,false,false,false,false,false,Superior universitaria completa,Mujer,MOQUEGUA,Costa,Gravedad,Otro,Comerciante minorista,Gravedad
true,7,16.9,99.56,40,60,false,false,true,false,false,false,false,Secundaria completa,Hombre,PASCO,Sierra,Secano,Venta,Acopiador,Secano
true,5,2.45,86.21,30,57,false,false,false,false,false,false,false,Sin nivel,Hombre,PASCO,Sierra,Secano,Venta,Acopiador,Secano
true,4,11,23.08,30,52,false,false,false,false,false,false,false,Primaria completa,Hombre,PIURA,Costa,Gravedad,Autoconsumo,Acopiador,Gravedad
true,3,3.33,100,24,48,false,false,true,false,false,false,false,Secundaria incompleta,Hombre,PIURA,Costa,No especificado,Venta,Comerciante mayorista,No especificado
true,3,10,97.28,18,49,false,true,true,false,false,false,true,Secundaria incompleta,Hombre,PIURA,Costa,Secano,Venta,Comerciante mayorista,Secano
true,1,16,0,23,41,false,true,false,false,false,false,false,Primaria incompleta,Hombre,PIURA,Costa,Secano,Otro,Sin ventas,Secano
true,2,1.5,14.71,30,48,false,false,true,false,false,false,false,Primaria completa,Hombre,PIURA,Costa,Gravedad,Autoconsumo,Acopiador,Gravedad
true,5,14.8,0,10,27,false,false,true,false,false,false,false,Secundaria completa,Mujer,PUNO,Sierra,Gravedad,Otro,Sin ventas,Gravedad
true,11,8.29,0,40,65,false,false,true,false,false,false,true,Secundaria completa,Hombre,PUNO,Sierra,Secano,Autoconsumo,Sin ventas,Secano
true,4,39.05,98.95,31,49,false,false,true,false,false,false,false,Primaria incompleta,Hombre,SAN MARTIN,Selva,Gravedad,Venta,Comerciante mayorista,Gravedad
true,1,9,62.45,36,54,false,false,true,false,false,false,false,Primaria completa,Hombre,SAN MARTIN,Selva,Secano,Venta,Acopiador,Secano
true,1,16,5.88,24,46,false,false,true,false,false,false,false,Primaria completa,Hombre,SAN MARTIN,Selva,Secano,Autoconsumo,Empresa/Agroindustria,Secano
true,1,14,99.8,50,73,false,false,true,false,false,false,false,Primaria completa,Hombre,TACNA,Costa,Goteo,Venta,Acopiador,Goteo
true,1,2,98.99,15,38,false,true,true,false,false,false,false,Primaria incompleta,Hombre,TACNA,Costa,Goteo,Venta,Acopiador,Goteo
true,3,25.3,99.85,15,53,false,true,true,false,false,false,false,Secundaria completa,Hombre,TACNA,Costa,Goteo,Venta,Acopiador,Goteo
false,1,5,81.82,13,62,false,true,true,false,false,false,false,Secundaria incompleta,Hombre,TACNA,Costa,Goteo,Venta,Acopiador,Goteo
true,1,5.08,0,10,36,false,false,true,true,false,false,false,Secundaria completa,Hombre,TUMBES,Costa,Gravedad,Otro,Sin ventas,Gravedad
true,2,0.33,98.46,3,40,false,false,false,false,false,false,false,Secundaria completa,Hombre,TUMBES,Costa,Gravedad,Venta,Acopiador,Gravedad
true,1,9,100,20,56,false,false,true,true,false,false,false,Primaria completa,Hombre,ANCASH,Costa,Gravedad,Venta,Acopiador,Gravedad
false,1,3.2,97.7,30,50,false,false,true,false,false,false,false,Secundaria incompleta,Hombre,ANCASH,Costa,Gravedad,Venta,Comerciante mayorista,Gravedad
true,9,2.4,0,40,66,false,false,false,false,false,false,false,Primaria incompleta,Hombre,ANCASH,Sierra,Gravedad,Autoconsumo,Sin ventas,Gravedad
true,9,6.23,0,38,60,false,false,false,false,false,false,false,Secundaria incompleta,Hombre,ANCASH,Sierra,Gravedad,Otro,Sin ventas,Gravedad
true,13,5.7,0,18,35,false,true,true,false,false,false,false,Secundaria completa,Mujer,APURIMAC,Sierra,Secano,Autoconsumo,Sin ventas,Secano
true,1,0.65,0,5,37,false,false,false,false,false,false,false,Superior no universitaria completa,Hombre,APURIMAC,Selva,Goteo,Autoconsumo,Sin ventas,Goteo
true,3,3.34,88.71,15,41,false,false,false,false,false,false,false,Secundaria incompleta,Hombre,APURIMAC,Selva,Gravedad,Venta,Acopiador,Gravedad
true,5,2.44,87.12,20,41,false,false,false,false,false,false,false,Secundaria completa,Hombre,APURIMAC,Selva,Goteo,Venta,Comerciante minorista,Goteo
true,1,10,100,8,61,false,false,true,false,false,false,false,Secundaria completa,Hombre,AREQUIPA,Costa,Goteo,Venta,Acopiador,Goteo
true,4,16.6,99.98,23,60,false,true,true,false,false,false,false,Superior universitaria completa,Hombre,AREQUIPA,Sierra,Gravedad,Venta,Consumidor final,Gravedad
true,7,12.71,100,35,61,false,false,true,false,false,false,false,Primaria incompleta,Hombre,AREQUIPA,Costa,Gravedad,Venta,Acopiador,Gravedad
true,5,24.5,100,14,39,false,false,true,false,false,false,false,Superior universitaria completa,Hombre,AREQUIPA,Costa,Gravedad,Venta,Acopiador,Gravedad
true,1,2.1,0,1,45,false,false,true,false,false,false,false,Superior no universitaria completa,Hombre,AREQUIPA,Costa,Gravedad,Otro,Sin ventas,Gravedad
true,1,4.13,0,40,72,false,true,true,false,false,false,false,Superior universitaria completa,Hombre,AREQUIPA,Costa,Gravedad,Otro,Sin ventas,Gravedad
false,2,1.5,100,3,69,false,false,true,false,false,false,false,Superior universitaria completa,Hombre,AREQUIPA,Costa,Gravedad,Venta,Comerciante mayorista,Gravedad
true,3,1.6,95.88,50,75,false,false,true,false,false,false,false,Secundaria completa,Hombre,AREQUIPA,Costa,Gravedad,Venta,Acopiador,Gravedad
true,9,3.14,43.01,30,54,false,false,false,false,false,false,false,Primaria incompleta,Hombre,AYACUCHO,Sierra,Gravedad,Venta,Acopiador,Gravedad
false,2,12.1,96.02,40,59,false,false,true,false,false,false,false,Primaria completa,Hombre,AYACUCHO,Selva,Secano,Venta,Acopiador,Secano
true,5,0.94,100,25,45,false,false,true,false,false,false,true,Secundaria completa,Hombre,AYACUCHO,Sierra,Secano,Venta,Comerciante mayorista,Secano
true,6,5.25,96.81,22,44,false,false,true,false,false,false,true,Secundaria incompleta,Hombre,AYACUCHO,Sierra,Aspersion,Venta,Comerciante mayorista,Aspersion
true,3,26.8,0,10,45,false,false,false,false,false,false,false,Superior universitaria completa,Hombre,AYACUCHO,Sierra,Gravedad,Otro,Sin ventas,Gravedad
true,2,2.08,25,21,39,false,false,false,false,false,false,false,Primaria incompleta,Hombre,CAJAMARCA,Sierra,Secano,Autoconsumo,Comerciante minorista,Secano
true,2,0.53,91.17,10,45,false,true,false,false,false,false,false,Superior no universitaria completa,Hombre,CAJAMARCA,Sierra,Secano,Venta,Comerciante minorista,Secano
true,3,1.75,6.25,15,40,false,false,true,false,false,false,false,Secundaria incompleta,Hombre,CUSCO,Selva,Secano,Autoconsumo,Acopiador,Secano
true,8,0.57,74.41,20,40,false,false,true,false,false,false,false,Primaria completa,Mujer,CUSCO,Sierra,Aspersion,Venta,Acopiador,Aspersion
true,4,0.91,82.18,12,36,false,false,true,false,false,false,false,Secundaria incompleta,Hombre,HUANCAVELICA,Sierra,Secano,Venta,Acopiador,Secano
false,8,6.15,51.88,35,56,false,false,true,false,false,false,false,Primaria completa,Hombre,HUANCAVELICA,Sierra,Secano,Venta,Acopiador,Secano
false,2,30,0,20,56,false,false,false,false,false,false,false,Secundaria incompleta,Mujer,HUANCAVELICA,Sierra,Secano,Otro,Sin ventas,Secano
true,3,8.4,41.18,4,30,false,false,true,false,false,false,false,Secundaria completa,Hombre,HUANUCO,Selva,Secano,Autoconsumo,Acopiador,Secano
true,4,3.9,95.35,20,37,false,false,true,false,false,false,false,Secundaria completa,Hombre,HUANUCO,Sierra,Secano,Venta,Comerciante mayorista,Secano
true,1,2.99,100,30,59,false,false,true,false,false,false,false,Secundaria completa,Mujer,ICA,Costa,No especificado,Venta,Acopiador,No especificado
true,1,4.2,0,20,47,false,false,true,false,false,false,false,Superior universitaria completa,Hombre,ICA,Costa,Gravedad,Otro,Sin ventas,Gravedad
true,4,7,100,20,41,false,false,true,true,false,false,false,Superior universitaria completa,Hombre,ICA,Costa,Goteo,Venta,Acopiador,Goteo
true,3,46,99.88,9,29,false,false,true,false,false,false,false,Secundaria completa,Hombre,JUNIN,Selva,Secano,Venta,Acopiador,Secano
true,6,1.85,87.79,20,38,false,false,false,false,false,false,false,Secundaria incompleta,Hombre,JUNIN,Sierra,Aspersion,Venta,Comerciante mayorista,Aspersion
true,1,2,98.45,17,61,false,true,true,false,false,false,false,Primaria incompleta,Hombre,JUNIN,Selva,Secano,Venta,Asociación/Cooperativa,Secano
true,6,38.5,99.74,32,54,false,false,true,false,false,false,false,Secundaria incompleta,Hombre,LAMBAYEQUE,Costa,Otro,Venta,Comerciante mayorista,Otro
true,1,5.5,94.31,3,54,false,false,true,false,false,false,false,Superior no universitaria completa,Hombre,LAMBAYEQUE,Costa,Gravedad,Venta,Acopiador,Gravedad
true,1,4.5,96.72,40,73,false,false,true,false,false,false,false,Superior no universitaria incompleta,Hombre,LAMBAYEQUE,Costa,Gravedad,Venta,Acopiador,Gravedad
true,1,3.38,100,33,50,false,false,true,false,false,false,false,Secundaria incompleta,Hombre,LAMBAYEQUE,Costa,No especificado,Venta,Consumidor final,No especificado
true,5,10.5,0,14,39,false,false,false,false,false,false,false,Secundaria completa,Hombre,LIMA,Sierra,Gravedad,Otro,Sin ventas,Gravedad
true,3,17.2,87.82,20,56,false,false,false,false,false,false,false,Secundaria completa,Hombre,LIMA,Costa,Gravedad,Venta,Comerciante mayorista,Gravedad
true,1,4.6,100,33,68,false,false,true,false,false,false,false,Superior no universitaria completa,Mujer,LIMA,Costa,No especificado,Venta,Comerciante mayorista,No especificado
true,2,2.5,100,9,42,false,false,false,false,false,false,false,Superior no universitaria completa,Hombre,LIMA,Costa,Goteo,Venta,Comerciante mayorista,Goteo
true,1,30,100,10,37,false,false,true,false,false,false,false,Secundaria completa,Mujer,MADRE DE DIOS,Selva,Secano,Venta,Acopiador,Secano
true,2,100,0,33,50,false,true,false,false,false,false,false,Superior universitaria completa,Hombre,MADRE DE DIOS,Selva,Secano,Otro,Sin ventas,Secano
true,2,34,99.26,25,48,false,true,false,false,false,false,false,Primaria completa,Hombre,MADRE DE DIOS,Selva,Secano,Venta,Consumidor final,Secano
true,11,19.68,89.37,40,68,false,false,false,false,false,false,false,Secundaria incompleta,Hombre,MOQUEGUA,Sierra,Gravedad,Venta,Acopiador,Gravedad
false,3,119.5,0,25,42,false,false,false,false,false,false,true,Secundaria completa,Hombre,PASCO,Sierra,Secano,Otro,Sin ventas,Secano
true,2,1.05,0,3,27,false,false,false,false,false,false,false,Superior no universitaria completa,Hombre,PASCO,Selva,Secano,Otro,Sin ventas,Secano
true,2,6.5,92.4,30,65,false,false,true,false,false,false,false,Secundaria completa,Hombre,PIURA,Costa,Gravedad,Venta,Comerciante mayorista,Gravedad
true,1,5,75,3,37,false,false,false,false,false,false,false,Primaria completa,Hombre,PIURA,Costa,Secano,Venta,Comerciante minorista,Secano
true,3,14,100,10,52,false,false,true,true,false,false,false,Secundaria completa,Hombre,PIURA,Costa,Gravedad,Venta,Comerciante mayorista,Gravedad
true,2,2.75,95.45,33,66,false,false,true,false,false,false,false,Primaria completa,Hombre,PIURA,Costa,No especificado,Venta,Comerciante mayorista,No especificado
true,4,6.5,100,20,46,false,true,true,false,false,false,false,Secundaria incompleta,Hombre,PIURA,Selva,Secano,Venta,Asociación/Cooperativa,Secano
false,2,3.5,75.44,10,31,false,false,false,false,false,false,false,Primaria completa,Hombre,PIURA,Sierra,Gravedad,Venta,Comerciante minorista,Gravedad
true,3,13.78,0,22,36,false,false,true,false,false,false,false,Secundaria completa,Hombre,PUNO,Sierra,Secano,Otro,Sin ventas,Secano
true,3,6.6,0,20,41,false,true,true,false,false,false,true,Primaria completa,Mujer,PUNO,Sierra,Gravedad,Autoconsumo,Sin ventas,Gravedad
true,3,20,0,33,53,false,false,true,false,false,false,false,Secundaria completa,Hombre,PUNO,Sierra,Secano,Autoconsumo,Sin ventas,Secano
true,16,1.01,0,20,46,false,false,true,false,false,false,false,Superior no universitaria completa,Hombre,PUNO,Sierra,Secano,Otro,Sin ventas,Secano
true,14,4.51,0,9,32,false,true,true,false,false,false,false,Secundaria completa,Hombre,PUNO,Sierra,Secano,Autoconsumo,Sin ventas,Secano
true,2,440,0,22,62,false,false,true,false,false,false,false,Primaria completa,Hombre,PUNO,Sierra,Secano,Otro,Sin ventas,Secano
true,1,3.5,62.65,17,43,false,true,true,false,false,false,false,Primaria completa,Hombre,SAN MARTIN,Selva,Secano,Venta,Acopiador,Secano
true,2,5.15,77.92,8,43,false,false,true,false,false,false,false,Secundaria incompleta,Hombre,SAN MARTIN,Selva,Secano,Venta,Acopiador,Secano
false,4,35.25,100,34,52,false,true,true,false,false,false,false,Primaria completa,Hombre,SAN MARTIN,Selva,Secano,Venta,Acopiador,Secano
true,1,5.4,100,30,63,false,false,true,false,false,false,false,Primaria completa,Hombre,SAN MARTIN,Selva,Secano,Venta,Comerciante mayorista,Secano
true,2,7.5,100,5,54,false,false,true,true,false,false,true,Primaria incompleta,Mujer,SAN MARTIN,Selva,Secano,Venta,Comerciante mayorista,Secano
true,1,1.8,100,25,55,false,true,true,false,false,false,false,Secundaria incompleta,Hombre,TACNA,Costa,Goteo,Venta,Acopiador,Goteo
true,1,5,100,15,55,false,false,true,true,false,false,false,Primaria completa,Hombre,TUMBES,Costa,Gravedad,Venta,Acopiador,Gravedad
true,2,32,0,6,45,false,false,true,false,false,false,false,Secundaria completa,Hombre,TUMBES,Costa,No especificado,Otro,Sin ventas,No especificado
true,1,0.75,100,15,50,false,true,true,false,false,false,false,Superior no universitaria completa,Hombre,TUMBES,Costa,Gravedad,Venta,Acopiador,Gravedad
true,2,7,100,15,38,false,false,true,true,false,false,false,Secundaria completa,Hombre,TUMBES,Costa,Gravedad,Venta,Acopiador,Gravedad
true,1,11,81.44,20,57,false,false,true,false,false,false,false,Superior universitaria completa,Hombre,UCAYALI,Selva,Secano,Venta,Comerciante mayorista,Secano
false,1,7.5,97.7,5,45,false,false,true,false,false,false,false,Secundaria completa,Hombre,UCAYALI,Selva,Secano,Venta,Comerciante mayorista,Secano
true,3,15,100,20,46,false,false,true,true,false,false,false,Superior no universitaria completa,Hombre,AMAZONAS,Selva,Gravedad,Venta,Acopiador,Gravedad
true,2,5,0,20,55,false,false,false,false,false,false,false,Superior no universitaria completa,Hombre,AMAZONAS,Selva,Secano,Otro,Sin ventas,Secano
true,3,4.25,91.76,43,61,false,false,false,false,false,false,false,Primaria completa,Hombre,AMAZONAS,Sierra,Secano,Venta,Comerciante mayorista,Secano
true,3,30,70.18,45,64,false,false,true,false,false,false,false,Primaria completa,Hombre,AMAZONAS,Sierra,Secano,Venta,Consumidor final,Secano
true,5,16.33,0,25,47,false,false,false,false,false,false,false,Secundaria completa,Hombre,ANCASH,Sierra,Gravedad,Autoconsumo,Sin ventas,Gravedad
true,4,8.2,100,55,77,false,false,true,false,false,false,false,Primaria incompleta,Hombre,ANCASH,Costa,Gravedad,Venta,Acopiador,Gravedad
true,9,10.6,0,23,43,false,false,false,false,false,false,false,Secundaria completa,Hombre,ANCASH,Sierra,Aspersion,Otro,Sin ventas,Aspersion
true,5,5.64,0,31,50,false,false,true,false,false,false,false,Secundaria completa,Hombre,ANCASH,Sierra,Gravedad,Autoconsumo,Sin ventas,Gravedad
true,6,11.5,99.96,7,32,false,true,true,false,false,true,false,Secundaria completa,Hombre,APURIMAC,Sierra,No especificado,Venta,Acopiador,No especificado
true,3,1.6,0,2,24,false,false,false,false,false,false,false,Secundaria completa,Mujer,APURIMAC,Sierra,Secano,Autoconsumo,Sin ventas,Secano
true,3,6.5,83.33,10,37,false,false,true,false,false,false,false,Primaria completa,Hombre,APURIMAC,Sierra,Secano,Venta,Comerciante minorista,Secano
true,10,3.14,81.94,20,42,false,true,true,false,false,false,true,Secundaria completa,Hombre,APURIMAC,Sierra,Aspersion,Venta,Comerciante mayorista,Aspersion
true,19,2.1,29.82,20,40,false,false,false,false,false,false,false,Secundaria completa,Hombre,APURIMAC,Sierra,Aspersion,Autoconsumo,Consumidor final,Aspersion
true,5,4.1,97.86,48,71,false,false,false,false,false,false,false,Primaria incompleta,Hombre,APURIMAC,Sierra,Gravedad,Venta,Acopiador,Gravedad
true,1,10,99.13,16,56,false,false,true,false,false,false,false,Primaria completa,Mujer,AREQUIPA,Costa,Gravedad,Venta,Acopiador,Gravedad
true,5,2.41,87.5,33,53,false,false,true,false,false,false,false,Primaria incompleta,Hombre,AREQUIPA,Sierra,No especificado,Venta,Comerciante minorista,No especificado
true,4,6.57,88.02,45,67,false,false,true,false,false,false,false,Primaria incompleta,Mujer,AREQUIPA,Sierra,Gravedad,Venta,Acopiador,Gravedad
true,2,7.5,100,24,41,false,false,false,false,false,false,false,Secundaria completa,Hombre,AREQUIPA,Costa,Goteo,Venta,Acopiador,Goteo
true,1,5.5,99.73,2,43,false,false,true,false,false,false,false,Superior universitaria incompleta,Mujer,AREQUIPA,Costa,Goteo,Venta,Comerciante mayorista,Goteo
true,2,21,0,47,71,false,false,true,false,false,false,false,Superior no universitaria completa,Hombre,AREQUIPA,Costa,Gravedad,Otro,Sin ventas,Gravedad
true,4,20.5,100,43,62,false,true,true,false,false,false,false,Primaria incompleta,Hombre,AYACUCHO,Selva,Secano,Venta,Acopiador,Secano
true,7,5.13,85,16,34,false,false,true,false,false,false,false,Secundaria incompleta,Hombre,AYACUCHO,Sierra,Gravedad,Venta,Acopiador,Gravedad
true,3,6,100,3,40,false,false,true,false,false,false,false,Secundaria completa,Hombre,AYACUCHO,Sierra,Secano,Venta,Comerciante mayorista,Secano
true,2,4.7,91.25,34,56,false,false,true,false,false,true,false,Primaria incompleta,Hombre,AYACUCHO,Sierra,Aspersion,Venta,Comerciante mayorista,Aspersion
true,4,6.25,85.55,10,28,false,false,true,false,false,true,false,Secundaria completa,Hombre,AYACUCHO,Sierra,Aspersion,Venta,Acopiador,Aspersion
true,5,8.1,99.4,35,56,false,false,true,false,false,true,false,Primaria incompleta,Hombre,AYACUCHO,Sierra,No especificado,Venta,Comerciante mayorista,No especificado
true,2,23.5,0,30,50,false,false,true,false,false,false,false,Secundaria completa,Hombre,AYACUCHO,Sierra,Gravedad,Autoconsumo,Sin ventas,Gravedad
true,5,4.44,93.58,7,42,false,false,true,false,false,true,false,Secundaria incompleta,Mujer,AYACUCHO,Sierra,Aspersion,Venta,Acopiador,Aspersion
true,7,9.2,94.76,28,46,false,false,true,false,false,false,false,Secundaria completa,Hombre,AYACUCHO,Sierra,Secano,Venta,Comerciante mayorista,Secano
true,5,1,4.58,40,63,false,false,true,false,false,false,false,Primaria completa,Mujer,AYACUCHO,Sierra,No especificado,Autoconsumo,Comerciante mayorista,No especificado
false,2,9,100,7,34,false,false,true,false,false,false,false,Secundaria completa,Hombre,CAJAMARCA,Selva,Secano,Venta,Comerciante mayorista,Secano
true,1,10,0,24,42,false,false,true,false,false,false,false,Secundaria completa,Hombre,CAJAMARCA,Selva,Gravedad,Otro,Sin ventas,Gravedad
true,3,20,63.84,10,45,false,true,true,false,false,false,false,Primaria incompleta,Hombre,CAJAMARCA,Selva,Secano,Venta,Empresa/Agroindustria,Secano
true,1,2,0,20,34,false,false,false,false,false,false,false,Primaria completa,Hombre,CAJAMARCA,Sierra,Secano,Otro,Sin ventas,Secano
true,6,20.5,99.83,17,38,false,false,false,false,false,false,false,Secundaria incompleta,Mujer,CAJAMARCA,Sierra,Gravedad,Venta,Consumidor final,Gravedad
true,1,3,41.67,8,28,false,false,false,false,false,false,false,Secundaria completa,Hombre,CAJAMARCA,Sierra,Secano,Autoconsumo,Comerciante minorista,Secano
true,10,4.04,60,38,54,false,false,true,false,false,false,false,Secundaria incompleta,Mujer,CUSCO,Sierra,Gravedad,Venta,Acopiador,Gravedad
true,16,2.76,24.32,26,47,false,false,true,false,false,false,false,Primaria completa,Hombre,CUSCO,Sierra,Aspersion,Autoconsumo,Consumidor final,Aspersion
true,5,1.81,95.52,8,33,false,true,false,false,false,false,true,Secundaria completa,Hombre,HUANCAVELICA,Sierra,Goteo,Venta,Acopiador,Goteo
true,3,23.5,100,43,63,false,true,false,false,false,false,false,Secundaria completa,Hombre,HUANUCO,Selva,Secano,Venta,Acopiador,Secano
true,2,145,98.48,40,59,false,false,true,false,false,false,false,Secundaria completa,Hombre,HUANUCO,Selva,Secano,Venta,Acopiador,Secano
true,2,88.7,59.94,29,48,false,false,true,false,false,false,false,Secundaria incompleta,Hombre,HUANUCO,Sierra,Secano,Venta,Comerciante mayorista,Secano
false,3,0.46,99.34,27,51,false,false,true,false,false,false,false,Secundaria incompleta,Hombre,HUANUCO,Selva,Gravedad,Venta,Comerciante mayorista,Gravedad
true,3,4.75,99.46,39,57,false,false,true,false,false,false,false,Primaria completa,Hombre,HUANUCO,Sierra,Secano,Venta,Comerciante minorista,Secano
true,4,1.68,99.98,20,45,false,false,true,false,false,false,false,Primaria completa,Mujer,JUNIN,Sierra,Gravedad,Venta,Comerciante mayorista,Gravedad
true,3,5,16.24,15,39,false,false,true,false,false,false,false,Secundaria completa,Hombre,JUNIN,Selva,Secano,Autoconsumo,Asociación/Cooperativa,Secano
true,6,1.8,96.55,38,58,false,false,true,false,false,false,false,Secundaria incompleta,Hombre,JUNIN,Sierra,MicroAspersion,Venta,Comerciante mayorista,MicroAspersion
true,6,1.46,90.58,43,62,false,false,true,false,false,false,false,Primaria incompleta,Mujer,JUNIN,Sierra,Aspersion,Venta,Acopiador,Aspersion
true,7,1.46,98.82,25,46,false,false,true,false,false,false,false,Secundaria incompleta,Hombre,JUNIN,Sierra,Gravedad,Venta,Comerciante mayorista,Gravedad
true,4,7.39,97.47,30,41,false,false,true,false,false,false,false,Superior no universitaria completa,Hombre,JUNIN,Sierra,Gravedad,Venta,Consumidor final,Gravedad
true,2,1,100,20,44,false,false,true,false,false,false,false,Secundaria completa,Hombre,LA LIBERTAD,Costa,Gravedad,Venta,Acopiador,Gravedad
true,3,112,93.9,37,56,false,false,true,false,false,false,false,Primaria completa,Hombre,LAMBAYEQUE,Costa,Gravedad,Venta,Comerciante mayorista,Gravedad
true,1,3.25,3.2,15,63,false,false,true,false,false,false,false,Superior universitaria completa,Hombre,LAMBAYEQUE,Costa,Gravedad,Autoconsumo,Comerciante minorista,Gravedad
true,2,2.25,47.37,20,57,false,false,true,false,false,false,false,Primaria incompleta,Mujer,LAMBAYEQUE,Costa,Gravedad,Autoconsumo,Comerciante mayorista,Gravedad
true,5,9.95,98.54,47,66,false,false,true,false,false,false,false,Primaria incompleta,Hombre,LAMBAYEQUE,Costa,Gravedad,Venta,Comerciante mayorista,Gravedad
true,2,2.95,95.66,43,73,false,false,true,false,false,false,false,Primaria incompleta,Hombre,LAMBAYEQUE,Costa,Gravedad,Venta,Comerciante mayorista,Gravedad
true,1,4.14,25,45,64,false,false,false,false,false,false,false,Secundaria incompleta,Hombre,LAMBAYEQUE,Costa,Gravedad,Autoconsumo,Comerciante mayorista,Gravedad
true,1,6.1,99.34,10,53,false,false,true,false,false,false,false,Superior no universitaria completa,Hombre,LAMBAYEQUE,Costa,Gravedad,Venta,Comerciante mayorista,Gravedad
true,1,5,100,37,72,false,false,true,false,false,false,false,Primaria incompleta,Hombre,LAMBAYEQUE,Costa,No especificado,Venta,Empresa/Agroindustria,No especificado
true,2,3.45,92.04,38,80,false,false,true,false,false,false,false,Primaria incompleta,Hombre,LIMA,Costa,Gravedad,Venta,Empresa/Agroindustria,Gravedad
true,3,19,97.96,29,52,false,false,true,false,false,false,false,Primaria incompleta,Mujer,LORETO,Selva,Secano,Venta,Comerciante minorista,Secano
true,2,24,96.13,20,47,false,false,false,false,false,false,false,Secundaria completa,Mujer,MADRE DE DIOS,Selva,Secano,Venta,Acopiador,Secano
true,1,118.46,0,2,37,false,false,false,false,false,false,false,Superior no universitaria completa,Hombre,MADRE DE DIOS,Selva,Secano,Autoconsumo,Sin ventas,Secano
true,5,19.5,84.01,35,50,false,false,false,false,false,false,false,Superior no universitaria incompleta,Mujer,MOQUEGUA,Sierra,Gravedad,Venta,Comerciante minorista,Gravedad
true,1,5.8,93.29,30,58,false,false,true,false,false,false,false,Secundaria incompleta,Hombre,MOQUEGUA,Costa,Goteo,Venta,Acopiador,Goteo
true,2,2.75,98.88,40,68,false,false,true,true,false,false,false,Primaria completa,Hombre,PIURA,Costa,Gravedad,Venta,Acopiador,Gravedad
true,5,18.8,0,27,47,false,true,true,false,false,false,false,Secundaria completa,Hombre,PUNO,Sierra,Gravedad,Autoconsumo,Sin ventas,Gravedad
true,2,15.8,0,10,57,false,false,true,false,false,false,false,Sin nivel,Hombre,PUNO,Sierra,Secano,Otro,Sin ventas,Secano
true,4,13.6,0,30,58,false,true,true,false,false,false,false,Secundaria completa,Hombre,PUNO,Sierra,Gravedad,Autoconsumo,Sin ventas,Gravedad
true,1,60,100,20,45,false,true,true,false,false,false,false,Secundaria completa,Hombre,SAN MARTIN,Selva,Secano,Venta,Acopiador,Secano
true,1,10.5,100,38,58,false,true,true,false,false,false,false,Secundaria incompleta,Hombre,SAN MARTIN,Selva,Secano,Venta,Acopiador,Secano
true,3,81,100,8,41,false,false,true,true,false,false,false,Secundaria completa,Hombre,SAN MARTIN,Selva,Gravedad,Venta,Comerciante mayorista,Gravedad
true,4,1,97.89,35,42,false,false,false,false,false,false,false,Secundaria completa,Mujer,TACNA,Sierra,Gravedad,Venta,Acopiador,Gravedad
true,3,6.82,98.63,20,54,false,false,true,false,false,false,true,Secundaria completa,Mujer,TACNA,Costa,Goteo,Venta,Acopiador,Goteo
true,1,5,96.8,15,49,false,true,false,false,false,false,false,Secundaria incompleta,Hombre,TACNA,Costa,Goteo,Venta,Acopiador,Goteo
true,2,5.3,100,23,49,false,false,true,false,false,false,false,Superior universitaria completa,Hombre,TACNA,Costa,Gravedad,Venta,Comerciante mayorista,Gravedad
true,1,2,98.33,30,70,false,false,true,false,false,false,false,Primaria completa,Hombre,TACNA,Costa,Goteo,Venta,Comerciante minorista,Goteo
true,3,4.6,92.77,25,53,false,true,true,false,false,true,true,Superior no universitaria completa,Mujer,TACNA,Costa,Goteo,Venta,Comerciante mayorista,Goteo
true,1,3,99.77,27,48,false,false,true,false,false,false,false,Secundaria incompleta,Mujer,TACNA,Costa,Goteo,Venta,Comerciante mayorista,Goteo
true,2,1.1,99.71,53,71,false,true,true,false,false,false,false,Primaria incompleta,Hombre,TUMBES,Costa,Gravedad,Venta,Acopiador,Gravedad
true,1,3.7,100,2,32,false,false,true,false,false,false,false,Secundaria completa,Hombre,TUMBES,Costa,Gravedad,Venta,Acopiador,Gravedad
true,1,12.3,100,10,34,false,false,true,false,false,false,false,Secundaria incompleta,Hombre,TUMBES,Costa,Gravedad,Venta,Acopiador,Gravedad
true,2,2.35,99.33,20,42,false,false,true,false,false,false,false,Primaria completa,Hombre,TUMBES,Costa,Gravedad,Venta,Acopiador,Gravedad
true,4,7.89,58.27,35,67,false,false,false,false,false,false,false,Primaria incompleta,Hombre,UCAYALI,Selva,Secano,Venta,Acopiador,Secano
true,2,35,100,10,53,false,true,true,false,false,false,false,Superior no universitaria completa,Hombre,UCAYALI,Selva,Secano,Venta,Empresa/Agroindustria,Secano
true,3,105.56,86.06,30,56,false,false,true,false,false,false,false,Superior no universitaria incompleta,Hombre,PASCO,Selva,Secano,Venta,Consumidor final,Secano
true,2,15,100,32,50,false,false,true,true,false,false,false,Secundaria completa,Hombre,AMAZONAS,Selva,Gravedad,Venta,Comerciante mayorista,Gravedad
true,3,2.5,100,22,44,false,false,true,true,false,false,false,Primaria completa,Hombre,AMAZONAS,Selva,Gravedad,Venta,Comerciante mayorista,Gravedad
true,1,26,100,50,70,false,true,false,false,false,false,false,Primaria incompleta,Hombre,AMAZONAS,Selva,Secano,Venta,Acopiador,Secano
true,1,8,0,43,61,false,false,false,false,false,false,false,Primaria completa,Hombre,AMAZONAS,Selva,Secano,Otro,Sin ventas,Secano
true,1,65,14.23,35,58,false,false,true,false,false,false,false,Primaria incompleta,Hombre,AMAZONAS,Selva,Secano,Autoconsumo,Empresa/Agroindustria,Secano
true,1,145,0,17,40,false,false,true,false,false,false,false,Secundaria completa,Hombre,AMAZONAS,Sierra,Secano,Otro,Sin ventas,Secano
false,1,74.5,99.91,10,75,false,false,true,false,true,false,true,Superior universitaria completa,Hombre,ANCASH,Costa,Goteo,Venta,Comerciante mayorista,Goteo
true,2,8,86.61,12,66,false,true,true,false,true,false,false,Primaria completa,Mujer,ANCASH,Costa,Gravedad,Venta,Acopiador,Gravedad
true,3,3.74,99.4,29,49,false,false,true,false,false,false,false,Primaria completa,Hombre,ANCASH,Sierra,Aspersion,Venta,Comerciante minorista,Aspersion
true,1,1,0,20,52,false,false,false,false,false,false,false,Secundaria completa,Mujer,ANCASH,Sierra,Secano,Otro,Sin ventas,Secano
true,2,1.75,0,30,55,false,true,false,false,false,false,false,Primaria completa,Mujer,APURIMAC,Sierra,Gravedad,Otro,Sin ventas,Gravedad
true,6,0.87,95,30,62,false,false,true,false,false,false,false,Primaria incompleta,Hombre,AREQUIPA,Sierra,Gravedad,Venta,Acopiador,Gravedad
false,2,4.4,100,53,76,false,false,false,false,false,false,false,Superior universitaria incompleta,Hombre,AREQUIPA,Sierra,Gravedad,Venta,Consumidor final,Gravedad
true,2,4.95,96.41,10,51,false,true,true,false,false,false,false,Superior no universitaria incompleta,Hombre,AREQUIPA,Sierra,Gravedad,Venta,Comerciante minorista,Gravedad
true,1,0.8,10.42,20,69,false,false,false,false,false,false,false,Primaria completa,Mujer,AREQUIPA,Costa,Gravedad,Autoconsumo,Consumidor final,Gravedad
true,1,7.6,0,18,49,false,false,false,false,false,false,false,Secundaria completa,Hombre,AREQUIPA,Costa,Gravedad,Otro,Sin ventas,Gravedad
false,1,0.19,0,33,75,false,false,true,false,false,false,false,Primaria completa,Hombre,AREQUIPA,Sierra,No especificado,Otro,Sin ventas,No especificado
true,13,13.65,77.91,25,44,false,false,true,false,false,false,false,Superior no universitaria incompleta,Hombre,AYACUCHO,Sierra,Aspersion,Venta,Acopiador,Aspersion
true,5,12.4,93.33,30,47,false,false,true,false,false,true,false,Primaria incompleta,Hombre,AYACUCHO,Sierra,No especificado,Venta,Comerciante mayorista,No especificado
false,4,12.5,100,23,66,false,false,true,false,false,false,false,Superior universitaria completa,Mujer,AYACUCHO,Sierra,Aspersion,Venta,Comerciante mayorista,Aspersion
true,4,13.37,78.49,11,33,false,false,true,false,false,true,false,Secundaria completa,Hombre,AYACUCHO,Sierra,Aspersion,Venta,Acopiador,Aspersion
true,7,22.56,0,8,55,false,false,false,false,false,false,false,Superior universitaria incompleta,Hombre,AYACUCHO,Sierra,Gravedad,Otro,Sin ventas,Gravedad
true,1,4,100,10,46,false,false,true,false,false,false,false,Secundaria incompleta,Hombre,CAJAMARCA,Selva,Gravedad,Venta,Acopiador,Gravedad
true,3,19,0,23,37,false,false,true,false,false,false,false,Secundaria completa,Hombre,CAJAMARCA,Sierra,Secano,Autoconsumo,Sin ventas,Secano
true,6,11.8,18.99,30,56,false,false,false,false,false,false,false,Primaria completa,Hombre,CAJAMARCA,Sierra,Aspersion,Autoconsumo,Consumidor final,Aspersion
true,2,2.8,0,20,46,false,false,true,false,false,false,false,Secundaria completa,Hombre,CAJAMARCA,Sierra,Secano,Autoconsumo,Sin ventas,Secano
true,4,4,77.76,21,45,false,false,false,false,false,false,false,Secundaria completa,Hombre,CAJAMARCA,Costa,Gravedad,Venta,Acopiador,Gravedad
true,8,2.69,94.6,22,41,false,false,true,false,false,false,false,Primaria completa,Hombre,CUSCO,Sierra,Gravedad,Venta,Acopiador,Gravedad
true,2,43.5,97.35,14,34,false,false,false,false,false,false,false,Superior universitaria completa,Hombre,CUSCO,Sierra,Aspersion,Venta,Consumidor final,Aspersion
true,3,21.7,99.8,43,58,false,true,true,false,false,false,true,Primaria incompleta,Hombre,HUANUCO,Selva,Secano,Venta,Asociación/Cooperativa,Secano
true,3,8.25,99.89,17,44,false,false,true,false,false,false,false,Superior no universitaria completa,Mujer,ICA,Costa,Gravedad,Venta,Acopiador,Gravedad
true,2,7.73,100,20,51,false,false,true,false,false,false,false,Superior no universitaria completa,Hombre,ICA,Costa,Gravedad,Venta,Acopiador,Gravedad
true,1,4,91.71,13,55,false,false,true,false,false,false,false,Secundaria completa,Hombre,ICA,Costa,Gravedad,Venta,Acopiador,Gravedad
true,4,7.93,99.15,40,62,false,false,true,false,false,false,false,Superior no universitaria completa,Hombre,JUNIN,Sierra,Gravedad,Venta,Comerciante minorista,Gravedad
true,10,0.91,82.35,26,46,false,false,true,false,false,false,false,Secundaria completa,Hombre,JUNIN,Sierra,Aspersion,Venta,Comerciante minorista,Aspersion
true,7,1.25,99.9,10,55,false,false,true,false,false,false,false,Secundaria completa,Mujer,JUNIN,Sierra,Gravedad,Venta,Comerciante mayorista,Gravedad
false,3,4.8,0,17,35,false,false,true,false,false,false,false,Primaria incompleta,Hombre,LA LIBERTAD,Costa,Gravedad,Otro,Sin ventas,Gravedad
true,2,5.5,89.47,53,73,false,false,true,false,false,false,false,Primaria incompleta,Hombre,LAMBAYEQUE,Costa,Gravedad,Venta,Comerciante mayorista,Gravedad
true,2,20.75,0,45,75,false,false,true,false,false,false,false,Primaria completa,Hombre,LAMBAYEQUE,Costa,Gravedad,Autoconsumo,Sin ventas,Gravedad
true,1,1.5,66.67,15,58,false,false,true,false,false,false,false,Secundaria incompleta,Mujer,LAMBAYEQUE,Costa,Gravedad,Venta,Comerciante minorista,Gravedad
true,2,17,96.77,54,72,false,false,true,false,false,false,true,Secundaria completa,Hombre,LIMA,Costa,Goteo,Venta,Acopiador,Goteo
true,4,14,100,40,61,false,false,true,false,false,false,false,Primaria completa,Hombre,LIMA,Costa,Gravedad,Venta,Comerciante mayorista,Gravedad
true,3,2.1,98.46,33,49,false,false,true,false,false,false,false,Secundaria completa,Hombre,LIMA,Costa,Gravedad,Venta,Comerciante mayorista,Gravedad
false,1,25,12.66,48,66,false,false,false,false,false,false,false,Primaria incompleta,Hombre,LORETO,Selva,Secano,Autoconsumo,Comerciante minorista,Secano
true,1,72,0,25,71,false,false,false,false,false,false,false,Primaria incompleta,Hombre,PASCO,Selva,Secano,Otro,Sin ventas,Secano
true,2,0.53,100,15,32,false,false,false,false,false,false,false,Primaria completa,Hombre,PASCO,Sierra,Aspersion,Venta,Consumidor final,Aspersion
true,1,30.19,97,20,35,false,false,false,false,false,false,false,Secundaria completa,Hombre,PASCO,Selva,Secano,Venta,Comerciante minorista,Secano
true,3,40,100,40,70,false,false,true,false,false,false,false,Primaria incompleta,Mujer,PASCO,Selva,Secano,Venta,Asociación/Cooperativa,Secano
false,1,6.5,87.27,20,82,false,false,false,false,false,false,false,Sin nivel,Mujer,PIURA,Costa,No especificado,Venta,Comerciante minorista,No especificado
true,3,1.95,94.93,2,65,false,false,true,false,false,false,false,Primaria incompleta,Mujer,PIURA,Costa,No especificado,Venta,Acopiador,No especificado
true,2,8.85,72.41,22,47,false,false,true,false,false,false,false,Secundaria incompleta,Hombre,PUNO,Sierra,Otro,Venta,Consumidor final,Otro
true,3,27.4,50,20,46,false,false,true,false,false,false,false,Secundaria completa,Mujer,PUNO,Sierra,Secano,Venta,Comerciante minorista,Secano
true,7,6.01,0,9,33,false,true,true,false,false,false,false,Secundaria completa,Hombre,PUNO,Sierra,Secano,Autoconsumo,Sin ventas,Secano
true,4,8,100,10,42,false,false,true,false,false,false,false,Secundaria completa,Hombre,PUNO,Sierra,Secano,Venta,Consumidor final,Secano
true,3,2.5,0,12,29,false,false,true,false,false,false,false,Secundaria incompleta,Mujer,PUNO,Sierra,Secano,Otro,Sin ventas,Secano
true,1,5.5,96.39,22,40,false,false,true,false,false,false,false,Primaria completa,Hombre,SAN MARTIN,Selva,Gravedad,Venta,Acopiador,Gravedad
true,2,19.5,100,24,54,false,false,true,false,false,false,false,Secundaria completa,Hombre,SAN MARTIN,Selva,Secano,Venta,Acopiador,Secano
true,3,5.25,4.21,36,58,false,false,true,false,false,false,false,Primaria incompleta,Hombre,SAN MARTIN,Selva,Secano,Autoconsumo,Comerciante mayorista,Secano
true,1,7.3,100,25,45,false,true,true,false,false,false,false,Primaria completa,Hombre,SAN MARTIN,Selva,Secano,Venta,Acopiador,Secano
true,1,120,91.75,30,59,false,false,true,false,false,false,false,Primaria incompleta,Hombre,SAN MARTIN,Selva,Secano,Venta,Comerciante minorista,Secano
true,1,12,0,2,50,false,false,false,false,false,false,false,Superior universitaria completa,Hombre,SAN MARTIN,Selva,Secano,Otro,Sin ventas,Secano
true,9,0.93,61.54,30,51,false,false,true,false,false,false,false,Primaria completa,Mujer,TACNA,Sierra,Gravedad,Venta,Acopiador,Gravedad
true,1,6,99.96,10,42,false,false,true,false,false,false,false,Superior universitaria completa,Hombre,TUMBES,Costa,Gravedad,Venta,Acopiador,Gravedad
true,1,12.5,100,4,35,false,false,true,false,false,false,true,Superior no universitaria completa,Hombre,TUMBES,Costa,Gravedad,Venta,Acopiador,Gravedad
true,1,1.5,0,40,61,false,true,false,false,false,false,false,Secundaria completa,Hombre,TUMBES,Costa,No especificado,Otro,Sin ventas,No especificado
false,3,8,99.55,12,45,false,false,true,false,false,false,false,Secundaria completa,Hombre,TUMBES,Costa,Aspersion,Venta,Acopiador,Aspersion
false,1,46,97.06,28,54,false,false,false,false,false,false,false,Primaria incompleta,Hombre,UCAYALI,Selva,Secano,Venta,Acopiador,Secano
true,1,4,100,10,40,false,false,true,false,false,false,false,Secundaria incompleta,Mujer,UCAYALI,Selva,Secano,Venta,Acopiador,Secano
true,2,40,0,23,43,false,false,true,false,false,false,false,Secundaria incompleta,Hombre,AMAZONAS,Sierra,Secano,Autoconsumo,Sin ventas,Secano
true,3,9.58,100,23,46,false,false,true,false,false,false,false,Primaria completa,Hombre,ANCASH,Sierra,Aspersion,Venta,Comerciante minorista,Aspersion
true,1,1.73,0,27,42,false,false,false,false,false,false,false,Superior universitaria completa,Hombre,APURIMAC,Sierra,Gravedad,Autoconsumo,Sin ventas,Gravedad
false,2,3.9,100,25,56,false,false,true,false,false,false,false,Secundaria incompleta,Hombre,AREQUIPA,Costa,Gravedad,Venta,Comerciante mayorista,Gravedad
true,7,1.24,0,12,33,false,false,false,false,false,false,false,Secundaria completa,Hombre,AREQUIPA,Sierra,Gravedad,Autoconsumo,Sin ventas,Gravedad
false,2,9.07,77.82,15,38,false,false,true,false,false,false,false,Primaria incompleta,Hombre,AREQUIPA,Sierra,Gravedad,Venta,Acopiador,Gravedad
true,1,1.65,100,8,44,false,true,false,false,false,false,false,Superior universitaria incompleta,Mujer,AREQUIPA,Sierra,Gravedad,Venta,Comerciante mayorista,Gravedad
true,2,1.65,100,15,64,false,false,true,false,false,false,false,Primaria completa,Hombre,AREQUIPA,Costa,Gravedad,Venta,Acopiador,Gravedad
true,6,8.58,100,40,66,false,false,true,true,false,false,false,Primaria completa,Hombre,AREQUIPA,Costa,Gravedad,Venta,Acopiador,Gravedad
true,2,10.27,100,20,56,false,false,true,true,false,false,false,Primaria incompleta,Hombre,AREQUIPA,Costa,Goteo,Venta,Comerciante mayorista,Goteo
true,1,0.2,0,4,36,false,false,false,false,false,false,false,Superior no universitaria completa,Mujer,AREQUIPA,Costa,No especificado,Otro,Sin ventas,No especificado
true,4,7.4,100,40,64,false,false,true,false,false,false,false,Secundaria completa,Hombre,AREQUIPA,Costa,Gravedad,Venta,Acopiador,Gravedad
true,1,0.66,93.65,20,41,false,false,true,false,false,false,false,Superior universitaria incompleta,Hombre,AREQUIPA,Costa,No especificado,Venta,Comerciante minorista,No especificado
true,2,7.5,100,43,61,false,false,true,false,false,false,false,Secundaria completa,Hombre,AREQUIPA,Costa,Gravedad,Venta,Acopiador,Gravedad
true,1,24,99.73,15,43,false,true,true,false,false,false,false,Superior universitaria completa,Hombre,AREQUIPA,Costa,Gravedad,Venta,Acopiador,Gravedad
true,1,0.66,0,9,32,false,false,true,false,false,false,false,Secundaria incompleta,Hombre,AREQUIPA,Costa,Goteo,Otro,Sin ventas,Goteo
true,5,11.5,100,30,49,false,false,true,false,false,false,false,Superior no universitaria completa,Hombre,AYACUCHO,Sierra,Aspersion,Venta,Comerciante mayorista,Aspersion
true,1,21.9,87.3,25,61,false,false,true,false,false,false,false,Secundaria incompleta,Hombre,AYACUCHO,Sierra,Gravedad,Venta,Acopiador,Gravedad
true,6,3.38,0,22,42,false,false,true,false,false,false,false,Primaria incompleta,Hombre,AYACUCHO,Sierra,Gravedad,Autoconsumo,Sin ventas,Gravedad
true,3,5,100,20,40,false,true,true,false,false,false,false,Primaria completa,Hombre,CAJAMARCA,Selva,Secano,Venta,Comerciante minorista,Secano
false,1,5.5,7.41,20,40,false,true,true,false,false,false,false,Primaria completa,Hombre,CAJAMARCA,Selva,Secano,Autoconsumo,Comerciante mayorista,Secano
true,2,4.5,71.43,40,62,false,true,false,false,false,false,false,Sin nivel,Mujer,CAJAMARCA,Sierra,Secano,Venta,Acopiador,Secano
true,2,0.33,38.21,10,30,false,false,true,false,false,false,false,Superior universitaria completa,Mujer,CUSCO,Sierra,Aspersion,Autoconsumo,Acopiador,Aspersion
true,1,5.1,77.78,15,43,false,false,true,false,false,false,false,Superior universitaria completa,Hombre,CUSCO,Sierra,Aspersion,Venta,Acopiador,Aspersion
true,10,1.88,0,25,34,false,true,true,false,false,false,true,Primaria completa,Mujer,CUSCO,Sierra,No especificado,Otro,Sin ventas,No especificado
true,6,11.3,89.02,20,46,false,false,true,false,false,false,false,Secundaria completa,Hombre,HUANCAVELICA,Sierra,Otro,Venta,Comerciante mayorista,Otro
true,1,6.2,99.8,12,32,false,true,true,false,false,false,true,Secundaria incompleta,Hombre,HUANUCO,Selva,Secano,Venta,Consumidor final,Secano
true,2,86.78,99.6,24,38,false,false,true,false,true,false,true,Primaria completa,Hombre,HUANUCO,Selva,Secano,Venta,Empresa/Agroindustria,Secano
false,7,4.38,77.08,35,58,false,false,false,false,false,false,false,Primaria incompleta,Mujer,HUANUCO,Sierra,Otro,Venta,Consumidor final,Otro
true,2,5.5,100,36,64,false,false,true,false,false,false,false,Primaria incompleta,Hombre,ICA,Costa,No especificado,Venta,Acopiador,No especificado
true,1,4,93.33,20,58,false,false,true,false,false,false,true,Superior no universitaria completa,Mujer,ICA,Costa,Goteo,Venta,Acopiador,Goteo
true,3,4.05,100,35,68,false,false,false,false,false,false,false,Superior universitaria completa,Hombre,ICA,Costa,No especificado,Venta,Acopiador,No especificado
true,2,4.17,94.6,42,63,false,false,true,false,false,false,true,Secundaria completa,Hombre,ICA,Costa,Gravedad,Venta,Acopiador,Gravedad
true,2,17.5,54.75,30,64,false,false,true,true,false,false,true,Secundaria completa,Hombre,ICA,Costa,Gravedad,Venta,Acopiador,Gravedad
true,2,18.53,98.72,50,71,false,false,true,false,false,false,false,Secundaria completa,Hombre,ICA,Costa,Gravedad,Venta,Acopiador,Gravedad
true,6,48,99.97,10,39,false,true,true,false,false,false,true,Superior universitaria completa,Hombre,JUNIN,Selva,Gravedad,Venta,Comerciante mayorista,Gravedad
true,1,6,91.1,5,53,false,true,true,false,false,false,false,Secundaria completa,Hombre,JUNIN,Selva,Secano,Venta,Comerciante mayorista,Secano
true,7,2.72,94.15,48,66,false,false,false,false,false,false,false,Primaria incompleta,Mujer,JUNIN,Sierra,Aspersion,Venta,Comerciante mayorista,Aspersion
true,7,4.81,99.46,33,54,false,false,true,false,false,false,false,Primaria completa,Hombre,JUNIN,Sierra,Aspersion,Venta,Acopiador,Aspersion
true,5,4.16,79,20,40,false,false,true,false,false,false,false,Secundaria completa,Hombre,JUNIN,Sierra,Secano,Venta,Acopiador,Secano
true,2,20.7,67.03,30,57,false,false,false,false,false,false,false,Secundaria incompleta,Mujer,JUNIN,Selva,Aspersion,Venta,Acopiador,Aspersion
false,2,0.2,100,10,40,false,false,true,false,false,false,false,Secundaria incompleta,Mujer,JUNIN,Sierra,Secano,Venta,Consumidor final,Secano
true,8,0.81,84.21,38,56,false,false,true,false,false,true,false,Secundaria incompleta,Hombre,JUNIN,Sierra,Secano,Venta,Comerciante mayorista,Secano
true,11,1.57,87.45,18,35,false,false,true,false,false,false,false,Secundaria completa,Hombre,JUNIN,Sierra,Secano,Venta,Comerciante mayorista,Secano
true,3,13.25,97.07,28,48,false,false,true,false,false,false,false,Secundaria incompleta,Hombre,JUNIN,Selva,Secano,Venta,Acopiador,Secano
true,5,56.95,99.74,4,32,false,false,true,true,false,false,false,Superior no universitaria completa,Hombre,LA LIBERTAD,Costa,Gravedad,Venta,Comerciante mayorista,Gravedad
true,2,20,100,40,55,false,false,true,true,false,false,false,Secundaria incompleta,Hombre,LA LIBERTAD,Costa,Gravedad,Venta,Acopiador,Gravedad
true,5,6.07,73.33,20,30,false,false,true,false,false,false,false,Primaria completa,Mujer,LA LIBERTAD,Sierra,Secano,Venta,Acopiador,Secano
true,1,0.02,0,1,45,false,false,false,false,false,false,false,Primaria completa,Hombre,LA LIBERTAD,Costa,Secano,Otro,Sin ventas,Secano
true,2,4,98.28,27,50,false,true,true,false,false,false,true,Primaria incompleta,Hombre,LA LIBERTAD,Costa,Gravedad,Venta,Empresa/Agroindustria,Gravedad
true,2,0.75,100,30,47,false,false,true,false,false,false,true,Primaria completa,Hombre,LAMBAYEQUE,Costa,Gravedad,Venta,Comerciante minorista,Gravedad
true,2,9.6,79.87,47,73,false,true,true,false,false,false,false,Superior no universitaria incompleta,Hombre,LIMA,Costa,Gravedad,Venta,Comerciante mayorista,Gravedad
true,1,1.8,99.76,38,69,false,false,true,false,false,false,false,Secundaria completa,Mujer,LIMA,Costa,Gravedad,Venta,Acopiador,Gravedad
true,3,5.5,99.91,25,51,false,false,true,false,false,false,false,Secundaria completa,Hombre,LIMA,Sierra,Gravedad,Venta,Consumidor final,Gravedad
true,1,1,0,35,56,false,true,true,false,false,false,true,Secundaria completa,Mujer,MOQUEGUA,Costa,Gravedad,Otro,Sin ventas,Gravedad
true,1,39,0,40,61,false,false,true,false,false,false,true,Secundaria completa,Hombre,PASCO,Selva,Secano,Otro,Sin ventas,Secano
true,2,170,100,4,50,false,false,true,false,false,false,false,Secundaria completa,Hombre,PIURA,Costa,No especificado,Venta,Comerciante mayorista,No especificado
true,4,8.5,0,15,35,false,false,false,false,false,false,false,Secundaria completa,Hombre,PIURA,Sierra,Gravedad,Otro,Sin ventas,Gravedad
true,1,1,0,12,48,false,false,true,false,false,false,false,Primaria completa,Hombre,PIURA,Costa,Gravedad,Otro,Sin ventas,Gravedad
true,5,94,0,40,60,false,false,true,false,false,false,false,Superior universitaria completa,Mujer,PUNO,Sierra,Secano,Otro,Sin ventas,Secano
true,9,1.66,0,20,41,false,false,true,false,false,false,false,Secundaria completa,Mujer,PUNO,Sierra,Secano,Autoconsumo,Sin ventas,Secano
true,3,2.15,0,20,41,false,false,true,false,false,false,false,Primaria completa,Mujer,PUNO,Sierra,Secano,Autoconsumo,Sin ventas,Secano
true,4,10.2,46.12,30,51,false,false,true,false,false,false,true,Secundaria completa,Hombre,SAN MARTIN,Selva,Gravedad,Autoconsumo,Acopiador,Gravedad
true,2,5.7,66.73,30,50,false,false,true,false,false,false,false,Secundaria completa,Mujer,SAN MARTIN,Selva,Secano,Venta,Comerciante mayorista,Secano
false,1,76,43.49,42,72,false,false,true,false,false,false,false,Primaria incompleta,Hombre,SAN MARTIN,Selva,Secano,Autoconsumo,Consumidor final,Secano
true,3,120,0,30,59,false,true,false,false,false,false,false,Primaria completa,Hombre,SAN MARTIN,Selva,Secano,Otro,Sin ventas,Secano
true,4,211.15,100,40,55,false,false,true,false,false,false,false,Primaria completa,Hombre,SAN MARTIN,Selva,Gravedad,Venta,Empresa/Agroindustria,Gravedad
true,7,0.86,0,27,57,false,false,true,false,false,false,false,Secundaria completa,Hombre,TACNA,Sierra,Gravedad,Otro,Sin ventas,Gravedad
true,1,2,84.21,18,59,false,true,true,false,false,false,false,Secundaria completa,Mujer,TACNA,Costa,Goteo,Venta,Consumidor final,Goteo
true,1,5,99.5,20,64,false,false,true,false,false,false,false,Primaria incompleta,Mujer,TACNA,Costa,Goteo,Venta,Consumidor final,Goteo
true,1,8.5,100,12,61,false,true,true,false,false,false,false,Secundaria incompleta,Hombre,TUMBES,Costa,Gravedad,Venta,Comerciante mayorista,Gravedad
true,1,0.42,94.59,30,60,false,true,false,false,false,false,false,Primaria completa,Hombre,TUMBES,Costa,Gravedad,Venta,Acopiador,Gravedad
true,2,9,100,10,47,false,false,true,false,false,false,false,Secundaria completa,Hombre,TUMBES,Costa,Secano,Venta,Acopiador,Secano
true,2,1.9,96.68,44,64,false,true,false,false,false,false,false,Secundaria incompleta,Hombre,TUMBES,Costa,Gravedad,Venta,Acopiador,Gravedad
true,1,11,0,8,33,false,true,true,false,false,false,false,Secundaria completa,Hombre,UCAYALI,Selva,Secano,Autoconsumo,Sin ventas,Secano
